{"scores": {"Phylum": {"std": 0.06518850950866457, "mean": 0.6109779887877729, "err": 0.013037701901732915, "scores": [0.6653371028371028, 0.636437122221316, 0.6628875968992248, 0.5386861150884362, 0.5248674495567541, 0.7022189470236633, 0.5397421316025173, 0.6664502164502165, 0.6120942904524994, 0.6931772709083633, 0.6988778417349847, 0.7453506538053011, 0.5926593430288749, 0.534730189505809, 0.5419920221293523, 0.5864431448374964, 0.5473450335670412, 0.5613675526894272, 0.6262626262626263, 0.5732392228293868, 0.5507371716610673, 0.5297680757435835, 0.7007575757575758, 0.6145115897122317, 0.6285094333894701]}, "Class": {"std": 0.07777138862541925, "mean": 0.6092373558985471, "err": 0.01555427772508385, "scores": [0.7142680555279637, 0.6991828519375528, 0.6681565065961991, 0.5867669962826995, 0.7412740227808721, 0.5930550568595793, 0.45387887887887884, 0.49695839074659887, 0.5026455026455027, 0.6680216802168023, 0.6651785437668324, 0.56515971166532, 0.569377184721659, 0.6395257517947199, 0.6322251060849503, 0.6736226933252957, 0.49278606965174127, 0.6229960663339241, 0.6092592092015426, 0.7219755670651816, 0.5269005847953216, 0.6137803886986893, 0.6821486829250804, 0.5446883818816665, 0.547102013079105]}, "Order": {"std": 0.054898136346668916, "mean": 0.653667071489606, "err": 0.010979627269333783, "scores": [0.6015942622621658, 0.687572228121179, 0.7236412883471708, 0.55527571682791, 0.6513876463092269, 0.6354218684977112, 0.7895261303205778, 0.6116127997848427, 0.6496309502278032, 0.7147074028122415, 0.6295834570006804, 0.6618296469938999, 0.7049242424242425, 0.6842650103519669, 0.6263881253435953, 0.6574906393917358, 0.6563961087604552, 0.5908721110928289, 0.6275019162454817, 0.6957289411279514, 0.5697677640256211, 0.5746620358975761, 0.6750628456510809, 0.7368865876659193, 0.6299470617562855]}, "Family": {"std": 0.03895770302009238, "mean": 0.712525868339272, "err": 0.007791540604018476, "scores": [0.710275078809863, 0.6141661645578095, 0.7108312815234759, 0.7313775510204081, 0.6652855031896107, 0.6954667428997521, 0.7176403207331042, 0.6639154829875134, 0.6701092177881534, 0.7155755019808604, 0.6952464700197089, 0.7545465731512243, 0.7248114470006355, 0.7149922131660017, 0.683968169061695, 0.7998231945173558, 0.7338470157383657, 0.726917082193464, 0.729542598078822, 0.6703561675803583, 0.7017303122396426, 0.7277354738155449, 0.7888016402739605, 0.7132782369146006, 0.7529072692398667]}, "Genus": {"std": 0.026706933393621346, "mean": 0.7373771479319606, "err": 0.0053413866787242695, "scores": [0.7385280057264105, 0.7244179009168716, 0.7082907338856571, 0.6993765837184353, 0.7619165478253013, 0.7510052205183549, 0.7516726403823178, 0.7054318747356723, 0.7461960629662493, 0.7497086201910533, 0.7288846638698878, 0.6773427252713438, 0.6952884561580214, 0.7663324150596877, 0.7405814905814906, 0.7267762660619804, 0.7841362218151712, 0.7681473935025953, 0.7174218031072869, 0.7515083679778275, 0.7244729142155065, 0.728887940824969, 0.7515701453623344, 0.7503600823045268, 0.7861736213200649]}, "Species": {"std": 0.025742291854180113, "mean": 0.7894755829027463, "err": 0.005148458370836022, "scores": [0.7710860479551837, 0.8077092243256087, 0.753049443383219, 0.8274206303335884, 0.8070704256271267, 0.7904254852024238, 0.7857707331391541, 0.7779775525770948, 0.7927305059791449, 0.772014066449776, 0.7889416462982997, 0.7757865835810458, 0.8162392383810239, 0.8043177786574013, 0.8152879836194761, 0.7062296151337247, 0.7704844148920199, 0.7805539622855281, 0.8168300394549618, 0.7890140311593113, 0.7862806749673377, 0.7893810540264806, 0.8172067753275808, 0.8252797771070352, 0.7698018827051086]}}, "weight_decay": 0.01, "n_epochs": 100, "hidden_dim": 512, "alpha": 10, "lr": 0.0001, "batch_size": 16, "early_stopping": 0, "n_classes": 3, "input_dim": 9103, "feature_type": "KO", "model_class": "nonlinear", "binary": 0}
