{"scores": {"Phylum": [0.5087580421100013, 0.6838146235736597, 0.3567251461988304], "Class": [0.4982090206390947, 0.6736353077816492, 0.7608185571297038], "Order": [0.8129056300882925, 0.6142877814013098, 0.6422026754627085], "Family": [0.8502534098216401, 0.7141997759041899, 0.833845813592649], "Genus": [0.9179606189383905, 0.9416215894715959, 0.9240470957498316], "Species": [0.9937860937860937, 0.9904761904761905, 1.0]}, "feature_type": ["metadata.number_of_genes", "metadata.oxygen_genes", "metadata.pct_oxygen_genes", "KO", "embedding.genome", "embedding.geneset.oxygen", "metadata", "chemical", "nt_1mer", "nt_2mer", "nt_3mer", "nt_4mer", "nt_5mer", "cds_1mer", "cds_2mer", "cds_3mer", "cds_4mer", "cds_5mer", "aa_1mer", "aa_2mer", "aa_3mer"], "model_class": "meanrel", "binary": 0}