{"scores": {"Phylum": [0.789093409783065, 0.4372991301783871, 0.5148894245485155, 0.42420409023824585, 0.48099001455165835, 0.44301866199348217, 0.7176433004746258, 0.763510101010101, 0.45241472475515027, 0.5682098955260487, 0.3578503877011339, 0.5450533661740559, 0.4531578236021007, 0.4339017911572964, 0.5203700835585953, 0.5974321469202015, 0.5003810711563778, 0.5197127643916158, 0.40143316036570303, 0.5364407088960207, 0.5542484958565104, 0.7159371492704826, 0.4411194343796225, 0.5117135207496654, 0.6206499367435185], "Class": [0.6474692324972829, 0.5263886657683955, 0.4991266722242071, 0.517088386653604, 0.5680456257070149, 0.5044585120141584, 0.6304530709273646, 0.5062173641960876, 0.5315081424871854, 0.6182595110937142, 0.661232651140908, 0.4412445977305146, 0.4471721226070396, 0.5906425364758698, 0.487199404771902, 0.6699346405228758, 0.439762162497604, 0.5654579167126147, 0.4946955430006277, 0.5409532868315367, 0.47820144868115344, 0.5529678092258096, 0.42977420589360893, 0.3965458555395469, 0.5578357024473047], "Order": [0.5888942026675169, 0.6740347733572248, 0.542009829927617, 0.6448904591844294, 0.5778891061149126, 0.558354038992567, 0.5693548387096774, 0.6112167261009845, 0.6644661903282593, 0.578376836399943, 0.6029188967235862, 0.5212947026200039, 0.5221071326334484, 0.5800297525986147, 0.5531787821169128, 0.5365273058044143, 0.6346558376898183, 0.47989446727466983, 0.544893659312264, 0.46474122492999803, 0.4691797093255509, 0.4208719536579569, 0.5724829931972789, 0.6492038796937528, 0.5455042185109136], "Family": [0.6299001248439451, 0.6140986101072033, 0.6247138799260914, 0.6978598122322487, 0.6906652187902188, 0.6170836370684588, 0.6998525864379523, 0.6679375785837386, 0.6197693636841709, 0.6303355133540843, 0.6449022530025422, 0.6607507929715889, 0.6702363891766107, 0.6113005158536889, 0.6572503657849874, 0.5334218754645231, 0.4697055067237623, 0.662200606872757, 0.5813110303080105, 0.691100368208802, 0.6464582896300958, 0.5520454960110133, 0.5671384774645644, 0.6364489276764013, 0.44743508158142303], "Genus": [0.7616646658663466, 0.6985427905923, 0.7034707773784755, 0.7303389376898076, 0.7015276862630256, 0.6962956983598604, 0.6821587377751553, 0.7073113371406339, 0.6950939527004435, 0.6647816334064206, 0.6203911271944538, 0.677682072180544, 0.6909110854171544, 0.723264119054556, 0.7035451334375619, 0.6925319280254474, 0.6528271762099943, 0.7762381219137723, 0.7358064339042599, 0.7881093069831339, 0.7081471494607087, 0.7873275236020335, 0.6543735619821232, 0.6775156261848277, 0.6861268318908618], "Species": [0.7258002183105431, 0.7365905531666401, 0.7502188172698103, 0.6933729830649261, 0.7251101751101752, 0.7680069948111186, 0.7358488948525849, 0.7289739500265816, 0.7713387384471951, 0.7138340655270162, 0.7653341240802541, 0.7131001122827824, 0.7393094608667788, 0.7488016136687233, 0.7322223828802775, 0.7694122414432609, 0.7544000550354509, 0.7452764420900541, 0.7469990110208989, 0.7575202533581455, 0.7689932680705623, 0.7543872828972753, 0.7402533639945935, 0.7581944863921608, 0.7482016808389996]}, "feature_type": "aa_1mer", "model_class": "nonlinear", "binary": 0}