{"phylum_test_accs": [0.5271481520419309, 0.516034160392137, 0.5421880791262249, 0.5197540308233989, 0.550827978467855], "class_test_accs": [0.5432836091798116, 0.5501431687561538, 0.5301128696170848, 0.5479185179384962, 0.5455745040554351], "order_test_accs": [0.5373389706801391, 0.5197529528612941, 0.5329850749022007, 0.4814843656981309, 0.5134188929511004], "family_test_accs": [0.55131733635179, 0.5467115077514344, 0.542392037345978, 0.5452967045737366, 0.5381324286595622], "genus_test_accs": [0.5465617608468362, 0.5281784856631674, 0.5442655950460414, 0.5447047879178117, 0.5445048583113792], "species_test_accs": [0.5532522733828695, 0.5511345030643747, 0.5348269023209763, 0.5431058243438046, 0.5493561974531607], "feature_type": "cds_1mer", "model_class": "nonlinear", "n_classes": 3}