{"phylum_test_accs": [0.5689939964841288, 0.5011926058437687, 0.4653624297978854, 0.43570013200489854, 0.5305274530392762], "class_test_accs": [0.5011085028690663, 0.5346467664844177, 0.5278886059018687, 0.5898754198137053, 0.40638830918751073], "order_test_accs": [0.5751621328168559, 0.6136495109630635, 0.6238399856412279, 0.6163458944792041, 0.607876545626079], "family_test_accs": [0.691351870314981, 0.7312192561267491, 0.6005172413793104, 0.7456829868097473, 0.602238288978747], "genus_test_accs": [0.7140266487682402, 0.6752681977730902, 0.7294261238025056, 0.6766897368749221, 0.6851448451960614], "species_test_accs": [0.7771068772763092, 0.7265252082653867, 0.7513825413206218, 0.7701043024771838, 0.7674442048668478], "feature_type": "cds_5mer", "model_class": "nonlinear", "n_classes": 3}