{"scores": {"Phylum": [0.4868598863512368, 0.4462155169666508, 0.49617486338797817, 0.46281038807951286, 0.4131054131054131, 0.45840936739659366, 0.4871794871794872, 0.44721019721019717, 0.4665997322623829, 0.41162021550754146, 0.4865867579908676, 0.5164529914529914, 0.42466476612818077, 0.5023119392684611, 0.27700714585960484, 0.44327894327894324, 0.28929717118693493, 0.4966033995160209, 0.3305626598465473, 0.3989187884915893, 0.4564102564102564, 0.21495640509725014, 0.5378734827264239, 0.3836898073182757, 0.4338624338624338], "Class": [0.4586394413458577, 0.498739208372655, 0.39739600828574634, 0.4565400843881857, 0.4945652173913044, 0.44102717971358646, 0.5751427688550584, 0.4510233918128655, 0.4067460317460318, 0.39471962025997004, 0.48969000348310693, 0.45323211410167935, 0.4134974763701306, 0.48173943173943173, 0.4924812030075188, 0.49210075266413295, 0.446878526254379, 0.4573889498275019, 0.47815426389486815, 0.4958752975469441, 0.5115793079821856, 0.4686293436293436, 0.39578102230240075, 0.494117338593381, 0.4128787878787879], "Order": [0.413977167471979, 0.40431995418965677, 0.3791540201365904, 0.4976910565095078, 0.47646509144306504, 0.39133387118461743, 0.5245791245791246, 0.42812487674042526, 0.500489565104134, 0.4954431533378902, 0.4756460637635538, 0.47713639719453677, 0.4395069897266335, 0.4906257249908377, 0.5148320413436692, 0.4555780243892427, 0.5021604938271604, 0.42677593525964114, 0.36827032002265647, 0.5189759773648557, 0.489766081871345, 0.45100589358735516, 0.47439728610134035, 0.44611940765786917, 0.4975904062991638], "Family": [0.45255249726390295, 0.49750747352324404, 0.4744077410744077, 0.46122157407988174, 0.49965339493785393, 0.5256855622169275, 0.4432932929230156, 0.4823428079242032, 0.4907765673181032, 0.47764691743780796, 0.4208021898632297, 0.4926899949286387, 0.4461421034822198, 0.44110105580693815, 0.5199222546161321, 0.5181324482377113, 0.45556599832915623, 0.4803727459527971, 0.4091010712420069, 0.4295508902471432, 0.4453433431091636, 0.46086369770580293, 0.44400913518560575, 0.48215534275725797, 0.5155934550666057], "Genus": [0.4418380273690275, 0.4967912963162882, 0.48114358666619594, 0.47905320485965647, 0.5052908679103384, 0.4450271157056173, 0.5042068833377986, 0.47010534684953287, 0.5126075966182188, 0.512166568224096, 0.5399282930440582, 0.4174956682298949, 0.46612083568605306, 0.5138743609331844, 0.45672569120844986, 0.4721084423837205, 0.5371583556630285, 0.4815202759549049, 0.4715295019290095, 0.5031312409898292, 0.4985366204011276, 0.4322397265983162, 0.39691358024691353, 0.4681285038139877, 0.40756566677972583], "Species": [0.5171915246681197, 0.5071644295744383, 0.4880812168782466, 0.49247819491846795, 0.49677113222952246, 0.5022816949734088, 0.4640395580701353, 0.4911080410525472, 0.5205214111788506, 0.47251329912880263, 0.4924754602173957, 0.5047509231266409, 0.4908546348716189, 0.4846918069939652, 0.5209428252906515, 0.49125295508274225, 0.4898594684533412, 0.48983540222534355, 0.4792271893335723, 0.5203315883430469, 0.49089442803118816, 0.49268486469865236, 0.4713983610890828, 0.5106387821880779, 0.510160387868528]}, "feature_type": "metadata.number_of_genes", "model_class": "nonlinear", "binary": 0}