{"phylum_test_accs": [0.5582500967866822, 0.8590325018896449, 0.5662823355151799, 0.5853344768439108, 0.6710847160710278], "class_test_accs": [0.5286164882643238, 0.6236552202089338, 0.6035407093201367, 0.5424439252392351, 0.5499694189602446], "order_test_accs": [0.5663706591581835, 0.5010405277779694, 0.60587089034631, 0.5521517151603794, 0.5717944225900528], "family_test_accs": [0.6503453317201049, 0.6022150016989466, 0.6479750447622616, 0.6130384768698928, 0.6045777484801874], "genus_test_accs": [0.6270870076425633, 0.5707986378718609, 0.6219118559900683, 0.6274729376633071, 0.6662174078840745], "species_test_accs": [0.7201463113742906, 0.6994804398048294, 0.7531641156166103, 0.6877744175627241, 0.7247030324256487], "feature_type": "embedding_oxygen_genes", "model_class": "logistic", "n_classes": 3}