{"scores": {"Phylum": [0.4324097661912276, 0.61875, 0.41213722044412543, 0.5256181468577701, 0.4387158564149714, 0.3233774196373828, 0.3055402846496854, 0.41183957996457193, 0.4706762884782409, 0.5188481898907104, 0.404572669003302, 0.284019706036657, 0.34560080730792525, 0.5080529191832038, 0.4162178695045402, 0.42288403338986996, 0.3649519230769231, 0.38225976721758165, 0.3339289738884059, 0.37553883314752884, 0.5115600448933783, 0.30327571787008645, 0.44148087556236865, 0.26146023072252583, 0.5260317460317461], "Class": [0.4058016590739104, 0.5579330936920223, 0.35353000058882417, 0.3202258522981088, 0.4302251862680399, 0.4420460491889063, 0.40780736500226483, 0.39375225729356633, 0.3412581275679125, 0.4295898789177573, 0.4090808060482433, 0.3620740897843761, 0.43021929819194926, 0.3776154401154401, 0.4715501632042712, 0.3645788451820527, 0.35926271602606863, 0.34370278788111125, 0.49324882776749684, 0.36904761904761907, 0.6426541631145212, 0.33865622032288706, 0.489010989010989, 0.3279450018580453, 0.3572659616137877], "Order": [0.47799484728229147, 0.49386331647086695, 0.3840053242409969, 0.42715856098524724, 0.44081071217286566, 0.4914365611527363, 0.47051925593287924, 0.5763677424054783, 0.49721557227542185, 0.4238498319979323, 0.3302847696708245, 0.42049936916305947, 0.4626608429311501, 0.34951785801368845, 0.3697728688440763, 0.32492995794133184, 0.5766011664618652, 0.36727527474933225, 0.540755872151221, 0.568645855157483, 0.3388121222789415, 0.4793762562675024, 0.3847320321004531, 0.41422479194931555, 0.452465834818776], "Family": [0.6018649915082056, 0.6230864527629233, 0.5752499352499352, 0.5424742580254391, 0.4687710554979477, 0.4479351463106558, 0.40850006137932543, 0.47491925210395913, 0.46383344546609856, 0.42143050891846645, 0.5572689535284508, 0.4887833925761771, 0.4862054918073065, 0.5954652213188799, 0.49651754864520825, 0.5104438971951604, 0.5365090213763587, 0.536496258608593, 0.5552097946379861, 0.45385987844930775, 0.5779164442894772, 0.5285943297222705, 0.5127693670676711, 0.5483198243836541, 0.48492918083833586], "Genus": [0.5512822371460043, 0.49086627433562807, 0.5471317223461246, 0.5414102696027989, 0.5210159122933636, 0.5869321740243473, 0.5140274230226217, 0.5900455104821746, 0.5359725609098097, 0.5616888058008983, 0.5837149839853848, 0.535011941471673, 0.5712918284884861, 0.39607588649278397, 0.4988769605726972, 0.5273971577719877, 0.5425479017232612, 0.5113911158108729, 0.633210318603577, 0.5373634381736233, 0.5493228175917811, 0.4615520282186949, 0.5739178872674465, 0.566465918991684, 0.553149756888898], "Species": [0.5723346678311773, 0.607566365918348, 0.5981402048485428, 0.5912852646123751, 0.5725249984839069, 0.621777381820937, 0.5823187662864711, 0.6194605290665732, 0.582082393349999, 0.586961637252465, 0.623831730900923, 0.633311035868488, 0.5862573099415205, 0.5923632561563595, 0.5696164453163334, 0.561027703207798, 0.5810360035115958, 0.5801845444059976, 0.5965481886534518, 0.59886735998303, 0.5885733047057574, 0.6034716243363466, 0.5931086408473343, 0.5822786777941417, 0.5984869717596943]}, "feature_type": "nt_2mer", "model_class": "nonlinear", "binary": 0}