{"phylum_test_accs": [0.8035882820891095, 0.773993967562553, 0.9078290567444823, 0.8332993197432573, 0.8887659012888228], "class_test_accs": [0.8507250237318953, 0.8140656225550645, 0.8203429561310246, 0.8367508671537484, 0.9127440013276908], "order_test_accs": [0.859600252002546, 0.8449458800453996, 0.8100311292233918, 0.7880732734916757, 0.8773114840493227], "family_test_accs": [0.9002783205214406, 0.8721714914763327, 0.8357576859076277, 0.8727774963167713, 0.8506426957709347], "genus_test_accs": [0.8318261748289925, 0.8590653703941418, 0.8734578668296634, 0.8694003258429217, 0.8643650624776793], "species_test_accs": [0.8898881281814329, 0.8975343513918586, 0.890262374479021, 0.9059418585962705, 0.8901150389052352], "feature_type": "aa_2mer", "model_class": "nonlinear", "n_classes": 3}