{"phylum_test_accs": [0.39893211289092295, 0.48407297629914886, 0.40079365079365076, 0.4052631578947368, 0.4647936535699074], "class_test_accs": [0.5300019481784531, 0.4279067604836743, 0.5271526418786693, 0.4860178548975229, 0.5338020947777046], "order_test_accs": [0.49945303437440347, 0.5079455410664152, 0.5683809616674909, 0.5897514403008245, 0.5826086052363425], "family_test_accs": [0.45440829112532494, 0.6344476744186046, 0.5596769509981852, 0.5063029076186971, 0.7574847807997197], "genus_test_accs": [0.6405239978964907, 0.6363244580986517, 0.6371899737659095, 0.6799465208674141, 0.7235819710621695], "species_test_accs": [0.7303834865791131, 0.6719339449936464, 0.6635014701376257, 0.6982323833717023, 0.6588700695164573], "feature_type": "cds_3mer", "model_class": "logistic", "n_classes": 3}