{"phylum_test_accs": [0.3547424615849275, 0.44149396702588195, 0.49234013996740483, 0.37056199322214894, 0.25295508274231676], "class_test_accs": [0.40373219373219377, 0.45701058201058203, 0.5650793650793651, 0.318613695662876, 0.4432173136992414], "order_test_accs": [0.5311118824482239, 0.38018985371926545, 0.4006837606837607, 0.4058333333333333, 0.5139420167227814], "family_test_accs": [0.3325693063545794, 0.5522639933166249, 0.5061623711520075, 0.5329031974894112, 0.6284967320261438], "genus_test_accs": [0.6656028368794326, 0.6734523536457936, 0.5227342549923195, 0.3365129935032483, 0.6379680226674762], "species_test_accs": [0.695504365303687, 0.6542230560463379, 0.6217394807339819, 0.6747135534448967, 0.5961352657004831], "feature_type": "embedding_rna16s", "model_class": "linear", "n_classes": 3}