{"phylum_test_accs": [0.4191234593091357, 0.420544733044733, 0.44474423388851525, 0.48765432098765427, 0.4348484848484849], "class_test_accs": [0.3017730496453901, 0.5704545454545454, 0.4065019947372888, 0.45574769772421736, 0.41036582210323513], "order_test_accs": [0.5223668842038084, 0.5587572348577484, 0.4373568806339052, 0.5121410471159216, 0.6077780327875454], "family_test_accs": [0.5448775388291517, 0.507241200272138, 0.6048408919260578, 0.6240060525005313, 0.6444774273345701], "genus_test_accs": [0.6114807878329361, 0.6960173780856467, 0.6142051282051283, 0.6131937961725195, 0.6676080192209225], "species_test_accs": [0.6469961723380431, 0.6947031553834742, 0.6644082660758559, 0.6561658084984657, 0.6483784690761435], "feature_type": "nt_4mer", "model_class": "logistic", "n_classes": 3}