{"phylum_test_accs": [0.6156012513541921, 0.6239826637608291, 0.6180438491990887, 0.6233764813933873, 0.621251831341728], "class_test_accs": [0.6276273221149186, 0.6240279539013648, 0.617371421076817, 0.6069336033392977, 0.6222150008158017], "order_test_accs": [0.6343144379290336, 0.6109027656835363, 0.6088010681606374, 0.6140658647397617, 0.6195652069705042], "family_test_accs": [0.6261895404946423, 0.6280200012812281, 0.6146952876210791, 0.6520753948790878, 0.6296056958764491], "genus_test_accs": [0.6136847788442225, 0.6327030977149497, 0.616386780061363, 0.6433468408869814, 0.6154644526575292], "species_test_accs": [0.6233691585004256, 0.6174317121407779, 0.6189954509646803, 0.6174317121407779, 0.6273768633713175], "feature_type": "ko_terminal_oxidase_genes", "model_class": "logistic", "n_classes": 3}