{"phylum_test_accs": [0.9079365423566864, 0.744135534099307, 0.943313756641723, 0.9023541573476722, 0.8532930720506192], "class_test_accs": [0.8980107826310602, 0.7478904708888314, 0.8654398920065774, 0.9259124854398145, 0.7539190378297714], "order_test_accs": [0.8720208264300329, 0.7223730725214207, 0.8300669977800449, 0.8654497150607959, 0.8971348954391457], "family_test_accs": [0.8774151631163001, 0.895344403603464, 0.865540723367649, 0.847872707699512, 0.8875393401212525], "genus_test_accs": [0.8996741162043724, 0.9050868011286634, 0.8668108527941257, 0.9088872578026833, 0.8521671535938721], "species_test_accs": [0.9188452305496897, 0.9029122934485428, 0.9187523476981861, 0.897546252168552, 0.9084302137658727], "feature_type": "aa_3mer", "model_class": "nonlinear", "n_classes": 3}