{"scores": {"Phylum": [0.34638197885956973, 0.47197587574284233, 0.45788594607492245, 0.43605830773169485, 0.37343554443053817, 0.6077046946612165, 0.36640417756506577, 0.410548523206751, 0.43520489502564547, 0.4217003342960641, 0.3819535939101157, 0.29743589743589743, 0.3810543899486418, 0.3820470717022441, 0.4034599938214396, 0.29051459293394777, 0.42476484068037307, 0.3171181218033125, 0.44947475070655357, 0.4236651617224319, 0.4252873563218391, 0.3586523498288204, 0.548919679354462, 0.2949944193100393, 0.44391243676957964], "Class": [0.4570692837822927, 0.34639992360580596, 0.37674600719760015, 0.5077464788732394, 0.3593271810828118, 0.3871748669789922, 0.3756089894703756, 0.3745108487025674, 0.46827492161386913, 0.3112455999306087, 0.46344828786948894, 0.41335163575937156, 0.41334899708480183, 0.4460630956109346, 0.42337866742803376, 0.39715152001542503, 0.45548858696269057, 0.3480247106526704, 0.3264556403387186, 0.2840909090909091, 0.25285811999218294, 0.44884386446886443, 0.4308714599502886, 0.37148553252927147, 0.3090572390572391], "Order": [0.3897243245722673, 0.41762081592655625, 0.3662703504119979, 0.31635606931110166, 0.46085677211835446, 0.42942267816217394, 0.38069411895993754, 0.4277517344689856, 0.3381818181818182, 0.4553781300162672, 0.5067094615067733, 0.4277066758906953, 0.36541432196844315, 0.4603901422083241, 0.42315932730630895, 0.386955754868018, 0.3594358236015571, 0.4956955380577428, 0.3773826074228817, 0.39458515918837594, 0.3188322581124626, 0.4608114794656111, 0.36955814830712397, 0.3118552595517232, 0.3677023331587828], "Family": [0.4611873567133218, 0.34961795001688617, 0.4190628841211308, 0.4810034186718218, 0.5340193700130339, 0.45471978862466966, 0.5122166480862134, 0.4274221404503095, 0.30155193369472716, 0.3779558649183598, 0.3715127172405653, 0.5205648976020562, 0.36435543830857076, 0.37700533753358406, 0.35633212061224584, 0.35566075421498566, 0.4921837790025175, 0.4430709481860377, 0.359489217319956, 0.41075418941425973, 0.3599758348335198, 0.35375834100017983, 0.5490219039599689, 0.3479715735748066, 0.430784169926119], "Genus": [0.45679900744416874, 0.41680411712057275, 0.40444215319054044, 0.44629334411979316, 0.4171753371202624, 0.49847835459011075, 0.41514465561244734, 0.39687147328506334, 0.4676070585590648, 0.490532719784625, 0.45265500117074325, 0.4232460260794408, 0.46060436601906535, 0.4925348689771767, 0.47215252983370326, 0.4552128099372194, 0.3531106692317227, 0.43863670889921913, 0.516274466980987, 0.42729668769112394, 0.4605197259626743, 0.4677389495954896, 0.44777904629980264, 0.4338095835376306, 0.4704400738851416], "Species": [0.4565489330389993, 0.45882351851543124, 0.4559017784358415, 0.481575878727303, 0.4581829876623669, 0.4639869281045752, 0.4261288998357964, 0.4775426974768999, 0.4457968606904778, 0.4656340559077737, 0.47205943384287324, 0.4745832993255674, 0.44447125743342236, 0.46934894913086644, 0.4629381691727936, 0.43665603848520446, 0.4668476781463315, 0.4572957555147436, 0.467741935483871, 0.45696205455091343, 0.46166877661975697, 0.43531265934269686, 0.45365187949143176, 0.4392405327632705, 0.45090178059601693]}, "feature_type": "nt_1mer", "model_class": "nonlinear", "binary": 0}