{"scores": {"Phylum": [0.4226715160332182, 0.6006060606060606, 0.3492362716944401, 0.4868821616895957, 0.5321428571428571, 0.48275999362955885, 0.3885460437904656, 0.4817592545058189, 0.5135048135888002, 0.5178571428571428, 0.46242384437137346, 0.3350077175782215, 0.5522614018927104, 0.4486580843481378, 0.47835005830734006, 0.5958810844190148, 0.5054106656286493, 0.5348484848484848, 0.33794162826420887, 0.6065312624452409, 0.43945868945868943, 0.3259253125952585, 0.3984945359326568, 0.36574074074074076, 0.5782456140350877], "Class": [0.5327877313278774, 0.5938733754829645, 0.44297178327804526, 0.5260362405226165, 0.5126354744911447, 0.7875630252100839, 0.5281144781144781, 0.5010131712259372, 0.5320966514459665, 0.5012616887616889, 0.5391290035242632, 0.6275949367088608, 0.4870680385598318, 0.5902762853117464, 0.6229508196721311, 0.4480798771121352, 0.38954720378916335, 0.5348865918750069, 0.5671362307839615, 0.7005123700775875, 0.39893888884300893, 0.6201525318673027, 0.45007389161317385, 0.49685672514619883, 0.4170207570207571], "Order": [0.60376221001221, 0.5487370407004433, 0.6787163141118516, 0.5430406212664277, 0.5540560638368052, 0.42218829852850476, 0.6792398045698446, 0.5382275132275133, 0.6305104364551544, 0.6481509408669716, 0.5312169312169311, 0.5656669969922982, 0.6545347351061637, 0.5262928563238161, 0.4913075203558068, 0.6486895789367902, 0.6325013960808205, 0.5394112060778727, 0.5945664568509396, 0.5144399374656695, 0.5772686972686972, 0.661193756781992, 0.5199775651962457, 0.6428727550908891, 0.5690183387270766], "Family": [0.576779098713554, 0.5390735242577344, 0.6496624290741938, 0.4518781194476597, 0.5660942760942761, 0.6249327167463757, 0.5936588543287322, 0.5677698644041763, 0.6056430218144325, 0.6542615281930956, 0.611786315941863, 0.6312977478551324, 0.5781573798650465, 0.5432125207237651, 0.583785868316255, 0.4992409759029279, 0.5589392336059004, 0.6874882645759183, 0.6183486830224699, 0.5625796310085216, 0.5840658246572225, 0.6887805097460907, 0.6054922666067536, 0.6059647550776583, 0.5318929410562876], "Genus": [0.6538952214549186, 0.6643670981906277, 0.6441924360625548, 0.6433296632718598, 0.6544388078422747, 0.5260113323400605, 0.6241135328824718, 0.7001708492936564, 0.6462148962148961, 0.6899555279760058, 0.6725921382715683, 0.6094405181765777, 0.7127084495691526, 0.6395294674929933, 0.7104138551506972, 0.6924787406001828, 0.6534244615871071, 0.6807258454317279, 0.672988056702757, 0.6738370826252083, 0.6449722692083767, 0.6282479172534582, 0.7062849584278156, 0.5555174202493606, 0.6020037991144634], "Species": [0.6959000303442867, 0.658155203880097, 0.6951422343077746, 0.6400470737811824, 0.6567641340753813, 0.6681070941896928, 0.6718063024446003, 0.6886470240872137, 0.6246605760021368, 0.6630402255402256, 0.6776037760377603, 0.6726455183901993, 0.7021041632741681, 0.679528712265285, 0.6526787201071652, 0.6376600239882996, 0.6495475113122172, 0.682312903459624, 0.6493630072104749, 0.6803690564439266, 0.6734256191459486, 0.6617498400344514, 0.6575481800280292, 0.6452973804280902, 0.6884185753080835]}, "feature_type": "chemical", "model_class": "nonlinear", "binary": 0}