{"phylum_test_accs": [0.5813953488372093, 0.6490090189043068, 0.6530806818379072, 0.44519406963185076, 0.5368393845405339], "class_test_accs": [0.5452342170005245, 0.5351940457203616, 0.5950502152080345, 0.5906470548549839, 0.6358930314635428], "order_test_accs": [0.6230436053584333, 0.5830999066293184, 0.5230420157400356, 0.5503086106416003, 0.5253362168557959], "family_test_accs": [0.5821432132111743, 0.5693527554535017, 0.5907166646603267, 0.5573789264133326, 0.7098332576273753], "genus_test_accs": [0.5994188459941884, 0.700003280029446, 0.6794583369386519, 0.6437567279702967, 0.6135252001441351], "species_test_accs": [0.6694524987207915, 0.6799043799554786, 0.6576568959574666, 0.6596616866279787, 0.6634896190584579], "feature_type": "ko_terminal_oxidase_genes", "model_class": "nonlinear", "n_classes": 3}