{"scores": {"Phylum": [0.425066383936771, 0.4905563572230239, 0.3087850222571354, 0.39695124869445325, 0.3530863191796108, 0.35678609471412853, 0.32391975308641974, 0.46851407229558495, 0.43650567987908934, 0.2810024711454587, 0.3317420668953688, 0.36856098371552015, 0.24343544314277435, 0.37039005175871553, 0.3366833977641735, 0.5663234077750207, 0.5272493117499203, 0.331687675070028, 0.47223781509495794, 0.5560580933715261, 0.44114906832298134, 0.21333333333333335, 0.4921146953405018, 0.38189910804467725, 0.34313878559366323], "Class": [0.3638468013468013, 0.28793243148030717, 0.43553258335867034, 0.30410442862533543, 0.3378267973856209, 0.3134872622168448, 0.421733590194757, 0.3973925489714963, 0.3133663203685085, 0.43818620992534035, 0.33723196881091616, 0.45969266203963244, 0.3850975059206631, 0.4120969360631015, 0.3486015449624107, 0.409152907833585, 0.3925852303900467, 0.4139209790578678, 0.4360371778622729, 0.28086467842565405, 0.2971971971971972, 0.39547000036877233, 0.49571819765994524, 0.33253692965501086, 0.3732142857142857], "Order": [0.4900923317812396, 0.48431637675456257, 0.36896617376557767, 0.3303336369279846, 0.3901221847019176, 0.5540297269648301, 0.40406163720731164, 0.4586328902152288, 0.5054392378420295, 0.4779349489606395, 0.5615191506131482, 0.4395340501792115, 0.41366206003208345, 0.46450353404052125, 0.4846200134508513, 0.44158477883163866, 0.2780528539149229, 0.4942594012361454, 0.5094852856413551, 0.3560811121989393, 0.46029464669597336, 0.4876663702441503, 0.5033958042511905, 0.39649905788564316, 0.5352846896662259], "Family": [0.5446094393292911, 0.4678003434630031, 0.4488234367140936, 0.5460057582609463, 0.43959584037613414, 0.5415786309086558, 0.4602343484289564, 0.5174799055575324, 0.5432456140350878, 0.43402284655757956, 0.5092344853214419, 0.4786754966887417, 0.4893329277520054, 0.5164790764790764, 0.5112671831800162, 0.5306657577823222, 0.38764659249967975, 0.5528060667421039, 0.5258160743942734, 0.5122819319606468, 0.4680030165912519, 0.5466020477536212, 0.43542072860099895, 0.45813450241324677, 0.4836641039394482], "Genus": [0.49429502005318643, 0.5656829540291604, 0.5212989359330823, 0.50958339102669, 0.5674454983228804, 0.5917519344767981, 0.5599031685943952, 0.5008015815959741, 0.49645226154104566, 0.5806371363608568, 0.5491168689698102, 0.4720030798389008, 0.5506218871310335, 0.5483013472420807, 0.5532103859507875, 0.45572925017369464, 0.5457157001347099, 0.5725398659720694, 0.5109454531096322, 0.5058360712978317, 0.5303164418468401, 0.5010715520221224, 0.5027470378389252, 0.5429045686354196, 0.5826249723439124], "Species": [0.5821020676074827, 0.620607316862518, 0.6275559430192786, 0.5975715293265474, 0.5726495726495727, 0.5927271929247043, 0.6290329562693668, 0.556614565391237, 0.6046985717563598, 0.6061947644681458, 0.5792683324639977, 0.6107144204826324, 0.565447854257954, 0.5960939263942199, 0.6086925287356322, 0.5994708312333968, 0.6072802798941668, 0.5980701754385965, 0.5922635116956948, 0.5584388160532197, 0.5574116901689564, 0.5909865088969567, 0.5952169149227573, 0.6144957939893216, 0.6047850569029029]}, "feature_type": "nt_2mer", "model_class": "nonlinear", "binary": 0}