{"scores": {"Phylum": [0.4749497910220919, 0.4705165692007797, 0.4770995312930797, 0.509366391184573, 0.31485642946317105, 0.4363761633685732, 0.5556602398016981, 0.4402515723270441, 0.439030612244898, 0.40993265993265987, 0.4943504591554874, 0.5133836650652025, 0.4528396165630055, 0.4233986615678776, 0.5187870797626896, 0.4612301849578783, 0.4105255006531722, 0.42887783810384067, 0.46436781609195404, 0.4635416666666667, 0.4170940170940171, 0.5543226999537679, 0.4912408461056816, 0.48405477437735495, 0.4963397405710861], "Class": [0.48473124098124093, 0.450387847446671, 0.43504318702626477, 0.4354090354090354, 0.45129231942733083, 0.510840108401084, 0.5289805269186713, 0.48275193798449606, 0.3608374384236453, 0.5069112353412212, 0.5159574468085106, 0.5668276972624798, 0.42375735635133976, 0.47268192365945505, 0.4314396755219949, 0.386679292929293, 0.42177054646008977, 0.44049812099329455, 0.3940726601292512, 0.5263642574933903, 0.49693949362530887, 0.41650238722158656, 0.43134992741291955, 0.5049073273792375, 0.5081538178279281], "Order": [0.49367264636350994, 0.4001886715065009, 0.4826834381551363, 0.4865021266745753, 0.4065574781777243, 0.44652118912080957, 0.46241284786365533, 0.48143450996970333, 0.47541284644342136, 0.43533095840036773, 0.41100269296681, 0.4796997306231485, 0.466711847912974, 0.42753086419753084, 0.4085845104363623, 0.3805113205503196, 0.43541102077687444, 0.4428841607565012, 0.4654551616046088, 0.4954141465769373, 0.44277009907467474, 0.39921256579220027, 0.4747089947089947, 0.425196123673281, 0.4500450493278822], "Family": [0.44140015705510915, 0.5052540442014126, 0.5481868100672393, 0.45393924189752594, 0.5469672571121846, 0.4674924104432301, 0.4408697939202661, 0.5034047168217902, 0.3883667330755108, 0.5101805900192997, 0.45425170068027215, 0.5154198154690038, 0.5398907103825137, 0.44197391875410447, 0.4588386678419811, 0.5012596366942587, 0.4540161685084922, 0.441262098335269, 0.42804896562193795, 0.4455845955845956, 0.42302353140341964, 0.48266866068461284, 0.42533022533022535, 0.4245343225240317, 0.48256053690511735], "Genus": [0.4696219987021415, 0.4281870358297861, 0.48865835828169607, 0.47408638921554047, 0.5231994094695772, 0.48840048840048844, 0.43956051883593766, 0.44369636678822927, 0.4502743669725873, 0.4860949576739051, 0.42423840278392166, 0.4687173315125775, 0.47102914610801044, 0.41560155025975093, 0.4972346528973035, 0.46805956913291435, 0.40730117340286837, 0.474468339307049, 0.4882711604013634, 0.47408305969785064, 0.46338273372394106, 0.4788043069046006, 0.4072534072534073, 0.46147443767036345, 0.4667136895315347], "Species": [0.4585872013588863, 0.4722870604508418, 0.4649712119897, 0.4570783826102975, 0.4674859190988223, 0.4485613707388915, 0.4745643764335353, 0.4761824018809911, 0.4633397932816538, 0.46104361117630416, 0.473221083196119, 0.45633988002300924, 0.46563104586320697, 0.482326139088729, 0.45729808168754865, 0.464107365792759, 0.47199277815391555, 0.4593611638203668, 0.45663951943626174, 0.44285081436223156, 0.4509683250956786, 0.4465917331399565, 0.48139000320480946, 0.47347332116047874, 0.454492362982929]}, "feature_type": "metadata.number_of_genes", "model_class": "logistic", "binary": 0}