{"scores": {"Phylum": [0.4361321619386136, 0.40109833272483875, 0.4204438118417431, 0.39028242289111853, 0.4479810442276202, 0.42005420054200543, 0.4750031905332128, 0.38275344536159955, 0.3435451662068316, 0.4050854854286244, 0.4289405684754522, 0.503981450540366, 0.4793055075874831, 0.4178240740740741, 0.5297162834476268, 0.5242424242424243, 0.41712580348943984, 0.5016167870657035, 0.5109976433621367, 0.46981424148606815, 0.4783424100801243, 0.4022697242729094, 0.39623039730880066, 0.44219753846123355, 0.4605475040257649], "Class": [0.4400270861277516, 0.45569620253164556, 0.3996129656507015, 0.47135611735330835, 0.37711587457255974, 0.4620857902821991, 0.41597942524034476, 0.45476190476190476, 0.42757083614972874, 0.5842532061586825, 0.410373760488177, 0.47404321827531587, 0.46411830370481927, 0.46489388559998224, 0.3976710400689443, 0.5513935340022297, 0.33073677377474847, 0.5586125127526401, 0.4870765238128638, 0.46208609595337286, 0.3907221334595736, 0.502170622994135, 0.48690791409238016, 0.3946120867930664, 0.49348181882460534], "Order": [0.41571389750523613, 0.4151986183074266, 0.3845841784989858, 0.4259549755285126, 0.4631909708862383, 0.4205228758169935, 0.5130700349878431, 0.48379419615268304, 0.44122630141845215, 0.4281047698478891, 0.4586675925418318, 0.33519862875579753, 0.47816906313116925, 0.5226827283272478, 0.49040323739047303, 0.4842718005508703, 0.4820790448210337, 0.4549938251602785, 0.4836957697717192, 0.5027468123861567, 0.5035239697081599, 0.49523195663311687, 0.46869429590017825, 0.4756588319088319, 0.47656532656532646], "Family": [0.4273125400555437, 0.5459886636145629, 0.45731445731445736, 0.4687735720087171, 0.4421202579097316, 0.4727635107038901, 0.3965848965848966, 0.47426871175928254, 0.5203522174555749, 0.48307419002947255, 0.3748917748917749, 0.4171676268403328, 0.47032726672444386, 0.4939974457215836, 0.4667877678722428, 0.39879736782391645, 0.43797861854575787, 0.42581021280338827, 0.475076334473752, 0.4548111856664418, 0.45183497127664624, 0.4097511541493075, 0.4824375754200316, 0.42836152467959177, 0.5065200210748156], "Genus": [0.47377260981912145, 0.5643363258233768, 0.45336205404147467, 0.4835186778404444, 0.45219694233778734, 0.47197040432334547, 0.4646228659459712, 0.5245359972803582, 0.4988522011482636, 0.45166907818150476, 0.5505893229146986, 0.45972829262159903, 0.4659169448011993, 0.38348066924504515, 0.49413272601004943, 0.47237596058283754, 0.5148656927453737, 0.4696915736365089, 0.47933583091786663, 0.49989323048773615, 0.4375561241732245, 0.414640086715677, 0.45032726219166896, 0.5164021772637059, 0.5092112059329155], "Species": [0.48220016700180074, 0.48476050505610707, 0.4982312301996259, 0.4746874070791265, 0.5020909450486916, 0.5162701954632335, 0.5014219407964396, 0.4814196663820724, 0.5062774025358455, 0.48168037638597117, 0.480904820461701, 0.45651628183648857, 0.49868325331005386, 0.4969482510229373, 0.4801482550033354, 0.49780753783926707, 0.4823614770929197, 0.5073349297514035, 0.5085639440936324, 0.48469088315229664, 0.5195874992139847, 0.5127553460408554, 0.4907882041159199, 0.47805200656986285, 0.4973484848484849]}, "feature_type": "metadata.number_of_genes", "model_class": "nonlinear", "binary": 0}