{"scores": {"Phylum": [0.3871758380771664, 0.3659526120878725, 0.4416724332109419, 0.4636641136641136, 0.37020075386941825, 0.5339722611812373, 0.5770583144000866, 0.5197925725512932, 0.7777777777777778, 0.5636525493577841, 0.528431380871026, 0.5546558704453441, 0.4790304324194081, 0.3888965655823295, 0.41043871252204583, 0.3626113998995355, 0.5618304550718124, 0.6322897253405728, 0.47242034754673784, 0.5028253081306263, 0.5563871170958343, 0.5538351663048929, 0.6712250712250712, 0.5425296879315106, 0.6349708991218425], "Class": [0.4901149342633541, 0.512966476913346, 0.6503964626205713, 0.45434176955335936, 0.6518741405008358, 0.4107125287390942, 0.4948971594187432, 0.5018662899015643, 0.5996747458855279, 0.6107086859289367, 0.5741489720256151, 0.3668340960007627, 0.5711251435132033, 0.6277630077335526, 0.5015063142409263, 0.4731033135545626, 0.6286780851998243, 0.6032530952760508, 0.4974621840293482, 0.3865992561599256, 0.624011708612469, 0.6265878217436286, 0.6394437420986093, 0.5663685871650473, 0.6140614061406141], "Order": [0.5404347274154088, 0.6117033013903077, 0.6625642451330526, 0.5167188680278928, 0.6094467441661954, 0.5803149021539826, 0.650971250971251, 0.6045005281374934, 0.5721209558515333, 0.5553012211527432, 0.5120799464324645, 0.6568208399787346, 0.5461760461760462, 0.6831203380466873, 0.5829514243740419, 0.618144621986084, 0.6146401356927672, 0.5212357723577236, 0.6034876543209877, 0.6112092395142926, 0.6486599381336223, 0.6718620916537815, 0.49167588884236296, 0.5334264979896048, 0.5924361444592658], "Family": [0.736464218455744, 0.632423245105765, 0.7660337027394019, 0.6852594449085677, 0.5607740024255919, 0.7104713827426995, 0.6887564809548539, 0.7270658177729983, 0.7625296837895262, 0.5857822460374256, 0.7037847593727372, 0.6325490101489907, 0.6633522021947464, 0.7196731015492176, 0.6864429287778343, 0.6870365542810798, 0.7646806226516372, 0.7347978547854787, 0.7114622294832701, 0.722533334139845, 0.7165554353054352, 0.6967687643980861, 0.6749021209021103, 0.6926772728317876, 0.6967185592185592], "Genus": [0.7032374683911294, 0.6863368779011179, 0.6906966526907165, 0.7040899591170618, 0.7434403191307576, 0.7297224987228305, 0.7272834043483011, 0.7387750318130065, 0.7185787037037037, 0.7197071933914039, 0.6636057307999754, 0.7313505765003524, 0.7047645346495921, 0.6923675411522634, 0.7191771443196724, 0.7565867239019535, 0.7715884430470491, 0.7294967667655919, 0.7422460872460873, 0.6888953869313535, 0.8119954046248866, 0.7259011317089219, 0.7444591806660772, 0.7775856265412021, 0.770842410736174], "Species": [0.7561653164007697, 0.7815470447250915, 0.7348189336323948, 0.7941620815012763, 0.7619352088661552, 0.7743364735234654, 0.8227829405880916, 0.8025530025530024, 0.7706622584865611, 0.8314977859155661, 0.7590775725104084, 0.7708018763338903, 0.7863888706751471, 0.7928714098205624, 0.8015921616656461, 0.7571102553130795, 0.7628893889441275, 0.7500973424393127, 0.7867527073134549, 0.7766546800083386, 0.7486475136742019, 0.7918563081882436, 0.8010403260403262, 0.7753933533554386, 0.7754899577548996]}, "feature_type": "cds_5mer", "model_class": "nonlinear", "binary": 0}