{"phylum_test_accs": [0.7902009194016886, 0.726460918759322, 0.7997594760956271, 0.8072377804655635, 0.7244410480333375], "class_test_accs": [0.8084238227311663, 0.8032523390852021, 0.7880371710152844, 0.8064742446695664, 0.7473842829627135], "order_test_accs": [0.7880256631506001, 0.7692198085862856, 0.6992362240130509, 0.7497213284294405, 0.808194105879231], "family_test_accs": [0.8010927757026666, 0.791866035886697, 0.8038217958966326, 0.7626641029673707, 0.7471650799404937], "genus_test_accs": [0.7596141764753958, 0.7920519333373218, 0.8080667732530517, 0.8008057763771347, 0.7768523740704966], "species_test_accs": [0.808836748342093, 0.798167826809537, 0.8056095425297984, 0.8081674264598367, 0.7971444073416434], "feature_type": "cds_3mer", "model_class": "nonlinear", "n_classes": 3}