{"phylum_test_accs": [0.8967712302208478, 0.7910930344939021, 0.8251608578635726, 0.852885446784995, 0.8984694701945025], "class_test_accs": [0.8219528678134139, 0.8145130050147923, 0.9033149414135071, 0.9009975516726039, 0.8556125619187229], "order_test_accs": [0.8365350976211176, 0.8019500352590295, 0.8754727768994819, 0.8249648191040487, 0.7850098668070943], "family_test_accs": [0.8868431391352525, 0.8296438487122186, 0.7678576140347187, 0.8210455684635706, 0.8442690218543314], "genus_test_accs": [0.8463665059308871, 0.8597872863090448, 0.8724070101770356, 0.8380756271985755, 0.8899594984214154], "species_test_accs": [0.8471415020634575, 0.8207413930031221, 0.8200583245621038, 0.8887919616664194, 0.8877301034642597], "feature_type": "nt_5mer", "model_class": "nonlinear", "n_classes": 3}