{"phylum_test_accs": [0.6161547665461079, 0.6225450791934087, 0.6222687841185985, 0.6153605897691053, 0.6123744241638602], "class_test_accs": [0.6188366710705696, 0.6180529377526358, 0.6202947789477206, 0.6201030096264863, 0.6218230367682532], "order_test_accs": [0.6136952267486968, 0.6200361516713595, 0.6074875543657677, 0.6183647331250889, 0.6217125454913505], "family_test_accs": [0.5974110922259019, 0.6092126007274098, 0.6121352191332988, 0.6167199085920312, 0.615214156519201], "genus_test_accs": [0.6124448736640695, 0.5983735820311695, 0.6146738297639501, 0.604293177225777, 0.6158130171994834], "species_test_accs": [0.6158409577793271, 0.6175871837842409, 0.6174723408588966, 0.6179920726456797, 0.6109219012389996], "feature_type": "percent_oxygen_genes", "model_class": "nonlinear", "n_classes": 3}