{"phylum_test_accs": [0.5064801643749012, 0.39330402203075326, 0.5664421512762076, 0.6404971737601982, 0.6900218644404691], "class_test_accs": [0.5349933109542645, 0.5828079565333241, 0.5549678334137169, 0.5616883116883117, 0.509748219575219], "order_test_accs": [0.6674920634920635, 0.5704247104247104, 0.5825033622914471, 0.5999659029754788, 0.7187329885683179], "family_test_accs": [0.6012002742702732, 0.7004694786952852, 0.716949082573263, 0.6728189878313574, 0.7059108993058153], "genus_test_accs": [0.7243387346598356, 0.7435734723191834, 0.7209330143540669, 0.7763013872979508, 0.7169627395117592], "species_test_accs": [0.7674041967664258, 0.7608876752904151, 0.8024055944055944, 0.8115600218758545, 0.8219795285012678], "feature_type": "aa_3mer", "model_class": "logistic", "n_classes": 3}