{"phylum_test_accs": [0.6844926227040048, 0.7102468321980516, 0.5590906198846646, 0.5503248061082563, 0.5810044385993753], "class_test_accs": [0.6263227513227513, 0.5157817451116778, 0.4531063058771679, 0.42016624230780314, 0.4117773546559013], "order_test_accs": [0.5426071943929087, 0.5629942171771257, 0.5409645978746148, 0.6013616557734204, 0.587092912592062], "family_test_accs": [0.6372846188010048, 0.7101266784673426, 0.5464779005524862, 0.6673542354235424, 0.6211368698484415], "genus_test_accs": [0.6437540453074434, 0.6427111775110332, 0.6112661441119335, 0.6410771415269166, 0.6086668912025851], "species_test_accs": [0.7237921110546809, 0.7428065626468938, 0.6915250746576048, 0.7251633986928105, 0.7436152656008251], "feature_type": "cds_5mer", "model_class": "logistic", "n_classes": 3}