{"phylum_test_accs": [0.5910007588974593, 0.545482949118003, 0.5532418317565387, 0.5637304552373045, 0.7277777777777779], "class_test_accs": [0.7170668267306923, 0.6075247437256982, 0.5581243685627971, 0.5785634118967452, 0.6304639602928112], "order_test_accs": [0.6214206790643669, 0.5570788632986495, 0.5309705286664615, 0.6222749861768554, 0.5849608759659283], "family_test_accs": [0.6233522897774264, 0.6372044905599172, 0.5451443001443002, 0.5954915726176723, 0.5554109486113658], "genus_test_accs": [0.6238279947676862, 0.6221190464726505, 0.6156446847284945, 0.5475890103728623, 0.5541790311222898], "species_test_accs": [0.597020202020202, 0.5677779280326455, 0.6013876044835796, 0.6091661783224714, 0.6112826844587701], "feature_type": "number_of_oxygen_genes", "model_class": "nonlinear", "n_classes": 3}