{"phylum_test_accs": [0.4960377663360802, 0.499483677962143, 0.4768894811741093, 0.49565799990237575, 0.4996895536544], "class_test_accs": [0.4986904334106026, 0.48946833457454214, 0.501371886663185, 0.5004521049440912, 0.49064035616745233], "order_test_accs": [0.49766017462840423, 0.4746407252745328, 0.49752934136959626, 0.4955491132077312, 0.4983435211191301], "family_test_accs": [0.49927898244901353, 0.5006694464361662, 0.4979173473892396, 0.500797993963829, 0.4926793628068112], "genus_test_accs": [0.49403435706043153, 0.500043659845082, 0.5004471762019058, 0.4976856969164318, 0.4995902729522301], "species_test_accs": [0.49769757618051375, 0.4944506992362443, 0.4960098601764151, 0.4983911642885657, 0.4966709384259364], "feature_type": "number_of_genes", "model_class": "nonlinear", "n_classes": 3}