{"phylum_test_accs": [0.9086040528770525, 0.8114047431995463, 0.8508353508398233, 0.7283490376473069, 0.8269977466184811], "class_test_accs": [0.7081845876803815, 0.86343295724147, 0.8646431206845465, 0.7391761259528078, 0.8973014809067165], "order_test_accs": [0.8242865897905024, 0.829027260751659, 0.8674004792190569, 0.8817832341111466, 0.8687525007672564], "family_test_accs": [0.853691987599763, 0.8688618000906217, 0.8664499801060891, 0.8327660726514349, 0.8098041513948928], "genus_test_accs": [0.7942127245763365, 0.8008492146423181, 0.8602740478674106, 0.8397560547298908, 0.880006107860663], "species_test_accs": [0.7979834594262788, 0.893263586004764, 0.8819550687165517, 0.8528268636413009, 0.8520866447965156], "feature_type": "cds_5mer", "model_class": "nonlinear", "n_classes": 3}