{"phylum_test_accs": [0.60749197345132, 0.4674813034188034, 0.6878057302585604, 0.5281480206175917, 0.39500414593698174], "class_test_accs": [0.5254348435218138, 0.3657942934258724, 0.5506100158208591, 0.5615202602780243, 0.5970588235294118], "order_test_accs": [0.5743321718931476, 0.6873094712498685, 0.6023531917630324, 0.7315258494323476, 0.5514878144661842], "family_test_accs": [0.5216266414452942, 0.5788883163233659, 0.5922487838549877, 0.6238759900765687, 0.7417636267446154], "genus_test_accs": [0.7196593429311333, 0.6681586322080794, 0.696792270531401, 0.6335974277330336, 0.6270605523921192], "species_test_accs": [0.7469817785700138, 0.7360457039885085, 0.7620632268286814, 0.7263813767370834, 0.746231408307238], "feature_type": "aa_1mer", "model_class": "nonlinear", "n_classes": 3}