{"scores": {"Phylum": [0.5301548794338099, 0.5121765601217656, 0.5121375365788774, 0.5840434718577625, 0.5824282929546087, 0.6162830152303836, 0.49600389863547756, 0.6216505980082276, 0.6058348629685253, 0.6389045891758252, 0.5564251912027985, 0.5477941176470588, 0.6365250965250966, 0.57747925594235, 0.5104599104599105, 0.5817066616922715, 0.5757644864294339, 0.5976469068451361, 0.595033800036645, 0.5523519861132934, 0.6445751431666925, 0.6567489042564433, 0.6298593879239041, 0.6666383182907899, 0.5356125356125356], "Class": [0.626466252713413, 0.6357911174466663, 0.512292609351433, 0.6129067279518501, 0.5189580357408564, 0.5226705196292826, 0.6134710758445313, 0.4902818844864971, 0.5532720397220222, 0.5359523255942694, 0.6184093032627943, 0.5478927203065135, 0.51916118462348, 0.5440071810553512, 0.5503376721373326, 0.5293744274961169, 0.4939824114464268, 0.606703207038456, 0.6109474449899982, 0.5116416356935075, 0.5726277186490476, 0.6109116373822256, 0.5224742983286029, 0.4692192192192192, 0.5893152144950706], "Order": [0.5977815035401157, 0.574042885064737, 0.5556495405179616, 0.5589014536980673, 0.6104793453352314, 0.5857814149127708, 0.5871016925186128, 0.5734012907379742, 0.5982369162127628, 0.6195309101988887, 0.5857205596336031, 0.6601126623012408, 0.5781432709879482, 0.6400881834215167, 0.6059217920396852, 0.6261308247077076, 0.5775978407557355, 0.642552270805059, 0.5142003536369734, 0.608311975989053, 0.5666633020180681, 0.6292025142059733, 0.6327550720376359, 0.6274129959157874, 0.6226049757964651], "Family": [0.6247426427455735, 0.6129714277422257, 0.6457603828513735, 0.5545376499121626, 0.6277698237847148, 0.6042428909510139, 0.6084712709284628, 0.5828333934417134, 0.6487291997222896, 0.6065723477309883, 0.6236602903269569, 0.5800460747829168, 0.5737859362859362, 0.593887543485364, 0.5940168356001251, 0.6084185881635243, 0.6054819182270162, 0.5419985215725286, 0.5734781405644714, 0.6248190608534537, 0.54699408572648, 0.592443188547335, 0.6464551172098342, 0.5712330051107998, 0.6239632792127208], "Genus": [0.6287263989347606, 0.6000226230829162, 0.6075234575927855, 0.6505472765778585, 0.6075956743532483, 0.6202568110212795, 0.616808365574969, 0.6276455026455027, 0.5665731825233354, 0.6008911959942119, 0.5688077609600711, 0.5958301751441487, 0.6041197028691191, 0.5605446907141822, 0.5921840958605664, 0.6045993276061096, 0.6348963967529441, 0.6146442120898129, 0.6091002172941083, 0.5920732674990657, 0.6289339266459703, 0.6186334241889797, 0.5568402363580881, 0.5537929314472825, 0.5709702660406886], "Species": [0.6050054112554113, 0.5916598899049049, 0.6103085579263939, 0.6139551546716276, 0.6043457627591791, 0.5964187609398357, 0.5978606084127754, 0.6128035039890803, 0.63027406714125, 0.5986525104562918, 0.6003717071543554, 0.6334386713875509, 0.6317936575336879, 0.6080295604495768, 0.6044344332733411, 0.5987965535621671, 0.6034764807767753, 0.61708815673492, 0.5999764088200897, 0.5978911849698366, 0.5905010678880026, 0.5977834039205879, 0.5944712828770801, 0.6197798884366049, 0.5904186682163836]}, "feature_type": "metadata.oxygen_genes", "model_class": "nonlinear", "binary": 0}