{"phylum_test_accs": [0.5100625651720542, 0.48547400611620795, 0.5755880818940676, 0.6095088083643162, 0.5124034534441686], "class_test_accs": [0.6132121411479396, 0.5807582505424232, 0.6171277997364955, 0.598031238798537, 0.48577880458735384], "order_test_accs": [0.5488175474933364, 0.6081861969703447, 0.725707485201156, 0.6583509852616544, 0.7192677345537758], "family_test_accs": [0.7465984599749843, 0.6340130856156543, 0.7544611262764129, 0.6290774517578641, 0.7623418497358899], "genus_test_accs": [0.6890395725319832, 0.7363229865947257, 0.696988196988197, 0.7321390131217741, 0.7649787311068875], "species_test_accs": [0.769578829987991, 0.7748429951690822, 0.8266281090800119, 0.7596206890238056, 0.8099993861966203], "feature_type": "aa_3mer", "model_class": "nonlinear", "n_classes": 3}