{"phylum_test_accs": [0.5063076934627541, 0.5109161121952391, 0.5294833374175026, 0.49721349509354335, 0.5053231601914459], "class_test_accs": [0.5486213696084599, 0.5574094402863183, 0.5491865362319847, 0.5457199008985859, 0.5569769918915689], "order_test_accs": [0.7076038920131705, 0.7184960260126623, 0.70748851584823, 0.7008455892149522, 0.6983763184696001], "family_test_accs": [0.7813009953844107, 0.7756060685047516, 0.7753314029623062, 0.7729661213747048, 0.7726674981959691], "genus_test_accs": [0.8798249845792223, 0.8856343233372618, 0.8833925758385707, 0.8822337258761069, 0.8769171033673024], "species_test_accs": [0.9952881959590667, 0.9965925314107255, 0.9969452650967924, 0.9972979987828593, 0.9975574021551031], "feature_type": "None", "model_class": "randrel", "n_classes": 3}