{"phylum_test_accs": [0.29960843753947203, 0.37540884029529953, 0.42313576361570066, 0.4493388429752066, 0.3171046497362287], "class_test_accs": [0.4545430809399478, 0.4093992615915976, 0.3936202686202686, 0.421875, 0.327926466612598], "order_test_accs": [0.5124523927802617, 0.5194392159408061, 0.47716658528586264, 0.5467314308844363, 0.5281161101444473], "family_test_accs": [0.4770114942528736, 0.49238932446345135, 0.5535510915024547, 0.44515669060920454, 0.47247263559217806], "genus_test_accs": [0.4991420687736221, 0.474673202614379, 0.4932541731199449, 0.5302173856311491, 0.4963235294117647], "species_test_accs": [0.4877758913412564, 0.5042755281921751, 0.5020932972898039, 0.4936434427635416, 0.5007419145350179], "feature_type": "nt_2mer", "model_class": "logistic", "n_classes": 3}