{"phylum_test_accs": [0.34455919772489146, 0.4808435866128174, 0.596031746031746, 0.6242602799432831, 0.8888888888888888], "class_test_accs": [0.4363963655066004, 0.5811937138426672, 0.49975630914304253, 0.48198098198098194, 0.6030637334605183], "order_test_accs": [0.6616319543915269, 0.6724410381575653, 0.7107685627442466, 0.6713927993743223, 0.7276019559847194], "family_test_accs": [0.6121592731318464, 0.667591694348904, 0.6783007616926002, 0.7156144781144782, 0.6743044626361888], "genus_test_accs": [0.7963513462577426, 0.742887877649734, 0.7187839937839938, 0.7361383784993148, 0.7250495226745902], "species_test_accs": [0.8189125289387995, 0.7726651109703799, 0.7664340555702854, 0.7904455950584158, 0.7980992510818526], "feature_type": "ko", "model_class": "logistic", "n_classes": 3}