{"phylum_test_accs": [0.8927818454899272, 0.9199573981451525, 0.8126537783320287, 0.8043199389145094, 0.9323735309602298], "class_test_accs": [0.9089092371557141, 0.9249663243427858, 0.8672676352288612, 0.9300789878709804, 0.8928615845952189], "order_test_accs": [0.9088910415297535, 0.8913210466880828, 0.8431054319823893, 0.8851847569366971, 0.9167355945414197], "family_test_accs": [0.8938064973838197, 0.9216512331855103, 0.9171968393254056, 0.8783346190934808, 0.867248642221487], "genus_test_accs": [0.918425708809894, 0.9268213109350906, 0.8516044396092699, 0.9215815658948179, 0.9309992235883376], "species_test_accs": [0.9243929028087532, 0.9273094751157277, 0.8788074509618408, 0.9286494784772882, 0.8990107102902846], "feature_type": "ko", "model_class": "nonlinear", "n_classes": 3}