{"phylum_test_accs": [0.8916261793939686, 0.7628121939763783, 0.8288354614576718, 0.7630972188689439, 0.7264362480964297], "class_test_accs": [0.8774535733441317, 0.7936812555925447, 0.8817261698619149, 0.885507613354524, 0.8730670985479668], "order_test_accs": [0.8118873458756678, 0.8289956664656378, 0.8407884946004366, 0.8320773752353897, 0.8186188323811664], "family_test_accs": [0.8539367546543728, 0.8768747821547489, 0.8608978555174719, 0.8939608127723715, 0.8759415677800186], "genus_test_accs": [0.8856969723645335, 0.8364478324226076, 0.861554646303517, 0.8630570655795397, 0.8727364155871692], "species_test_accs": [0.8854558676196497, 0.8744708139582688, 0.882184720147062, 0.8596038396655598, 0.8728164769222061], "feature_type": "embedding_genome", "model_class": "nonlinear", "n_classes": 3}