{"scores": {"Phylum": [0.617213118852508, 0.6631413431690825, 0.6032848937240266, 0.6166014350945858, 0.5546825396825397, 0.5602388740212112, 0.492015392015392, 0.5320831738742187, 0.4959621275410749, 0.6094267455517085, 0.6324157858423839, 0.5421317244846656, 0.6741037376048817, 0.5105221575809811, 0.5770833333333333, 0.6241306614854333, 0.6608551266085513, 0.6128695853252409, 0.5387623648493213, 0.6305102056077961, 0.638749305290228, 0.6237820901556499, 0.7255930087390761, 0.5260165877749183, 0.5795321637426901], "Class": [0.6225845410628019, 0.6426206632057796, 0.6333333333333333, 0.5643939393939394, 0.6768573595215761, 0.5838375350140056, 0.5792950513538749, 0.6400454150804782, 0.5834586466165413, 0.6243351548269581, 0.6074791679096315, 0.6803327271104398, 0.6603960396039604, 0.6584500466853408, 0.6109455760183493, 0.6324538585408152, 0.6569746924783222, 0.6467745714638057, 0.5951626530782372, 0.6280051104514287, 0.5351731601731601, 0.6777462686567164, 0.5996078805186585, 0.6219559228650138, 0.5940345654366911], "Order": [0.6349893984654132, 0.5603425559947299, 0.6101992240265206, 0.6238412346070504, 0.6711885622640771, 0.6661853634456375, 0.6133707977472191, 0.5580362899511836, 0.6038849217785464, 0.6278107010372457, 0.6608418556395436, 0.687643946467476, 0.5937562421972534, 0.599780998422576, 0.6611822947000582, 0.7094594594594595, 0.5942214808273095, 0.6408740452084105, 0.6507004576203045, 0.6264498202394576, 0.542254120148857, 0.6168761793761793, 0.6843902707594252, 0.6754136839921153, 0.6124497079243215], "Family": [0.5236612716805901, 0.5932192558544783, 0.6320412150704122, 0.6300402239437758, 0.6486310129720984, 0.7399164865075241, 0.618870524803266, 0.6697746416020527, 0.6424787360459875, 0.5421548599010594, 0.6694360375107862, 0.7149933159372575, 0.5977921535259364, 0.62459085042154, 0.6843053970669034, 0.6746057161725755, 0.6953028567916385, 0.6752136987071182, 0.6213281306913322, 0.5910005668934241, 0.6093509984639017, 0.709137874246866, 0.6662647754137117, 0.6877504594895899, 0.7096443916390168], "Genus": [0.6772997447315955, 0.6653804599475227, 0.6762593693129112, 0.7039244526113508, 0.7118005378482851, 0.6543917014319539, 0.6903404056514105, 0.6435252051440553, 0.6775777605256158, 0.7018322242362217, 0.7354625621292287, 0.7310798006014915, 0.6061616047398347, 0.6894807175166995, 0.64092845360451, 0.6886346947481138, 0.7049865217715755, 0.6870418232482041, 0.7077040031539217, 0.6610950887134858, 0.7421239505768096, 0.6640611629508274, 0.6546384909531645, 0.6482246617106996, 0.6618773085754217], "Species": [0.7259137206080689, 0.6854581909055381, 0.7450783805452094, 0.6980485118451097, 0.7156988074273333, 0.6749689858733833, 0.6606043280306955, 0.6852888365847981, 0.7408374182567732, 0.6895413955191039, 0.7183667103447031, 0.6826903924811124, 0.7179048881758404, 0.706703413940256, 0.717284566496729, 0.6874182236876538, 0.6934651650783793, 0.704838920427119, 0.6886543308029714, 0.6906471909617112, 0.718056682126689, 0.6784692156820172, 0.6729146948881942, 0.651623878290842, 0.7062402656557643]}, "feature_type": "metadata", "model_class": "nonlinear", "binary": 0}