{"scores": {"Phylum": [0.612977602108037, 0.5308176100628931, 0.6230240549828179, 0.5517859002395085, 0.5360949799974191, 0.6222664504398251, 0.6014660493827161, 0.34192163177670426, 0.5459123087935321, 0.603014261019879, 0.595575221238938, 0.519501020747282, 0.5489487820690933, 0.5055138769319066, 0.589857285750009, 0.6151626151626152, 0.6240872608774365, 0.5485882868500954, 0.5743589743589744, 0.6068872987477638, 0.5591951137884873, 0.5564804869316148, 0.5144927536231885, 0.6315280523784007, 0.39285714285714285], "Class": [0.6241638085693962, 0.49797365754812567, 0.6322234885385831, 0.6325939958428711, 0.5673790115297055, 0.6135839393228556, 0.6282673004359453, 0.5625396825396826, 0.6066238594119635, 0.6053667792896648, 0.5750580075039494, 0.6039509124416195, 0.516206357477853, 0.5581795500494687, 0.5798659809880006, 0.6184300203657774, 0.5799235699981636, 0.623652917131178, 0.6217724071408144, 0.5342561296206878, 0.6392266329591396, 0.6102898550724638, 0.6379648879648879, 0.5884459625001802, 0.5610733255603058], "Order": [0.62671834625323, 0.592495904995905, 0.6080115416694845, 0.6384291100865812, 0.6088779915958755, 0.6181141439205956, 0.588510101010101, 0.6187125748502994, 0.6114290930667762, 0.5709495998269521, 0.6154308466681692, 0.5847361594648098, 0.6423302685574775, 0.5218200408997955, 0.6186438529784537, 0.6010507489380729, 0.5427696078431373, 0.5650323725981621, 0.6244409365956328, 0.6194408228306533, 0.6154329004329004, 0.6206917221123299, 0.5839871822058859, 0.6233120997976179, 0.6257155696227263], "Family": [0.6206018518518519, 0.6196928635953026, 0.5669837331127653, 0.5890277777777778, 0.6348540348540349, 0.6181818181818182, 0.6166590396772936, 0.6195681511470985, 0.6152501441753172, 0.6014016928136288, 0.6474644747840624, 0.6296809986130375, 0.6214352800546448, 0.5981448136629017, 0.6310668498168498, 0.6200074135853952, 0.6015203085999546, 0.6041455921471657, 0.6175708061002179, 0.5621800662451069, 0.5950577093814738, 0.6019859892538938, 0.6077028659620359, 0.6100863511008635, 0.634959068373112], "Genus": [0.6166236821863263, 0.6171166555663712, 0.6036238831686745, 0.5887458532412527, 0.6192322814501231, 0.5974139437358029, 0.609595040765447, 0.6211149961149961, 0.5833364096127579, 0.6179505991685009, 0.6275718866635126, 0.6154228226286368, 0.6147597649498789, 0.6037985865724381, 0.6007794361525705, 0.6209004543577034, 0.6163076548618718, 0.6109215017064846, 0.607104803307335, 0.5949877715436628, 0.605070936929344, 0.5953830542871639, 0.5791527449211032, 0.623623484822223, 0.5776202468675186], "Species": [0.6013083186492992, 0.6104388153921535, 0.6176190476190476, 0.6081653318604437, 0.6136354175958136, 0.6147080028839221, 0.6103076790485219, 0.6135963305952319, 0.612175764614789, 0.6205314340501301, 0.6179461108286731, 0.6125360581100338, 0.6097578147000845, 0.6157497379362331, 0.6159082559177033, 0.609030966678441, 0.6248351608649313, 0.5876473063973063, 0.610022742040286, 0.6121024996947337, 0.6057263814616756, 0.6167283009388272, 0.6170007743267659, 0.6167283009388272, 0.6060796044853652]}, "feature_type": "metadata.pct_oxygen_genes", "model_class": "logistic", "binary": 0}