{"phylum_test_accs": [0.5295414462081128, 0.47209407507914963, 0.5126528934114503, 0.5064208782104391, 0.6586853197022687], "class_test_accs": [0.632784198016556, 0.6372604212629774, 0.5732648944003254, 0.6494718343678366, 0.6053206787460454], "order_test_accs": [0.5847617196475422, 0.6863418460733897, 0.5788558229933947, 0.6300569800569801, 0.6094946208079509], "family_test_accs": [0.6184972922727786, 0.5809101112131415, 0.5896333899093503, 0.6037441879407002, 0.6035214785214785], "genus_test_accs": [0.5745553658939486, 0.5907367922293295, 0.6608347275013943, 0.6004619983694175, 0.6535912486867953], "species_test_accs": [0.6140403985226862, 0.5983865008948995, 0.6435697131112064, 0.6164009784075574, 0.6455122883043423], "feature_type": "percent_oxygen_genes", "model_class": "nonlinear", "n_classes": 3}