{"scores": {"Phylum": [0.5434468912729783, 0.3495726980525619, 0.5146417445482866, 0.5502283105022832, 0.5897289041618938, 0.5279869043498328, 0.4965544871794872, 0.3638962233157186, 0.586778499594343, 0.5607597716293368, 0.33982850333321823, 0.5857823340581961, 0.5656759249120654, 0.5900683766698334, 0.5026455026455027, 0.3892602739726027, 0.4679127107206075, 0.582078853046595, 0.4615712176343405, 0.5544059227157819, 0.5167374095996977, 0.55256509079029, 0.5259680853306351, 0.43274774177537084, 0.5912027759394977], "Class": [0.514630467571644, 0.5253786658072833, 0.6555547704012531, 0.4584424014175437, 0.3589211284863459, 0.31454101496626974, 0.5024117205742272, 0.30851371207048356, 0.52381286399242, 0.3426234795650664, 0.5833906071019473, 0.5847922502334267, 0.5880162214564697, 0.6122054477194664, 0.569401424730968, 0.501653371972825, 0.6037199234873653, 0.42265805264110456, 0.3819246288063389, 0.49282263227631656, 0.362167385966013, 0.458299930759078, 0.4980413021972301, 0.42437494478310805, 0.5850003402054841], "Order": [0.5327530625402965, 0.49689281375572375, 0.5702139796378761, 0.5204081098009843, 0.5131956183874802, 0.6092941878398681, 0.5695343915343916, 0.616118298988256, 0.6051087399605701, 0.5046320358820359, 0.5902284298510714, 0.4385122124252559, 0.5691295356269975, 0.4699349262492585, 0.477214301381882, 0.5719733284169125, 0.5273653231352168, 0.5380085493079844, 0.5658338254652817, 0.4856496040065223, 0.6136955291454442, 0.5516909941206583, 0.5189480550691798, 0.5718865482985084, 0.5613997113997115], "Family": [0.6412717824232643, 0.6147376693240002, 0.5999031818703949, 0.6008537015584254, 0.49936522968563796, 0.519888473496721, 0.6548354009174905, 0.47776157280318743, 0.6238019958950192, 0.4910309996516893, 0.5442809012788729, 0.6596558090052881, 0.5902570949299921, 0.5855946094526234, 0.5889018389018389, 0.5003955462402648, 0.5933203761831763, 0.5602199241088129, 0.559994118418886, 0.607914157273187, 0.592789306692964, 0.5648314981648315, 0.6486162876537208, 0.5945564771146167, 0.6432154207303163], "Genus": [0.5816942551119766, 0.4974522641293703, 0.5874717892195455, 0.647892379840992, 0.6068309751841072, 0.6128235844095132, 0.6157656809830723, 0.6080527999776023, 0.5453262412269113, 0.4761940536112274, 0.6555879749124055, 0.5272702989829489, 0.5522362528589825, 0.6104661385968628, 0.6703996486605183, 0.5008784587731957, 0.6733162558405277, 0.517783389268384, 0.5211999060786997, 0.49640365379866697, 0.6466321320319853, 0.5921418093497499, 0.5920291644512273, 0.6056485939571558, 0.5225438323477539], "Species": [0.6229928591154772, 0.6409129858932667, 0.6451832760595647, 0.6630656836729919, 0.6217504069656288, 0.6565642883947838, 0.6204823666569513, 0.6693848166966446, 0.6504050526937851, 0.6168605837926108, 0.6242198193265809, 0.6187079079800013, 0.6354453303437742, 0.6508960573476702, 0.62324462194576, 0.6518738248428227, 0.6536546868633714, 0.6411831223480935, 0.6512583490358482, 0.6368915883184957, 0.6569502893544705, 0.641762700962108, 0.6276671828454511, 0.618868529540989, 0.6234680368175514]}, "feature_type": "aa_1mer", "model_class": "logistic", "binary": 0}