{"scores": {"Phylum": [0.5244715059521728, 0.4943005910498171, 0.5260030165912519, 0.5193216823995073, 0.5510820413436692, 0.5495059348104799, 0.49034261085543135, 0.5230623783310513, 0.594047619047619, 0.4568253968253968, 0.41261103829911167, 0.5686251962992944, 0.4311619311619312, 0.5758493567680847, 0.5360683760683761, 0.3578042328042328, 0.5573139680831988, 0.6529559592963375, 0.3740863787375415, 0.548464861355212, 0.4704639608021251, 0.5306375751241181, 0.541251101259364, 0.5659947899706936, 0.5676119006931103], "Class": [0.5267857142857143, 0.5093096926713948, 0.4314161615197365, 0.41646090534979424, 0.5840340984039045, 0.5150796309104521, 0.5644233105957522, 0.5839726631393297, 0.6861732644865176, 0.5410896130789811, 0.5294740429883049, 0.5532023172546968, 0.524704361772975, 0.42806992075941674, 0.5646616541353383, 0.6592272236365039, 0.5272652726527265, 0.5152930344419706, 0.5625622052299165, 0.6071458221901025, 0.5181573401042184, 0.5349050235015147, 0.5255320910973085, 0.4588560334528076, 0.5008939893332957], "Order": [0.6509915427238261, 0.6232682801550217, 0.5730273171513258, 0.6525015124016939, 0.6871947337767003, 0.5709956709956711, 0.6877888044372162, 0.5540644065771085, 0.6004443357384533, 0.45756842248070323, 0.628192935868963, 0.6452985739750446, 0.6151022245081651, 0.6317167748246366, 0.5096275907001905, 0.5752670647377658, 0.6106650557916321, 0.7538421828908555, 0.5841582541082689, 0.6453063358001596, 0.5985074626865672, 0.5899000920595746, 0.5857399261235708, 0.5398788413958853, 0.4290434969514519], "Family": [0.5928546704247638, 0.5135148250882818, 0.6299501378709299, 0.5850122963623341, 0.6094083342690321, 0.6687635931580069, 0.7702029555979507, 0.6601220645714597, 0.7234069948384835, 0.6230138354015119, 0.6837020086448004, 0.5703462877831095, 0.6538372732518302, 0.6220942232462141, 0.6137773346137249, 0.6264551819577686, 0.665456828716792, 0.7034046191834847, 0.6053667443414016, 0.5840704429920116, 0.776538590367393, 0.6309082397003746, 0.7305238621028094, 0.7002426016429464, 0.5775113595276095], "Genus": [0.7027539137281579, 0.7107893623727387, 0.650324905706835, 0.6604918811886988, 0.7189537892662893, 0.7011921451798196, 0.6991457444179506, 0.6782114869463715, 0.7460475601244312, 0.6640350877192982, 0.7579692534144488, 0.7463635652420196, 0.7640067118456764, 0.7807873017581469, 0.6759207383391109, 0.7089628293782072, 0.6878281143845347, 0.7232434549393457, 0.6412770602146626, 0.6755138890697007, 0.7515323118936662, 0.6503086295102397, 0.6511489361702127, 0.7118839952506186, 0.686483857349999], "Species": [0.746158197741682, 0.726322020058786, 0.7015459213988625, 0.718931475029036, 0.7660170158813674, 0.6951058831420059, 0.7489742788711861, 0.7409824142598019, 0.7804021307188393, 0.7316677295067647, 0.711768478435145, 0.7695811204831823, 0.7231233429959784, 0.7499326864311989, 0.7341619498605652, 0.7684946143405815, 0.7366070453199166, 0.7428319398267753, 0.7395974943834062, 0.7118521707157398, 0.7525473542988381, 0.7335442629811887, 0.7555881394591072, 0.726789582690427, 0.74284573387577]}, "feature_type": "aa_1mer", "model_class": "nonlinear", "binary": 0}