{"phylum_test_accs": [0.5458235935795542, 0.5186312740522394, 0.548735674911513, 0.5903959541703577, 0.47829102846028987], "class_test_accs": [0.5885353535353536, 0.64045683313976, 0.47137499077485256, 0.47072072072072074, 0.6956489009334538], "order_test_accs": [0.5638564825005502, 0.6147862354758906, 0.5546332894158982, 0.5372064837790644, 0.5471797309365368], "family_test_accs": [0.6230448975413939, 0.6029703981213135, 0.6764806181472848, 0.5529198510679992, 0.6172680805473519], "genus_test_accs": [0.6759387620617904, 0.6589241495783552, 0.6493538934524667, 0.7129933798532831, 0.6760969868173258], "species_test_accs": [0.7451664198100807, 0.7466909299421615, 0.7505271395343782, 0.7334254542070858, 0.7066405816405816], "feature_type": "cds_4mer", "model_class": "logistic", "n_classes": 3}