{"scores": {"Phylum": [0.374539101058438, 0.45549581839904424, 0.3326807515566795, 0.45656565656565656, 0.28840227088402276, 0.5150403833478426, 0.5916397328162034, 0.4261630388390952, 0.39865240398916596, 0.5381092009933893, 0.4747125273391009, 0.4210758377425044, 0.44718608914103686, 0.455513381265261, 0.4171496116176967, 0.4583760683760684, 0.402235400865327, 0.5505698005698005, 0.5244114662041556, 0.47169947360467174, 0.5034002229654404, 0.4877627204482891, 0.3651506377930383, 0.3546952938625027, 0.4665524977479789], "Class": [0.48777689734948654, 0.5161948577239475, 0.4940833863099425, 0.5002970885323826, 0.46005866114561766, 0.3903788069222534, 0.35562558356676005, 0.5153485205005502, 0.7220921155347385, 0.5156774916013438, 0.45456215431315034, 0.46606698649609096, 0.5419079128756549, 0.4149148692129639, 0.3605699936175091, 0.5684684997210553, 0.4901559506067703, 0.45623915528156295, 0.3511815520811023, 0.45737307963437157, 0.6339105339105339, 0.4501171179726173, 0.29124627581679546, 0.4007028217627601, 0.6030639347372415], "Order": [0.5783916146398017, 0.48425715906986894, 0.47008439115574435, 0.4535417004134945, 0.5323692752535257, 0.490674162976427, 0.5126899518252506, 0.35802607354331495, 0.46775526648059546, 0.41149997597802207, 0.5314092121942877, 0.5304925631961582, 0.4910213743517378, 0.5550178771254674, 0.5122549019607844, 0.4848837209302326, 0.5047112549195094, 0.4420853758169934, 0.4228857162562935, 0.4536715696018021, 0.359495076371885, 0.5689356592914645, 0.5145856726467896, 0.44640317008738056, 0.4531682211319356], "Family": [0.6182030134119509, 0.595874382182059, 0.5858574958500402, 0.48455149501661127, 0.5702661366487645, 0.5257958091960769, 0.532616433352714, 0.4949579831932773, 0.5952244212552082, 0.5582507556413561, 0.6064677949691454, 0.4940873996605852, 0.5699267374029672, 0.5081939081939083, 0.5559745916128894, 0.5144146257720618, 0.3964811513831122, 0.5517331986681282, 0.5268857769311666, 0.5645128259294141, 0.46905061388839875, 0.5779504640264134, 0.4870738383826046, 0.49690271062165897, 0.5903742376345116], "Genus": [0.5922557747134461, 0.6700962758215493, 0.5928080288538341, 0.6112032567971265, 0.5655828711320887, 0.6170098412779441, 0.5705093798510801, 0.5624183006535949, 0.6552139890478101, 0.5872745275302423, 0.6294261294261294, 0.5447735554345362, 0.5128187926389992, 0.588121819700767, 0.5984055609257414, 0.5797483690587139, 0.6549451254375322, 0.6097123998114097, 0.5759832120342482, 0.5110672826190067, 0.5839506172839507, 0.6001232455817788, 0.5974563738538894, 0.558565169008207, 0.556362465923581], "Species": [0.617181201688244, 0.6253869424511046, 0.6293881044073598, 0.632019837799895, 0.5998442778225596, 0.6644260865342955, 0.6149402322805754, 0.6459953308790519, 0.5691438350184225, 0.6256410668315936, 0.6463370552403571, 0.611251328601181, 0.6477702691365482, 0.6380758365927858, 0.5951563125593181, 0.6014247354074885, 0.6153363023866621, 0.6134381734521521, 0.6483765282566876, 0.6026681841750335, 0.6221928333018453, 0.6473360346273128, 0.6531875775296828, 0.6438234949331164, 0.6333333333333334]}, "feature_type": "cds_2mer", "model_class": "nonlinear", "binary": 0}