{"phylum_test_accs": [0.634438158674484, 0.6247926652148665, 0.6589899643882381, 0.6605816093718057, 0.6231712984072213], "class_test_accs": [0.6375165775511588, 0.6558911553150989, 0.6297014075998318, 0.6564145905004705, 0.6395784118972409], "order_test_accs": [0.6646248749004197, 0.6599487077140974, 0.6601608533855294, 0.6656318080023217, 0.6611500225970875], "family_test_accs": [0.6342789447683729, 0.6612304370249061, 0.6432816872025295, 0.6595855048367224, 0.6351205222417686], "genus_test_accs": [0.6532972497997768, 0.6460509202223949, 0.6504813608172434, 0.6622546838925031, 0.6506597778121549], "species_test_accs": [0.6571475985224363, 0.6502297234977588, 0.6589561035377037, 0.6542333237623725, 0.662208479105478], "feature_type": "chemical", "model_class": "nonlinear", "n_classes": 3}