{"phylum_test_accs": [0.533463243691787, 0.561710287896611, 0.5417307597279868, 0.5365431440479519, 0.5450197282479585], "class_test_accs": [0.5683285015453693, 0.543494716598344, 0.545690717936084, 0.531951106674501, 0.5376897391894571], "order_test_accs": [0.5565524031286778, 0.5507411657473693, 0.5374675352141308, 0.5656743814628092, 0.5421769804921542], "family_test_accs": [0.5388634797062644, 0.5570533096641935, 0.5525848397324082, 0.5652571370521907, 0.5545988911325488], "genus_test_accs": [0.553756636559982, 0.5369356846703777, 0.5373456031803902, 0.5437821894550728, 0.544129889190044], "species_test_accs": [0.5435882059344647, 0.540214593893202, 0.5441943926044288, 0.5369306550218039, 0.5485955588375196], "feature_type": "chemical", "model_class": "logistic", "n_classes": 3}