{"scores": {"Phylum": [0.5971980676328502, 0.5090505290556216, 0.5499674924199615, 0.5536509469392135, 0.3343653250773994, 0.341507120421687, 0.3636363636363636, 0.36459784347108287, 0.5294084037178046, 0.597953216374269, 0.48925711129522237, 0.6082364341085271, 0.8888888888888888, 0.4652179438302198, 0.39066352234966234, 0.5992802519118309, 0.3462962962962963, 0.35880544576196755, 0.6222222222222222, 0.610429880197322, 0.4573261276467871, 0.5991973267190299, 0.6197596532702915, 0.3577628635346756, 0.38461176912953565], "Class": [0.46974306469699184, 0.41726704903600204, 0.6708049512927562, 0.4845012812931204, 0.5527403814876979, 0.37453027566006347, 0.5474436674779263, 0.49535660667343145, 0.5090397144526436, 0.6624472573839663, 0.5603323460287307, 0.39451464536431863, 0.8010752688172044, 0.5845238095238096, 0.644659788064696, 0.6231386025200458, 0.5252463508461805, 0.4161735700197238, 0.5566501929162874, 0.5842791716447631, 0.7828070175438597, 0.7198274464941131, 0.6940026697177726, 0.41988060883834094, 0.5707236533147465], "Order": [0.8440172446062202, 0.6015223030148403, 0.6456463727235077, 0.6831658322801543, 0.6084007677144933, 0.674565444157675, 0.7987577639751553, 0.6780286467001256, 0.7605131860299358, 0.728450374684781, 0.7000838184252528, 0.6599906629318394, 0.7013396754547757, 0.7192384200056834, 0.8341460921347409, 0.800022275022275, 0.6113585245164193, 0.6752776371610453, 0.8788273283046802, 0.6948233034080155, 0.6554107422528475, 0.6164509543156174, 0.7405704555129842, 0.6936821705426356, 0.6106934001670844], "Family": [0.762211630928324, 0.6617191818684356, 0.7466478119793037, 0.771643452798468, 0.7170676527312159, 0.8289913026919846, 0.8574187063141409, 0.8749095886600154, 0.7662440962294087, 0.7790443005064206, 0.8969619476019485, 0.7559239475246108, 0.8074458663872673, 0.8160930536560772, 0.8143040879065723, 0.7744933041551398, 0.7670476953716556, 0.807679974346641, 0.8597585822473378, 0.8531199735074274, 0.6765066951267875, 0.8753624268933181, 0.8794577549742697, 0.7636362394843221, 0.8559871325440943], "Genus": [0.8949846383490573, 0.8501077707292657, 0.8868602698187145, 0.9164019261124098, 0.870014880952381, 0.8672755611807564, 0.9104275841117947, 0.9268811292437581, 0.9198311394312629, 0.8798160173160173, 0.8863559444954793, 0.8552002446558774, 0.8035602591273712, 0.868313033340789, 0.9200899748581364, 0.9080151203438875, 0.8724648213609542, 0.9198269809370562, 0.919083249496982, 0.8768922476146811, 0.8746937369200142, 0.8502886002886002, 0.9072066822066822, 0.8854584568870284, 0.901143207823865], "Species": [0.998389694041868, 1.0, 1.0, 1.0, 1.0, 0.9952380952380953, 0.9939215686274511, 0.9952380952380953, 1.0, 0.9947916666666666, 1.0, 0.9901960784313726, 0.9911111111111112, 0.9948717948717949, 0.998435054773083, 1.0, 0.9956140350877193, 0.9942918883656452, 0.9953051643192489, 0.9950980392156863, 0.9942528735632185, 1.0, 0.9893171923117765, 0.989602053915276, 0.9941541686824706]}, "feature_type": null, "model_class": "meanrel", "binary": 0}