{"phylum_test_accs": [0.5016540299777293, 0.4828698836900512, 0.3399668325041459, 0.5010736701384183, 0.5075732987125392], "class_test_accs": [0.5089836624875557, 0.47849225151332425, 0.6869654294466324, 0.7124849140295607, 0.5365390111282085], "order_test_accs": [0.55634559468648, 0.6424915112935112, 0.7181451612903226, 0.652384772294928, 0.6127547128691293], "family_test_accs": [0.7137653780408443, 0.5939883529169244, 0.6424996986662345, 0.7056878306878307, 0.697582963316331], "genus_test_accs": [0.8075640429060624, 0.8161453235981474, 0.7097778870584378, 0.7565752061927652, 0.6956021299633633], "species_test_accs": [0.7608574889125664, 0.7581807983588051, 0.7492099570086158, 0.8015949000560433, 0.7630753306497988], "feature_type": "nt_4mer", "model_class": "nonlinear", "n_classes": 3}