{"phylum_test_accs": [0.2952861952861953, 0.3211536233950227, 0.43005779386853554, 0.46740264618723654, 0.2767527831661133], "class_test_accs": [0.49040557897341813, 0.47578634445723056, 0.28738058052987775, 0.37536382179790645, 0.2777203669458646], "order_test_accs": [0.4315983805469033, 0.4737531350468784, 0.24661203630275794, 0.41128969640500035, 0.4098778735632184], "family_test_accs": [0.43140319351838713, 0.4182206682206682, 0.44015385620711106, 0.33996255518565227, 0.5281082770032389], "genus_test_accs": [0.45832692274817516, 0.4768675418435848, 0.4392556007044539, 0.4916655686439859, 0.3871881155370669], "species_test_accs": [0.4776344289144488, 0.4143396765021466, 0.5064535581131464, 0.4544788585825392, 0.4659187235103465], "feature_type": "nt_1mer", "model_class": "nonlinear", "n_classes": 3}