{"phylum_test_accs": [0.7375589652614565, 0.7575901968406106, 0.6767640024136289, 0.7572301832868048, 0.7707781591318422], "class_test_accs": [0.7638751087277799, 0.7753615343172863, 0.7661622847385384, 0.7531812745079066, 0.7046177317398682], "order_test_accs": [0.7654221830208726, 0.7657596277162056, 0.7365028741143922, 0.764834650784084, 0.7582913594149607], "family_test_accs": [0.7766948473834342, 0.7721439979888466, 0.713933488653539, 0.7699517365807432, 0.7554549840692898], "genus_test_accs": [0.7732911978719036, 0.7614748323635125, 0.7217037661333023, 0.7567634972975105, 0.7815280498316411], "species_test_accs": [0.7696664002759982, 0.7781539645129251, 0.7707296309827729, 0.7869979238824, 0.7679233194148889], "feature_type": "aa_1mer", "model_class": "nonlinear", "n_classes": 3}