{"phylum_test_accs": [0.45000818272014076, 0.4316919191919191, 0.464959578760302, 0.5057555813653375, 0.48293483920060876], "class_test_accs": [0.48636548636548643, 0.47722876082251076, 0.44486937372272184, 0.4436499933183767, 0.4330931917138814], "order_test_accs": [0.43485519740899936, 0.5097577222140989, 0.4463017298440078, 0.4623112979940718, 0.44123943700994656], "family_test_accs": [0.5218290073128783, 0.49194479355769677, 0.5305126995923107, 0.4913697509196167, 0.5343838209808539], "genus_test_accs": [0.48616524846486153, 0.49338143550240615, 0.5097652347652347, 0.5045639320029564, 0.467394620818014], "species_test_accs": [0.5073041711242676, 0.4904551800043604, 0.48491562428570306, 0.4936142088507438, 0.4582980560645311], "feature_type": "number_of_genes", "model_class": "nonlinear", "n_classes": 3}