{"scores": {"Phylum": [0.6318884818884819, 0.5698510395797701, 0.5457029458821089, 0.6140665963567127, 0.5022385022385022, 0.6254934828208439, 0.5701234567901234, 0.6088985088985089, 0.6081780538302278, 0.5450613676212741, 0.6741791541791541, 0.5303597790524112, 0.6114615384615385, 0.6110481300169927, 0.5532796092210813, 0.5949520949520949, 0.5114969135802468, 0.4942650545200152, 0.5788888888888889, 0.7419373516298998, 0.4551821328630039, 0.6200297287253809, 0.4547728225299186, 0.5711692925548347, 0.6004603601035706], "Class": [0.6185681216931217, 0.6126185085609169, 0.5973666960443983, 0.6866666666666666, 0.6361737677527152, 0.5178800034466734, 0.414624183006536, 0.5517045454545455, 0.5412912912912913, 0.6098949856516315, 0.5621803069053709, 0.5853634719366879, 0.5013552794128333, 0.5611081310975267, 0.5580540858318636, 0.7267199733466599, 0.5710346638655462, 0.572609074457915, 0.756546598056032, 0.6141937371963712, 0.586774135189766, 0.6303552222214202, 0.5446752722872126, 0.577280535615753, 0.49738766980146293], "Order": [0.49995840161689625, 0.5999206349206349, 0.6194318003764461, 0.7017344741283976, 0.6158724018773531, 0.5537944194194194, 0.613663191451274, 0.656311733846174, 0.6801619121401523, 0.7278844244602013, 0.5765784529935473, 0.6795987258118196, 0.5716401466401467, 0.4958281780400368, 0.605451290282751, 0.6234382808595703, 0.6440165828323724, 0.6232201791607732, 0.5950599968832787, 0.6745892362330719, 0.522901933050448, 0.5930760046261442, 0.500716605093596, 0.5375493132770063, 0.5953864912791055], "Family": [0.6937444304255376, 0.656179373645127, 0.6579895268590981, 0.6596762004418091, 0.6477767967724926, 0.6713437443746594, 0.6267878509307511, 0.6147079037800688, 0.685672514619883, 0.644477068824895, 0.6320486426449209, 0.6169879600963193, 0.6462128854865191, 0.6155777039497969, 0.6046980154441068, 0.5745706459744387, 0.6599647266313933, 0.7179665470743776, 0.6442315472190825, 0.6312217764598717, 0.6181835743953178, 0.6332266458495966, 0.6431886822444762, 0.7249941635149648, 0.6428533641544044], "Genus": [0.70939589352763, 0.7482196344519836, 0.7169635564388415, 0.6822979618815453, 0.6608452653695881, 0.6924437541793395, 0.7315746219592373, 0.6868278214693824, 0.6945631481869814, 0.6404401615224428, 0.7774250505733553, 0.7070627470149317, 0.7012110966204576, 0.6881142846634406, 0.7443396226415094, 0.7055489056617815, 0.753019505536412, 0.7081716859679644, 0.7457213317348378, 0.7059841228410147, 0.6201270956687704, 0.7207543467169041, 0.6878101428580427, 0.7931993426873974, 0.7218039197966938], "Species": [0.7873468631450774, 0.7807850574920017, 0.7594500864930186, 0.7763215968746492, 0.7818036632648746, 0.7602001569026567, 0.7912399768892637, 0.7634073855858041, 0.7622043853630428, 0.7609206601974546, 0.8115990142243596, 0.7429276315789473, 0.784075349361685, 0.7915254663704832, 0.7375965378788681, 0.7603962882405595, 0.7525079720641975, 0.7871037666493687, 0.7468014319988004, 0.7266876383413005, 0.7860917689927124, 0.7488781102227965, 0.7745084191135359, 0.7874441097610964, 0.7898758648758649]}, "feature_type": "embedding.geneset.oxygen", "model_class": "nonlinear", "binary": 0}