{"phylum_test_accs": [0.4861111111111111, 0.5772596242685556, 0.44717879180482667, 0.47622160966330007, 0.46061894467490944], "class_test_accs": [0.5509842889692702, 0.6393816785973648, 0.5872900124237023, 0.5428246936666574, 0.6254636514397709], "order_test_accs": [0.6633613018052377, 0.6815993876413016, 0.6266428610972706, 0.5416916551324812, 0.5975009953035764], "family_test_accs": [0.6352133213002779, 0.7317088422209718, 0.6615240876829345, 0.813739370343144, 0.7337541590993895], "genus_test_accs": [0.7657804220944424, 0.7636924644461218, 0.7437125583084051, 0.7007449201025843, 0.690848542218563], "species_test_accs": [0.8053868181786008, 0.8049129747242955, 0.7784887624916065, 0.7615356108078971, 0.7778411316147166], "feature_type": "embedding_genome", "model_class": "nonlinear", "n_classes": 3}