{"phylum_test_accs": [0.46926799758015725, 0.5387619354146551, 0.42833827255937806, 0.4491532783326096, 0.2729195133060056], "class_test_accs": [0.5198084002677376, 0.37410212963885847, 0.3796930064443301, 0.4586138395320605, 0.330508100958889], "order_test_accs": [0.3473804786881292, 0.4161574201226769, 0.5100546751922899, 0.4660678642714571, 0.42753907955637055], "family_test_accs": [0.4693054416188132, 0.40870703065018993, 0.3942818010614621, 0.4327387588257153, 0.32884012539184954], "genus_test_accs": [0.36027075562923055, 0.3515968918267769, 0.3525303454715219, 0.3791376765760068, 0.3044699288235363], "species_test_accs": [0.39937751004016064, 0.3982024944974321, 0.3848583063242749, 0.4034525823865926, 0.40227471566054246], "feature_type": "cds_1mer", "model_class": "logistic", "n_classes": 3}