{"scores": {"Phylum": [0.5655778860149446, 0.440836712586159, 0.6025999403658978, 0.5689065517743881, 0.5434111711483974, 0.6310010440445223, 0.5350620873285074, 0.6033046926635822, 0.6551037918887231, 0.8384208384208384, 0.5741948573192784, 0.6403084301433436, 0.48145019795993993, 0.4878563931800002, 0.4366290369163996, 0.5430590049636547, 0.5986750096032821, 0.5169232171693494, 0.6040940204055275, 0.6087583200482521, 0.6104197628434282, 0.5310344827586208, 0.45285832642916324, 0.4059832238295446, 0.5104032935713853], "Class": [0.5995321205405238, 0.570546817453096, 0.6305013171941863, 0.36446030183727035, 0.6226448466829307, 0.6386465767909068, 0.7380952380952381, 0.7852758780110638, 0.46480319367643314, 0.6362869928014008, 0.3948632136725321, 0.5966550973186334, 0.48891562443224296, 0.4814232217305503, 0.6375356350966107, 0.5518931501705303, 0.5855515224843718, 0.4560088899599684, 0.46588113451630514, 0.6006736427297176, 0.6151202634235508, 0.6114724834552421, 0.5542560103963613, 0.5302291204730228, 0.5714743890023547], "Order": [0.5966862945895204, 0.7414526891719496, 0.6040812478280045, 0.7906209655013271, 0.607601807669974, 0.6621902710988056, 0.639699296858144, 0.7986037173553067, 0.6387203303765576, 0.6114969467961289, 0.6692708800184018, 0.6492792413488914, 0.6637024500206778, 0.8050943354688154, 0.5858623652337795, 0.6787301587301587, 0.5597715496571761, 0.5471585401340798, 0.5884557588614868, 0.697782874617737, 0.6259250109793587, 0.6089017456272644, 0.6228964831967068, 0.6678404247886537, 0.5491741961503686], "Family": [0.7374845890121767, 0.7690713505475345, 0.7440334378265413, 0.643567315668765, 0.6981028499477918, 0.7562002376708259, 0.6595204135165772, 0.6757022047719722, 0.7609770056661155, 0.6541425559038169, 0.6852130926693382, 0.6857753357753357, 0.6239904751557294, 0.7120098039215687, 0.7325980712404369, 0.5579084031753935, 0.6548002163431736, 0.6020735406874022, 0.7067103868574457, 0.7263845350052248, 0.7056792925710503, 0.7808226878059008, 0.674344375431332, 0.7934770634811782, 0.736654353179777], "Genus": [0.7647595431076164, 0.6602912436245769, 0.6749068397643948, 0.7442474001094691, 0.7424041277676329, 0.7520943752793593, 0.7086285650623886, 0.7452044252044252, 0.7338473117557526, 0.7457828169435713, 0.7190033908300162, 0.757137268052761, 0.7449939320388349, 0.7181223023574229, 0.6645472582972584, 0.6955861202330639, 0.7217249507572089, 0.7138301708702183, 0.776509145789651, 0.7464480697717509, 0.6940942546914443, 0.6586626618598873, 0.7421253307953015, 0.788405920768198, 0.7420870412235544], "Species": [0.7761933661590138, 0.774403073286052, 0.7723099393329879, 0.796266007769736, 0.7930875576036867, 0.7977457518083814, 0.8044719445187405, 0.7795263736900006, 0.7877030629652434, 0.7968306576636434, 0.7746451409051337, 0.7748662162677965, 0.8084886908349839, 0.7706815511163337, 0.7822623977963784, 0.7771921202118004, 0.7959568149938819, 0.8116716897387435, 0.8325780267372052, 0.7787074643558373, 0.8199413145539906, 0.8457700363476713, 0.8332356248732555, 0.7560214680303634, 0.7528810866451844]}, "feature_type": "KO", "model_class": "nonlinear", "binary": 0}