{"phylum_test_accs": [0.44323825355642904, 0.4222666666666666, 0.31699346405228757, 0.19766073736618503, 0.24236647957922974], "class_test_accs": [0.44478688691750784, 0.35334727339108496, 0.37510442773600666, 0.3751808049008764, 0.38829093281148075], "order_test_accs": [0.4040416461715035, 0.3484369938451571, 0.23671057075312393, 0.3632338640894843, 0.35096075606203136], "family_test_accs": [0.4398263008907268, 0.3950640164326862, 0.43614926739926735, 0.36304795528096495, 0.4255821869806371], "genus_test_accs": [0.39164086687306504, 0.3504988752150324, 0.3709004174120453, 0.4484566488685482, 0.43574333348339556], "species_test_accs": [0.4113024843241527, 0.3776190574489606, 0.41468052738336714, 0.4137996027431024, 0.40703566019551146], "feature_type": "nt_1mer", "model_class": "logistic", "n_classes": 3}