{"phylum_test_accs": [0.41567745607711754, 0.4135153109157816, 0.44206349206349205, 0.4361196058443764, 0.5094654377356775], "class_test_accs": [0.40716799238846796, 0.3790064102564103, 0.536457088667615, 0.27258297258297254, 0.39297596864980594], "order_test_accs": [0.5756622452361745, 0.4340269605597875, 0.4635389697950378, 0.5099778030426073, 0.47015887034712867], "family_test_accs": [0.430721747388414, 0.6659735682019269, 0.6749240829871757, 0.5155200474721374, 0.6082590612002376], "genus_test_accs": [0.6487026862026862, 0.6322491231199096, 0.6319643702479977, 0.5169535063933992, 0.6310872110038045], "species_test_accs": [0.6249516815145427, 0.6258467063180339, 0.6622226708840883, 0.6411813346380432, 0.6365850100741199], "feature_type": "cds_2mer", "model_class": "nonlinear", "n_classes": 3}