{"scores": {"Phylum": [0.5422204501151869, 0.5202020202020202, 0.39752168482145006, 0.5216753879465897, 0.5178884726437597, 0.4973990844777361, 0.4833133605902533, 0.5890325704968434, 0.49846153846153846, 0.4581711669053172, 0.4272126001616024, 0.8666666666666667, 0.5983602787582046, 0.42905876467520304, 0.45311640095021183, 0.5655813552316202, 0.3986374044215933, 0.6114415853699989, 0.596632007233273, 0.4151721294578438, 0.5123543123543123, 0.40541707710537206, 0.5511764252102137, 0.5787037037037037, 0.5535802469135803], "Class": [0.504914452129596, 0.5108397549891326, 0.4682205495557737, 0.5307742037624501, 0.5097007864288382, 0.5826363308053449, 0.535548518124655, 0.42932171309410405, 0.5958153697300835, 0.5470404984423677, 0.418293740433516, 0.4126661958043691, 0.6200502202138861, 0.510405453628164, 0.5466428995840761, 0.5883934903748734, 0.5336148368935254, 0.6622749231444883, 0.604616647720096, 0.6683629924260854, 0.448437449135714, 0.7870588235294117, 0.5128968253968255, 0.4940537848988553, 0.5457641895141895], "Order": [0.5243849384938494, 0.5777000777000777, 0.5531363838346177, 0.63424517195009, 0.669127988748242, 0.5624710928042569, 0.6107342175835327, 0.5226800008994423, 0.5521236846798645, 0.6335952787457804, 0.6031445386936951, 0.6876375344101263, 0.6568070717849097, 0.5629292648102749, 0.5936992300628664, 0.623970223325062, 0.6440857312992927, 0.5841830754805438, 0.6173875232698762, 0.707140721359302, 0.6459050693448111, 0.5865610007993622, 0.5979929388287666, 0.5981849809716935, 0.5824462574462574], "Family": [0.6339233760050783, 0.6550654440228431, 0.5841673921765455, 0.6885084920416688, 0.6893567844861604, 0.7211642290132172, 0.7025220304698322, 0.5948742079176862, 0.6166691035604893, 0.7268661462124825, 0.6990598280920862, 0.5691279960981048, 0.6092477126170659, 0.6346828247794432, 0.7243871180041394, 0.7062574272133095, 0.6211101110111011, 0.6635543174332761, 0.6791193551686939, 0.5603084415584416, 0.7779654654654654, 0.6168263045513637, 0.6778762519048444, 0.6505064209545521, 0.7536513071629264], "Genus": [0.7141167399182667, 0.7196115746840385, 0.7436427686427686, 0.6560222410307048, 0.6954822570739526, 0.6876436924402042, 0.6735318539710455, 0.7221836066906491, 0.6123185964485794, 0.6561695395930517, 0.6551934238794979, 0.6951074031110771, 0.7596088306443841, 0.7391309712674071, 0.6444555500027763, 0.7732982801598709, 0.6992597695674854, 0.6455364349383803, 0.8010136014677277, 0.7186406093969119, 0.663758389261745, 0.6575874933433856, 0.7668771816186261, 0.6874835163098897, 0.7752846223481362], "Species": [0.7692276905484453, 0.7211909660525578, 0.7119874033472868, 0.7339977962536312, 0.8088457389428263, 0.7799002207518612, 0.7792857214595662, 0.7433877836183379, 0.7574837019009099, 0.7966231022097704, 0.7680383390909706, 0.7737000034332406, 0.7301974448315911, 0.7898766604781026, 0.8179292929292931, 0.796290802216601, 0.7881516604562103, 0.7822681630062823, 0.7695396289146289, 0.758956472527743, 0.7928200967290314, 0.7933164002191345, 0.7819425380400989, 0.7477518593644356, 0.7778497621781204]}, "feature_type": "aa_3mer", "model_class": "nonlinear", "binary": 0}