{"phylum_test_accs": [0.5488620742791323, 0.6278364200811537, 0.6102427437907557, 0.6635315907644724, 0.5915844944066242], "class_test_accs": [0.6421043571310995, 0.6351559938196861, 0.6669681101822006, 0.636168124907699, 0.6616619838056664], "order_test_accs": [0.670517651393781, 0.6336109307639283, 0.6047365360327995, 0.6670350705435149, 0.6519308005912473], "family_test_accs": [0.6601589843350312, 0.6408261473157326, 0.6638179679233552, 0.6680636274350942, 0.6644612554486833], "genus_test_accs": [0.6556291695609197, 0.6743395913305122, 0.6704874226409179, 0.6490219237390399, 0.6640325377388753], "species_test_accs": [0.6628974893297984, 0.6488874182867653, 0.6782754741965799, 0.660915592665671, 0.66137448248455], "feature_type": "cds_2mer", "model_class": "nonlinear", "n_classes": 3}