{"phylum_test_accs": [0.8764115053662888, 0.9764954239125713, 0.8443448582631908, 0.9185647362131105, 0.9391029382978934], "class_test_accs": [0.9130342098206569, 0.9103526841730226, 0.954315323172438, 0.9933701059689897, 0.8756632945611722], "order_test_accs": [0.9257471442958511, 0.9411728636547574, 0.952145043318921, 0.9045630275583405, 0.9102671191753394], "family_test_accs": [0.9233165534922362, 0.9456907404870906, 0.911714777421059, 0.9078780180369673, 0.9690125243803026], "genus_test_accs": [0.9674025937454535, 0.96057209434373, 0.9614957899496565, 0.9164968923634338, 0.953308356761105], "species_test_accs": [0.9566032756694235, 0.9668778366126191, 0.9615818016730401, 0.9561498930790938, 0.959305276886564], "feature_type": "ko", "model_class": "logistic", "n_classes": 3}