{"scores": {"Phylum": [0.6052526801017747, 0.547584541062802, 0.6270695268663264, 0.4821661998132587, 0.5487436519457084, 0.4397817460317461, 0.4512820512820513, 0.47072035678505636, 0.5788728352094891, 0.3854424069016344, 0.47399267399267403, 0.5906666850086436, 0.47072879330943845, 0.6074285261740714, 0.6244079399149346, 0.5866734713603589, 0.5704488532432812, 0.4801311728395062, 0.521460713049498, 0.3333333333333333, 0.5623281552485092, 0.6254165666064199, 0.5711111111111111, 0.48755353993449235, 0.6004031915796622], "Class": [0.5554913450551895, 0.6064977801247825, 0.6241815059459156, 0.5722182189395305, 0.6168513527004093, 0.4461009174311927, 0.5885573087596943, 0.5228672744390329, 0.4984414538762365, 0.6026569068947311, 0.49279454722492694, 0.4138181114925301, 0.55575839968926, 0.5590892131611634, 0.5765533199743726, 0.6055122340570971, 0.49960725211261287, 0.6104853288833264, 0.47302121583027334, 0.564469147238948, 0.4510540184453227, 0.5171212994246702, 0.6751661986307657, 0.5232256072592207, 0.5542145998182059], "Order": [0.5444038344164004, 0.5831649831649832, 0.6099889231054741, 0.6282145039214954, 0.5751689588766358, 0.496395332187858, 0.6359059448184318, 0.611731435869367, 0.6659328563566318, 0.6197682968803779, 0.5466083361376857, 0.5928983132372964, 0.6315096341722954, 0.5774755497527775, 0.5915978965580925, 0.6058711441400145, 0.45785988897588675, 0.6182948780886925, 0.5942197302953743, 0.5836338771745698, 0.6438269125189142, 0.5473556721021224, 0.6451840114066082, 0.5839783554006557, 0.5098999498429292], "Family": [0.5504878446054916, 0.6091733266733267, 0.660703855520962, 0.5834000251881372, 0.6024092343756712, 0.5883814189678915, 0.5681227517212829, 0.6307916572140192, 0.6577353012405543, 0.590175479649164, 0.5819104967508765, 0.6303558137353468, 0.6486138507718696, 0.6066226846511339, 0.5929327039117561, 0.62891171028745, 0.5937910192472158, 0.6022154982294259, 0.5388311940437741, 0.5833174711943556, 0.5906739811912226, 0.5775490756622833, 0.5367938492722931, 0.5717442456572891, 0.59023270683041], "Genus": [0.5740352036281581, 0.6366565079564906, 0.5815989080943441, 0.5720909526169456, 0.5588593501476936, 0.6280141438970493, 0.6138556037475393, 0.6382213656913828, 0.6069485215766826, 0.6375340456735806, 0.5445301585958106, 0.6490182981411051, 0.5494891443167305, 0.6329389557420703, 0.587443134822167, 0.6163199630477834, 0.588641814448266, 0.5904178058783321, 0.6150408048591229, 0.6098624425732518, 0.5811913780663781, 0.62371632996633, 0.634993452624332, 0.6523484281760266, 0.5834913364412846], "Species": [0.6118021062599265, 0.6346248644385291, 0.638056744947129, 0.5905489952848167, 0.6032489776208368, 0.5864731336873379, 0.6110624277601889, 0.6188848834414804, 0.6024428013779582, 0.5993275139003781, 0.601191355592764, 0.581862074576066, 0.6196990711553818, 0.5534249415256306, 0.6004853097538856, 0.6042622587610574, 0.6166638608025984, 0.6021098077549691, 0.6173526016401608, 0.6062747491509828, 0.5891653964256522, 0.6235308834106867, 0.607909946390239, 0.6150724017032418, 0.6346978043985975]}, "feature_type": "metadata.pct_oxygen_genes", "model_class": "nonlinear", "binary": 0}