{"scores": {"Phylum": [0.5109198150805038, 0.5701589717571452, 0.5612103689425952, 0.3806063589938275, 0.4865967365967366, 0.5777777777777777, 0.4016607329528334, 0.6020301537542917, 0.6269311670213044, 0.5635468715106846, 0.4447222222222222, 0.4218968996514401, 0.3763955342902711, 0.5281513704803177, 0.5887850629946064, 0.42737722048066873, 0.4733984323285445, 0.3673666805283273, 0.42651882744371533, 0.7591818642350557, 0.4194095021911157, 0.5045388525780682, 0.4216555801921656, 0.5149388148578651, 0.41916914177003867], "Class": [0.526022126022126, 0.5436619244486182, 0.4976843475680384, 0.5377045058036032, 0.5974906876069667, 0.3688184656013435, 0.3865659918291497, 0.5698758305624476, 0.5732830096281293, 0.6083550720615715, 0.4714021590028031, 0.5531590982137222, 0.5230575487424802, 0.5799702000851426, 0.5142246261239396, 0.454314184846462, 0.3838095238095238, 0.5377403338468216, 0.5856461158260983, 0.5098314632106873, 0.4594153096628344, 0.4616462793068297, 0.5165550602690127, 0.34073457654855693, 0.4927099044746103], "Order": [0.6489808571650003, 0.5469424130100847, 0.5633880172887266, 0.6270633083626937, 0.5424247111303758, 0.5010724429360126, 0.5484360825148898, 0.6142209770785817, 0.602279673288066, 0.6194596720406996, 0.5920731627491943, 0.5800750703784798, 0.44874301325914234, 0.42744107744107734, 0.5424049939504797, 0.6651859239748682, 0.4915384615384615, 0.5335417984212869, 0.6381833734079597, 0.5692326888005816, 0.5597856739988719, 0.619216834324748, 0.5263627011199826, 0.620938700938701, 0.6796882155476288], "Family": [0.591266977758535, 0.5680838672102504, 0.6599891037540202, 0.6365692110177404, 0.7210578928817006, 0.6280193236714976, 0.5558738579428235, 0.6336889060531233, 0.6050250776904088, 0.6396488676393982, 0.615383740114923, 0.6184986867499601, 0.6620228806314908, 0.5919266557197592, 0.6169177284637167, 0.5697767580756765, 0.6277878312623155, 0.5895757389713876, 0.61901083508425, 0.7185303435303436, 0.6779760411972235, 0.6986122388720751, 0.5615167045977217, 0.6978716780159507, 0.6167498852157943], "Genus": [0.7560740709454615, 0.6391835143951244, 0.6981227803145611, 0.7262419719053345, 0.704158687316582, 0.7258147229114971, 0.6850036310820625, 0.7253725118910754, 0.7290952356416177, 0.6559437813809098, 0.7619922482985931, 0.6695821679803373, 0.6887260887260886, 0.7378074639525022, 0.7270207638166859, 0.6954457505110924, 0.6475008707767329, 0.7481114387747981, 0.7551096328974753, 0.7178396055442496, 0.7347619047619047, 0.7300260632021714, 0.7113188931949934, 0.7086177221008486, 0.7320298922488703], "Species": [0.7862987460143858, 0.7661912145813264, 0.7474747474747474, 0.7487663852164834, 0.770022329216384, 0.7716244569239589, 0.7459896455595381, 0.7464519745285688, 0.7732691658223573, 0.737372102964854, 0.7621205867549969, 0.7733345154690907, 0.7854487532086543, 0.7295959595959595, 0.7503879079721777, 0.7749425969089042, 0.7861530520067106, 0.8130283160131938, 0.7620435892416865, 0.7685108472183866, 0.7762577037430839, 0.7707582729877882, 0.7360257843356436, 0.7461452295426133, 0.7679656804537012]}, "feature_type": "cds_4mer", "model_class": "nonlinear", "binary": 0}