{"scores": {"Phylum": [0.46237310021884875, 0.5263157894736842, 0.5390111905453056, 0.545138836596123, 0.6044688644688644, 0.44643691588785045, 0.5212851405622491, 0.5411151223425592, 0.5020291568163909, 0.7581924315619967, 0.6301349765258216, 0.5471219753881537, 0.528525641025641, 0.5617002372877683, 0.5828420909506665, 0.6032686781609196, 0.4720012596441505, 0.5123146524315233, 0.6129257173504962, 0.5710758377425044, 0.5385307411581146, 0.44821537321980864, 0.598543641859826, 0.4733344872206975, 0.7339743589743589], "Class": [0.6561403508771929, 0.5361950373894594, 0.6057779488462302, 0.6119757064619219, 0.5415785595283865, 0.6052502505704477, 0.4923757090423757, 0.5637750690778932, 0.6537456814629946, 0.47976963136518275, 0.5575074272133095, 0.6203454422521361, 0.5616789995984627, 0.5849166333199947, 0.5711158783170679, 0.6345491469024047, 0.5972169834131245, 0.5481692117869792, 0.5613083484988306, 0.7303557826070334, 0.5927777777777777, 0.45922276956759706, 0.6412907268170426, 0.5618869270554664, 0.6973661574750043], "Order": [0.5671471078447823, 0.5902569784687476, 0.5563562088799777, 0.6169590643274855, 0.49194590773538144, 0.6578284838594117, 0.5236924583268441, 0.6122538139490975, 0.5718407275784324, 0.5881217857874987, 0.6563072921519048, 0.6490218577390796, 0.6003601172596947, 0.5585412384820384, 0.6175291169099218, 0.6529375862164403, 0.6569752313257462, 0.6008936382952131, 0.5322632423756019, 0.5475353833911215, 0.6795499647909865, 0.5914973043017033, 0.6285306077590943, 0.6067792736640903, 0.6195042244540092], "Family": [0.7622107494024003, 0.8221046947462041, 0.6883639584459257, 0.6292370574421232, 0.6872303622303623, 0.7338207342763855, 0.761730746883145, 0.6646910448632267, 0.7307453029737464, 0.6488194152502498, 0.6528958760537708, 0.7508113718640034, 0.7010429189504928, 0.7301663436692506, 0.6739640088251436, 0.7284786963860362, 0.6733116483277225, 0.6849399431797748, 0.6442324865049264, 0.5954889447044677, 0.7695696344840668, 0.7373972645711776, 0.6450208675424193, 0.560771124668936, 0.6261121588983749], "Genus": [0.6883561952582818, 0.7237262020985783, 0.7503134639641327, 0.7438977072310405, 0.7539839914814707, 0.7080281788379716, 0.7186714237172952, 0.7382755299701017, 0.70718922695651, 0.7265970304669995, 0.7925698254645623, 0.6592778971262865, 0.7308301394212076, 0.7492638335505779, 0.7740967683369644, 0.7415404279228563, 0.7368900646376204, 0.7347674462338453, 0.7561415537637357, 0.6679354468088802, 0.7618700204907102, 0.728313243557146, 0.7735858503360489, 0.7350431605707923, 0.7569497907448047], "Species": [0.8303007680950247, 0.8070857383357383, 0.7835234041062294, 0.8076466961728156, 0.7917765567765568, 0.7964868208289261, 0.8213769482151836, 0.7964927048260382, 0.8062951198125318, 0.7582549787045308, 0.8154013309792205, 0.7812692325697149, 0.7913517768780927, 0.7683964563628742, 0.7817103688751446, 0.7746449456975774, 0.745994045587287, 0.7791550116550118, 0.7681666756446989, 0.8140273900722396, 0.7866807508316942, 0.8003416128087232, 0.776756390702165, 0.7751291719033654, 0.7953297333095596]}, "feature_type": "aa_2mer", "model_class": "nonlinear", "binary": 0}