{"phylum_test_accs": [0.8757038241190297, 0.8883312898168589, 0.8727352344797706, 0.9146446351790286, 0.8319524718271345], "class_test_accs": [0.6912091127765816, 0.8012455947845929, 0.8834267237082635, 0.7809376811544194, 0.8560122947299975], "order_test_accs": [0.8570417368826156, 0.781034134827537, 0.7919034400577262, 0.9138686643762762, 0.8416735979187795], "family_test_accs": [0.8229698128510791, 0.8560466690297167, 0.8635300546618075, 0.904061210563337, 0.8656965391646944], "genus_test_accs": [0.8707337233293156, 0.8879805602426715, 0.8773479785139987, 0.8285408658842535, 0.8882680220070651], "species_test_accs": [0.882629143403466, 0.8752825832498141, 0.9079234723153258, 0.822859164684039, 0.8786352001016864], "feature_type": "embedding_oxygen_genes", "model_class": "nonlinear", "n_classes": 3}