{"phylum_test_accs": [0.47361745306950787, 0.5093464277870164, 0.5621832358674465, 0.3006698187549251, 0.3518251922219043], "class_test_accs": [0.568659793814433, 0.5310496267018007, 0.47005531184436383, 0.568489092146173, 0.23606520189254002], "order_test_accs": [0.4558166506695918, 0.5451266395296247, 0.35673683005597684, 0.49692118226600984, 0.5883210254749838], "family_test_accs": [0.4335881447950414, 0.5629270230393826, 0.504910394265233, 0.4149552693463216, 0.5660516464409907], "genus_test_accs": [0.5124904214559387, 0.5674283154121863, 0.4530946129459141, 0.5926359219783423, 0.5346094989999929], "species_test_accs": [0.5506796906796907, 0.5487213654274309, 0.5398073857545086, 0.5317873313177494, 0.5242405624957335], "feature_type": "chemical", "model_class": "logistic", "n_classes": 3}