{"phylum_test_accs": [0.505154793888637, 0.5138180430188123, 0.4990206319067181, 0.5215539393991024, 0.516886046900806], "class_test_accs": [0.548153064116906, 0.5422304464724799, 0.5453690770629339, 0.5443867563612056, 0.5474152568409026], "order_test_accs": [0.7000244665790998, 0.7151803945820885, 0.6952084708390832, 0.699059664960326, 0.6852927451230056], "family_test_accs": [0.7814566246317322, 0.7787794595601651, 0.7687691290218721, 0.7693897080263105, 0.7876783018356411], "genus_test_accs": [0.8960177725149325, 0.8909994395749573, 0.87808053551602, 0.8831331724663268, 0.8882512335707916], "species_test_accs": [0.9972979987828593, 0.9969452650967924, 0.999647266313933, 0.9948554009379628, 0.993810468858548], "feature_type": null, "model_class": "randrel", "n_classes": 3}