{"phylum_test_accs": [0.5067575435600762, 0.5873993087279736, 0.5363288844663254, 0.5738335738335738, 0.4702915427947622], "class_test_accs": [0.46853146853146854, 0.6708467556373677, 0.5422811447811448, 0.4912329144044117, 0.48082855241117334], "order_test_accs": [0.6830088320204655, 0.5251580205140577, 0.6532698412698412, 0.6282438072770166, 0.5702127566879924], "family_test_accs": [0.6816322459078493, 0.6982310167017015, 0.7443330548593706, 0.7865557075543395, 0.6968240637053627], "genus_test_accs": [0.7581943802060876, 0.7168884453315592, 0.7740617469248083, 0.7781094589862488, 0.7578055667607906], "species_test_accs": [0.8013535909955346, 0.7650328275156051, 0.7907200360245231, 0.841011165029392, 0.789332792558599], "feature_type": "aa_2mer", "model_class": "nonlinear", "n_classes": 3}