{"scores": {"Phylum": [0.4473499173114064, 0.3872863247863248, 0.47748663914165324, 0.5378856338319253, 0.4899166301780106, 0.2784090909090909, 0.48458476135442824, 0.4829761120521991, 0.34561865150100446, 0.40985069782538136, 0.5559892606361008, 0.5220039100684262, 0.40393900506911223, 0.5701028063350931, 0.4731806798171078, 0.4821799821799822, 0.36598181093495913, 0.583954184862478, 0.4250602409638555, 0.4788488114980652, 0.5083454782404494, 0.4862209404732509, 0.4296296296296296, 0.38485048391908644, 0.3625805318167643], "Class": [0.5318759948904868, 0.5327451468081312, 0.37064404305783616, 0.4696804350593841, 0.5585889557030379, 0.4764979767551343, 0.42498930252460415, 0.49973355320634677, 0.5948998178506376, 0.5910458311499004, 0.45378775813558425, 0.4776353276353276, 0.6375661375661376, 0.48524898588955523, 0.4452488687782805, 0.45884566019190487, 0.4280004749525679, 0.4782563462338743, 0.40618109748544534, 0.439236864725913, 0.5064175036130473, 0.48703185455856723, 0.45429247065289263, 0.3847055339341454, 0.46004464264378964], "Order": [0.592533357428993, 0.5316423144360023, 0.4982919179522371, 0.4711697722567288, 0.5096334696626231, 0.48045716998910154, 0.5805720430484062, 0.5697394296951819, 0.5489553370348071, 0.460703121862253, 0.47247879036672136, 0.5649870417631115, 0.4028381977868279, 0.4874742002063983, 0.40350321229905967, 0.4868674690922397, 0.35681497879355967, 0.514519502891596, 0.547339466089466, 0.39992357811807494, 0.4327359221152782, 0.46253172115241076, 0.43598519888991677, 0.5643581445523193, 0.5060965516740972], "Family": [0.5911156291015777, 0.5473032714412024, 0.6151404269322117, 0.516528572980186, 0.5411867453206664, 0.5018466276165044, 0.5707136793935282, 0.598593134077005, 0.6104938271604938, 0.4571642597085075, 0.4782656914246119, 0.5659988633134413, 0.5186983099604459, 0.4946464852968271, 0.5369876485947914, 0.4489139872171845, 0.4719875444765455, 0.4799457159648979, 0.6302916783151618, 0.5150008642502869, 0.5313077776408234, 0.5601511448404582, 0.5542741177411774, 0.6107944970432331, 0.47581340247188386], "Genus": [0.5710873353417213, 0.5853584054001776, 0.5828306852665092, 0.5908768536428112, 0.5920574026712134, 0.5979802604802605, 0.5689534409407305, 0.5144761029411765, 0.5530374443571616, 0.6087482489586522, 0.5436659983573102, 0.5682866910710735, 0.5642285738697947, 0.5339416778265699, 0.5481915170439761, 0.655145357210254, 0.6107366422079247, 0.5981057393271134, 0.6512594893029676, 0.5430579817544303, 0.6123703877897053, 0.5797435123321476, 0.5902853918607858, 0.5709695591395606, 0.6463371738272137], "Species": [0.6554054707074807, 0.6649857518192288, 0.6576526582855963, 0.650572684802055, 0.6627086743044189, 0.6552032564575798, 0.6653509278574115, 0.6905737261674254, 0.6569462864144415, 0.6504379341588643, 0.6358553899888867, 0.6516387692400241, 0.6352959427643227, 0.6438154717360612, 0.6472182730333039, 0.6478375082090252, 0.6750144562704623, 0.638638325901003, 0.6850041283740804, 0.6206015411384539, 0.658397353819889, 0.6574310993665832, 0.632254263104766, 0.6663119993432086, 0.6680466124930184]}, "feature_type": "cds_2mer", "model_class": "nonlinear", "binary": 0}