{"scores": {"Phylum": [0.5115635997988939, 0.4426541926541927, 0.2797987705588963, 0.536231207032132, 0.43258681657448544, 0.5316045524302405, 0.4365475030346549, 0.2957229810864965, 0.4957768366405957, 0.3028630898902353, 0.5054680799972556, 0.43204596060883543, 0.47748246585455895, 0.4442199775533109, 0.28596491228070176, 0.6780109838268934, 0.43336259250237297, 0.4719570385887908, 0.5830486853037691, 0.30501339456563337, 0.45522308022308017, 0.4264189308462805, 0.42594367975578007, 0.6228136328755524, 0.2909781475355246], "Class": [0.6519806763285024, 0.5374169040835707, 0.41605777037131997, 0.29523809523809524, 0.41907207041995237, 0.46928104575163393, 0.4954780361757105, 0.6429512500835551, 0.5182555698240894, 0.4345033652640127, 0.4766381766381767, 0.5217993892412497, 0.4557926257034861, 0.5236782835467045, 0.34602803547374666, 0.4805002223791958, 0.2981469628709026, 0.567441693549975, 0.6639427393414926, 0.38839067547584144, 0.6535714285714286, 0.5045853497440587, 0.5210054621439261, 0.3972222222222222, 0.3048271173271173], "Order": [0.5851561575464318, 0.4916914240443652, 0.5609780478398099, 0.5364243561515606, 0.4873388581952118, 0.5011111111111111, 0.5327768166829593, 0.47058485557431995, 0.5086719159071026, 0.530051218060818, 0.6176500553782648, 0.5980228348649401, 0.5412697032556175, 0.6289911603270592, 0.48635010120558525, 0.6496907669829922, 0.5523032983231988, 0.45385385385385374, 0.48019499297694784, 0.499253982263691, 0.5398604269293924, 0.5172417595018214, 0.5689058068368413, 0.5329235845040442, 0.57778425797672], "Family": [0.6310080121996963, 0.5982192505081996, 0.6455929318082697, 0.6293482374174018, 0.5521282518349946, 0.6442701566079779, 0.6960392366121994, 0.48706647899023925, 0.5299646733434183, 0.6664966286349113, 0.5505926066270893, 0.6107165318957772, 0.5587795431414678, 0.5170620600818123, 0.5860741037618508, 0.5573155919925391, 0.583972905342744, 0.580365319258215, 0.5275197798417612, 0.6939028350501966, 0.645575408692185, 0.7303479786256108, 0.7301297694803259, 0.623405983054615, 0.6645255082727362], "Genus": [0.7050113280828568, 0.7723684719121549, 0.5591928578182278, 0.6964355491162214, 0.6780551163684508, 0.6600906729720383, 0.6788083012409071, 0.6899807062413066, 0.7090450276253873, 0.6282228766560112, 0.6147617989182782, 0.6746219460506797, 0.7002877046876098, 0.7327500554096483, 0.6715060418508694, 0.6832114647640876, 0.7022435897435898, 0.6533844621139496, 0.6411616161616162, 0.6547286319246391, 0.6968030188079847, 0.6203758972496511, 0.6170601678287476, 0.642106222654351, 0.7567328060185757], "Species": [0.7196769171012728, 0.7157065667938767, 0.7414868040338152, 0.7189629457266635, 0.7042008616312021, 0.7566734562607205, 0.7128119967793881, 0.7214239671403729, 0.7063250322291533, 0.7421505697367766, 0.7160123468848302, 0.74486726408347, 0.7059359237110971, 0.6966880784792711, 0.7277264068947855, 0.7125649520015718, 0.7352774046441204, 0.7657076293873425, 0.761972343637075, 0.7255361391758722, 0.6961749974626766, 0.698569151469833, 0.7399367827939257, 0.7286276424207458, 0.7497657068792595]}, "feature_type": "nt_3mer", "model_class": "nonlinear", "binary": 0}