{"scores": {"Phylum": [0.6141032561722921, 0.6424495952648108, 0.6614321525166568, 0.6746713195909755, 0.5576368799313802, 0.4561941251596424, 0.4613095238095238, 0.6116116116116116, 0.5713323713323714, 0.4890852390852391, 0.7539855072463769, 0.595986915123547, 0.33747412008281574, 0.6101141041380805, 0.4663265306122449, 0.5735430157261795, 0.4310144927536232, 0.583125, 0.5862014370965777, 0.5544909219021122, 0.5908830468486687, 0.4462081128747795, 0.6362988882690693, 0.6533126293995859, 0.5729097860245401], "Class": [0.5116883116883116, 0.6484488692401598, 0.5233593437374949, 0.503652677389557, 0.49707149390693695, 0.5622281280547409, 0.5926626322362959, 0.679803735359291, 0.6049120817172225, 0.5714659237607752, 0.561959674246615, 0.6116883116883117, 0.59523498051452, 0.5004815961472309, 0.6133617580136704, 0.5272690756235963, 0.4713774054513446, 0.625858511461343, 0.5930335097001763, 0.5696749787650403, 0.6187981806912198, 0.5909155143804282, 0.47837153014144157, 0.5993069895224816, 0.5670644434011607], "Order": [0.4916666666666667, 0.6154295532646048, 0.6426200804921579, 0.6047197640117994, 0.5904350259907684, 0.5897670471023765, 0.5431934421245324, 0.5816180150125104, 0.6083887765370224, 0.6387665777296304, 0.5631946426154412, 0.5946286314152689, 0.5529967290827036, 0.5792579311933872, 0.6749058380414312, 0.6313769682868395, 0.5428566599554179, 0.56533710657422, 0.6787628567289584, 0.6285331281006218, 0.6072777393070211, 0.6257720850857796, 0.5944435013062463, 0.5364232209737828, 0.6378454819648604], "Family": [0.5570260224706074, 0.6234163818463551, 0.620248874643539, 0.6032886675205035, 0.6026559918668192, 0.6367950865438302, 0.5741582382278395, 0.5926376811594203, 0.5472439747358103, 0.643083163438668, 0.5369191987980358, 0.5354843733675151, 0.559167217929043, 0.6020428661938096, 0.6105798881903549, 0.5701282707475204, 0.6163364285903655, 0.5924586892444382, 0.5553601593424603, 0.626844746162928, 0.6044152189495143, 0.6105776883880863, 0.6169372294372294, 0.5680276640969512, 0.657854374460425], "Genus": [0.601809977573881, 0.6132068134090378, 0.5972070692688752, 0.5672334010743146, 0.5743099472067676, 0.5912131714809727, 0.5939780219780221, 0.6076384535005225, 0.6071247636874995, 0.6053600175147137, 0.5721316572054121, 0.6231075942136359, 0.6183068048124758, 0.5541879748544102, 0.6052527057888988, 0.6025139477045104, 0.5865888555261082, 0.5971454084571955, 0.5895973950220821, 0.5604983712624195, 0.6160142521424444, 0.6025189273780823, 0.6326190889275267, 0.6000019926669855, 0.5963795573217504], "Species": [0.6268528464017186, 0.6161794940556002, 0.5814029697900666, 0.5950093937710037, 0.612114828532739, 0.6184878340050755, 0.6136357988646096, 0.5734928620585437, 0.6020030071119759, 0.5872689045873026, 0.622728483879563, 0.6014321922380547, 0.6002947162764515, 0.58268529537019, 0.6233931735687134, 0.5935379548430618, 0.5999466587489146, 0.5742095909091566, 0.6068777646961924, 0.6177043386720805, 0.6072378173037519, 0.5959011929161183, 0.602590215375838, 0.5982322630929442, 0.6085731390066935]}, "feature_type": "metadata.oxygen_genes", "model_class": "nonlinear", "binary": 0}