{"phylum_test_accs": [0.284437671270937, 0.46953064633042824, 0.5216277227787184, 0.4968903436988544, 0.3270187523918867], "class_test_accs": [0.4352518262206843, 0.40413093631763747, 0.44343434343434346, 0.45363602805463277, 0.4997414350355527], "order_test_accs": [0.473931658510983, 0.472656651179223, 0.5283472140249634, 0.4082547864506627, 0.43607305936073065], "family_test_accs": [0.5504761904761905, 0.6520701163811086, 0.5732639523718827, 0.5121396236384717, 0.5559193581695832], "genus_test_accs": [0.57950872656755, 0.525925900599811, 0.5915314293219863, 0.6814435564435565, 0.5846571335633367], "species_test_accs": [0.6319674678993256, 0.6251930784475924, 0.6171209768768066, 0.633545433799149, 0.6076906843998827], "feature_type": "nt_3mer", "model_class": "logistic", "n_classes": 3}