{"scores": {"Phylum": [0.5167917134456351, 0.6617965367965368, 0.3390487738487045, 0.5837480228319923, 0.48215488215488217, 0.4530381120303811, 0.5385866584395996, 0.7486903158209849, 0.5399167275605895, 0.6648351648351648, 0.5169510513931678, 0.43060858335401386, 0.4072405381164557, 0.5341868432480702, 0.6689938601703308, 0.278030303030303, 0.6875593542260209, 0.7196662986136669, 0.5213472485768501, 0.5571444892412504, 0.4430334480319779, 0.578043693058599, 0.4150682011935209, 0.30153596734021865, 0.46237328099973296], "Class": [0.6431168010115378, 0.4967358763882183, 0.5736331569664903, 0.4984737484737485, 0.5584816418149751, 0.5255597914432727, 0.5376556980033036, 0.623150623885918, 0.5508771929824562, 0.5487133542936108, 0.5806851476222673, 0.6635004429122077, 0.5029501743667052, 0.5924745347589554, 0.6389947896810267, 0.4048569208994455, 0.49206791128279664, 0.4877102997184964, 0.5407952867270772, 0.5530265339966832, 0.506483222064925, 0.5778867102396514, 0.5274065380766856, 0.4782810520925971, 0.5704833141542003], "Order": [0.5110168877292165, 0.48267394562192245, 0.6145891651848628, 0.5799187138039433, 0.5565335031233672, 0.6202885394138432, 0.4865806962581156, 0.5883821270443662, 0.5699617959706569, 0.4175660227696902, 0.6890215640932426, 0.6874220124039617, 0.6496673476871496, 0.5638396155380414, 0.5125975308995216, 0.548387682841651, 0.5166765830272939, 0.6317963567014356, 0.5869474274122574, 0.591055890227577, 0.5741343586171173, 0.5140099755749294, 0.5778733316661572, 0.5291319561234786, 0.5803825472366336], "Family": [0.5511321416566763, 0.5061893910448848, 0.6669777484994875, 0.7084895091106271, 0.6754827381215872, 0.6397925831430774, 0.5970290881089003, 0.5998630653125034, 0.6018923505970138, 0.6122359425638114, 0.5724882960177077, 0.6310974623199767, 0.44371810055772326, 0.5107322135137643, 0.5421095839143321, 0.5811673133624894, 0.5853590007852375, 0.6291756766440311, 0.6158738771326943, 0.535380410531013, 0.5908772199191361, 0.6325413074462505, 0.5385579332947754, 0.5399633384129509, 0.5702412954429085], "Genus": [0.7214670922298042, 0.6546167893625521, 0.6097522657784825, 0.6899119332091571, 0.67842474646069, 0.6346936253181287, 0.6912129059742823, 0.6946068707817652, 0.603841133117179, 0.6838461538461539, 0.6898460841368959, 0.6972294543096472, 0.767986399565347, 0.7226381759458941, 0.7081999646705529, 0.6288046551720738, 0.6348205825402711, 0.5825096579194939, 0.7163670301601336, 0.7195559080095163, 0.6462709497818028, 0.7262690201878211, 0.5905242342373818, 0.7092111811643941, 0.634121670306282], "Species": [0.6313862479592817, 0.6633573323228495, 0.6761744007025744, 0.6615136876006441, 0.669419306184012, 0.6871814860151896, 0.6279624055743458, 0.7096828704602557, 0.6955115769618757, 0.6708272643901386, 0.6717207424928012, 0.6528832144774174, 0.6682491582491582, 0.6795302600164677, 0.6782268248699345, 0.6794153786480884, 0.7105336105336105, 0.6760930904943319, 0.6820821798838409, 0.648640342939471, 0.666583420622232, 0.6665552770815929, 0.6404930554098812, 0.6567986314760508, 0.6560592838953284]}, "feature_type": "chemical", "model_class": "nonlinear", "binary": 0}