{"phylum_test_accs": [0.5773046625505641, 0.6160277924983807, 0.4841463414634147, 0.4598121789449165, 0.4907118470414414], "class_test_accs": [0.4690799396681749, 0.445578231292517, 0.5202704555036161, 0.551184003866135, 0.4058045780713311], "order_test_accs": [0.5688469891127698, 0.623810305091848, 0.5567800453514739, 0.6502322035073127, 0.6768319863557958], "family_test_accs": [0.7669953620523963, 0.6509043212207147, 0.5992101141531881, 0.6312031769932891, 0.7249536615778654], "genus_test_accs": [0.790433447972032, 0.6958307752020042, 0.7354549045725517, 0.7478529211130702, 0.71210278606164], "species_test_accs": [0.7833824457840205, 0.7714349977507872, 0.7619934143870314, 0.7666780531276051, 0.8079752617324871], "feature_type": "nt_5mer", "model_class": "nonlinear", "n_classes": 3}