{"scores": {"Phylum": [0.23563926940639268, 0.44156147732585316, 0.21409833835593503, 0.3929555204335064, 0.32679738562091504, 0.37701149425287356, 0.42901440841777433, 0.3197358197358197, 0.23536407694823536, 0.5146905294556302, 0.42555654636191553, 0.5017980636237898, 0.46374380336644494, 0.21823138928402086, 0.3840841214534594, 0.46958907000052746, 0.3060700683651503, 0.2550313757843946, 0.547979797979798, 0.4604343025395657, 0.38841960984317225, 0.4232379163164747, 0.33075601374570446, 0.34009680660868374, 0.31092510452933975], "Class": [0.4713589128697042, 0.5152783953361988, 0.4684684684684685, 0.5263800339371175, 0.5324835729460007, 0.2462251143395211, 0.20744916003536695, 0.4170875420875421, 0.4545454545454546, 0.4647887323943662, 0.41260761291985837, 0.33255317922407335, 0.4254952167573527, 0.42857142857142855, 0.2560530679933665, 0.48166666666666663, 0.42763248927632486, 0.4637621638887938, 0.41873159520218345, 0.48797942524879795, 0.46487725524992607, 0.4419896640826873, 0.5153785863575907, 0.21813134633647455, 0.24232770359530922], "Order": [0.416936007477329, 0.4160558066517275, 0.3747156178079359, 0.4574637762551948, 0.523509485094851, 0.45391414141414144, 0.4307006461023286, 0.3866583150642029, 0.42678851600546075, 0.4046683823197436, 0.34693365709627955, 0.3671072735671393, 0.4884569391377223, 0.2940308051482106, 0.36941670415354627, 0.36985300613063377, 0.4056777792774553, 0.4812949908619597, 0.5081675264062884, 0.3552389780618302, 0.4512298069912897, 0.3873549419767907, 0.49492743070724715, 0.4926945293917771, 0.35632816766488506], "Family": [0.39649757414896647, 0.3751594202898551, 0.4198485038711027, 0.3484425534469433, 0.4873949579831933, 0.4304142432758733, 0.49373422052334776, 0.4272452438391303, 0.3913469259846838, 0.3611624051873781, 0.3427392530840807, 0.41540213352511085, 0.44364342868829415, 0.4220032840722496, 0.31416625269084286, 0.45267452853659745, 0.39174603174603173, 0.4286510590858417, 0.39507162303132076, 0.4604127579737336, 0.4171054556091853, 0.49301924066603586, 0.3434072903250985, 0.42483952828780414, 0.41010006253908693], "Genus": [0.3882437650779235, 0.43531805525808526, 0.41238277919863603, 0.5052375312541124, 0.3894334209897203, 0.383039340486149, 0.4434227330779055, 0.3689174412247129, 0.44657067070860174, 0.3983137362136542, 0.42368296476634876, 0.42030769230769227, 0.40302672757771035, 0.40590060543924444, 0.35299878742654606, 0.3787474966496514, 0.4084811705905369, 0.3867021276595745, 0.36524517400371154, 0.4200581395348837, 0.448380355276907, 0.442524803284297, 0.33136494378105114, 0.3643947206433716, 0.3634423897581793], "Species": [0.3988888888888889, 0.4280102667113046, 0.38718449309719705, 0.41134727341623895, 0.4221249478887499, 0.4142880712753671, 0.4065040650406504, 0.4193941197214141, 0.3991799491799492, 0.39769218267511786, 0.4171148948804915, 0.40931258013108546, 0.41550835457377516, 0.39829059829059826, 0.4113514612330798, 0.3946275946275946, 0.42049549549549553, 0.39965986394557823, 0.4035683475374885, 0.40537572966735014, 0.37954083115373444, 0.4145272601794341, 0.3890384104199893, 0.4163067446649536, 0.41247364385662255]}, "feature_type": "cds_1mer", "model_class": "logistic", "binary": 0}