{"phylum_test_accs": [0.8587894797564282, 0.8682986262842248, 0.8534792550982898, 0.8490557200517396, 0.7873360806229003], "class_test_accs": [0.772916810298665, 0.8031688477679824, 0.8133983840795284, 0.8532344275582556, 0.8179797704869151], "order_test_accs": [0.866170861518086, 0.8673202068549567, 0.8173200194385588, 0.7782040107752904, 0.8325776922217596], "family_test_accs": [0.8533614001880959, 0.8358961771535341, 0.8597420223630676, 0.8290597996430983, 0.8226705458821625], "genus_test_accs": [0.8683462293909988, 0.8445936731280441, 0.8667888884177627, 0.8166320840680159, 0.8571228030863972], "species_test_accs": [0.8795906864246236, 0.789117096823166, 0.8522737571890039, 0.8514612430619408, 0.8642721796261759], "feature_type": "cds_4mer", "model_class": "nonlinear", "n_classes": 3}