{"scores": {"Phylum": [0.4678449044735484, 0.3870874778317526, 0.4469156341435075, 0.5977039770397704, 0.43140305035466325, 0.5522761916532773, 0.4647681294740118, 0.65421888053467, 0.526824335647865, 0.44032828282828285, 0.5629052394184688, 0.49583333333333335, 0.5134153648667754, 0.5412783121535878, 0.43790849673202614, 0.5560090838917966, 0.4104064509098833, 0.5252525252525252, 0.37994521890196303, 0.40069990705728625, 0.5010222280220975, 0.5242870281872056, 0.6199043860118715, 0.548437466678187, 0.5794676224124077], "Class": [0.4470626248776728, 0.5092715212287038, 0.41848606696481977, 0.43911964131474773, 0.7187030533606477, 0.3845293986139056, 0.5949982970855836, 0.6517662620603798, 0.45408805031446536, 0.33630071384960836, 0.4686274509803921, 0.5208317263337442, 0.44334160463192723, 0.639427335696737, 0.5757751937984495, 0.6583040912963992, 0.7119883040935674, 0.6358928033724781, 0.636328090580668, 0.6620289855072464, 0.5902888534467482, 0.39121409522604855, 0.44091975789414745, 0.540641180083472, 0.4576719576719577], "Order": [0.5172959067575333, 0.5627777777777778, 0.6211292296552773, 0.5701243201243201, 0.49109580541077186, 0.5445312361620348, 0.5609784239067728, 0.7151241154666966, 0.6080261988994707, 0.5321084459240996, 0.5494868327525528, 0.6081340834505391, 0.6820194134099101, 0.6299642550836472, 0.5787662261286114, 0.5311713627503101, 0.5096641943643624, 0.5892037786774629, 0.695690608135949, 0.6041666666666667, 0.5901224986167684, 0.5707380405472885, 0.46526711042840074, 0.600367473151726, 0.5356559120184713], "Family": [0.6443604934984245, 0.5634792119085278, 0.5056147883882467, 0.6770945216873988, 0.6885861552570786, 0.5367378792312946, 0.669981731584785, 0.6406513048379274, 0.6105929080584752, 0.5294665313506597, 0.7208555565382434, 0.642857968947272, 0.5850139772508194, 0.6947092072861666, 0.6171163343698556, 0.7655948892584673, 0.6333333333333333, 0.7168075525510068, 0.5907203369495564, 0.573605875065729, 0.6746442506497631, 0.7179395692703311, 0.7288423689389872, 0.6226960797308033, 0.7106130189257449], "Genus": [0.7100965390105864, 0.6542880516776098, 0.6806340252356969, 0.7389275054890198, 0.7411781200918028, 0.7276485788113695, 0.7289961013645224, 0.6357199629222549, 0.7190720322653305, 0.7101972173367725, 0.6460461766635293, 0.7853819319389664, 0.6919222830690671, 0.7342661414551372, 0.7361688709052988, 0.6643264143264144, 0.6529183890525806, 0.73166898162693, 0.6699599469589912, 0.6957866136545318, 0.7274610133572827, 0.693525889888119, 0.7280252022330136, 0.71020295847435, 0.7515599696753559], "Species": [0.7403466099118273, 0.752748963384637, 0.7690935204927744, 0.7542347398323287, 0.7712580226508665, 0.7456688865803933, 0.7400567918111777, 0.7507019598172069, 0.7227012473719056, 0.7297822594936347, 0.7376835391827896, 0.7770781482863923, 0.7535640438651553, 0.7811829302512532, 0.7667690365036662, 0.726522680608969, 0.7323325343970387, 0.7685233982335431, 0.7478558460395887, 0.7576476117234897, 0.7333278360916551, 0.7276880259576665, 0.7390726903835517, 0.735737315266034, 0.7510758206117676]}, "feature_type": "cds_3mer", "model_class": "nonlinear", "binary": 0}