{"phylum_test_accs": [0.6628177586824203, 0.5165260196905767, 0.46796119577774614, 0.3628734161027805, 0.5114926591466293], "class_test_accs": [0.4872122762148338, 0.4384309408032084, 0.419728295899648, 0.44004506679542893, 0.5725025735374641], "order_test_accs": [0.6290973959231786, 0.5918406318988022, 0.4907038100945807, 0.5867337926161456, 0.5290464398507034], "family_test_accs": [0.6158692039667649, 0.6900986375538771, 0.6352297083721233, 0.7040746123010608, 0.6927297009188438], "genus_test_accs": [0.728095221392075, 0.6923303876047563, 0.6967171717171716, 0.766778149386845, 0.8077007502526922], "species_test_accs": [0.7519735943546552, 0.7560913482652613, 0.7226702238330144, 0.7211652124964818, 0.7138174774220033], "feature_type": "cds_3mer", "model_class": "nonlinear", "n_classes": 3}