{"scores": {"Phylum": [0.5260652357426551, 0.5658652152245588, 0.5149769585253456, 0.5828205128205127, 0.821969696969697, 0.46317289870877465, 0.6929292929292928, 0.4527629233511587, 0.61879651062923, 0.48872940327197334, 0.617517006802721, 0.3498979365165133, 0.5632457580733443, 0.6551062340536025, 0.5687179487179487, 0.6116651659014593, 0.43363363363363366, 0.4683756289212051, 0.5617817936244389, 0.5462081128747794, 0.4821487401191263, 0.5603745028813149, 0.5362126245847175, 0.4526391473276457, 0.46236515597191513], "Class": [0.5997863584468665, 0.4649701844749951, 0.42949371049823526, 0.5823060370116532, 0.5551614626525407, 0.6609132061843473, 0.48346560846560843, 0.6903836077328259, 0.3716257490938823, 0.43517396572615547, 0.4442313157146917, 0.4049187527448397, 0.4942239631653094, 0.5999030339194809, 0.5448817442719882, 0.46902520826571453, 0.5925542615779799, 0.40883161081686326, 0.40995225387143036, 0.4198717948717949, 0.48992080258926624, 0.622700541049165, 0.4323947260530366, 0.41938690240577037, 0.5874034099392759], "Order": [0.5931561154604086, 0.5754668534080299, 0.6913119719432488, 0.5638709002184806, 0.620008904446082, 0.5803917378917379, 0.6104512344540057, 0.5748501932418537, 0.5314868052484151, 0.6303129289745285, 0.5604952934788017, 0.5368508112578754, 0.6313871819336301, 0.5566066066066065, 0.5446487934096003, 0.5522918972805365, 0.5845620104093973, 0.5288117632167242, 0.5095079830563701, 0.5156536005851075, 0.5294928937852157, 0.5836809080385564, 0.6152650711843229, 0.5413237924865831, 0.5565187313750531], "Family": [0.6559125991333496, 0.5585023454746136, 0.6946592360385463, 0.5495892651711246, 0.7167184265010352, 0.7238797673542327, 0.6772559252011306, 0.6672092643816852, 0.6771578256920852, 0.6238315288757477, 0.6356677320298302, 0.555099765258216, 0.6441612509354445, 0.6776936711147238, 0.6569643941393267, 0.6414985605573461, 0.5898310291858679, 0.6780841678115349, 0.725276726916071, 0.5879041740152852, 0.6817019297837712, 0.6050009135280453, 0.6247088954406028, 0.5969093810363651, 0.647500910178395], "Genus": [0.6597632344035527, 0.6389834386503274, 0.7154132724565322, 0.7336225286093768, 0.6817966864425671, 0.6832703142024376, 0.7316176278929797, 0.7062683735838183, 0.7167841103973253, 0.6940058803540032, 0.6973048356019641, 0.7231095399580777, 0.7599973651929024, 0.6669886357840461, 0.7069101506763911, 0.732360097323601, 0.6932002380821278, 0.657486645157878, 0.7658144792173052, 0.6633772163403844, 0.7154562910857374, 0.7428104575163399, 0.6922928574967151, 0.6981764532263842, 0.6983129471952125], "Species": [0.740100538510943, 0.7649675251734634, 0.754494441098588, 0.7326467970365717, 0.7924761316024451, 0.7600716356813918, 0.7906331212215871, 0.7427865112092604, 0.7366706196767626, 0.7689237181820096, 0.7826655208221435, 0.7867542386532348, 0.732013701707098, 0.7283281195689955, 0.7576378221539511, 0.7493958777540867, 0.7541788177543598, 0.7387769365328972, 0.7289982245373435, 0.7495045695045696, 0.7774863880305957, 0.7218514963613002, 0.8179939319452152, 0.7850369606326285, 0.7276078931452763]}, "feature_type": "nt_4mer", "model_class": "nonlinear", "binary": 0}