{"phylum_test_accs": [0.6840102846632655, 0.7282364406386052, 0.7519194896537353, 0.7265016421329316, 0.7305958061895268], "class_test_accs": [0.7638406133474266, 0.7801083537602652, 0.7747680638140318, 0.7352697329099618, 0.7067987843612502], "order_test_accs": [0.737887974743344, 0.7531622865723953, 0.7567872588912702, 0.7509555891423738, 0.704778597602516], "family_test_accs": [0.7405849169755637, 0.7552234781831549, 0.738644052343063, 0.761052702664895, 0.7588179065898037], "genus_test_accs": [0.7867367091482661, 0.7579191418808575, 0.7745140779712988, 0.7775967147316493, 0.7571166827484195], "species_test_accs": [0.7573925389659545, 0.7480137631664981, 0.7599623236726863, 0.7598255249760236, 0.7611605374117114], "feature_type": "aa_1mer", "model_class": "nonlinear", "n_classes": 3}