{"phylum_test_accs": [0.4266561760291458, 0.3824762063783603, 0.3934047959809563, 0.3141321044546851, 0.25142857142857145], "class_test_accs": [0.23563518725892743, 0.30919765166340507, 0.36640989729225026, 0.41711219808137107, 0.4531957710311369], "order_test_accs": [0.36895029941460117, 0.43079071047922435, 0.4871137615958708, 0.327686044625984, 0.38116957251711225], "family_test_accs": [0.54851212578719, 0.514283269148481, 0.35135372301250767, 0.44580919059465635, 0.6028097062579821], "genus_test_accs": [0.6114966708662682, 0.5763777513777514, 0.559485612426789, 0.5156790577843209, 0.45812395884818863], "species_test_accs": [0.6432425460451331, 0.5506400623642004, 0.5607065994669039, 0.5540267011197244, 0.5733328591627008], "feature_type": "nt_2mer", "model_class": "nonlinear", "n_classes": 3}