{"phylum_test_accs": [0.5981945644866994, 0.546957671957672, 0.6104521553437962, 0.6119178956058389, 0.5601228443184502], "class_test_accs": [0.6051946664224274, 0.5715316429602144, 0.5725719666397633, 0.5959500150557061, 0.5636955636955637], "order_test_accs": [0.5952851496329757, 0.5731211317418214, 0.595737295195779, 0.6252279764176952, 0.6282572370500835], "family_test_accs": [0.6257721301969089, 0.6058905614441376, 0.6048590130916415, 0.638686439248237, 0.6185771916083445], "genus_test_accs": [0.623588236033116, 0.605988455988456, 0.6204159154814634, 0.5768613373026297, 0.6223039215686275], "species_test_accs": [0.6107536107536108, 0.6035885167464115, 0.6235319966263386, 0.6142713029872563, 0.6009079118028534], "feature_type": "percent_oxygen_genes", "model_class": "logistic", "n_classes": 3}