{"phylum_test_accs": [0.5874811573724763, 0.5527659291691672, 0.521429407193529, 0.6013457429263145, 0.6026166692922809], "class_test_accs": [0.599594024062538, 0.5968689295213874, 0.5162731101434392, 0.5982323886248775, 0.584523106580784], "order_test_accs": [0.5865328003425564, 0.5498734347473054, 0.5634952963693028, 0.5967077784869144, 0.5696409136773327], "family_test_accs": [0.522792032066372, 0.5857346100760243, 0.5931103740898626, 0.599804319641328, 0.5917176535804866], "genus_test_accs": [0.5963781281192614, 0.6040079372070964, 0.5871828678036469, 0.6011160613781482, 0.6060680795418485], "species_test_accs": [0.6046251039139808, 0.6032338316966431, 0.5963658487206053, 0.6072255311845635, 0.5806012779222672], "feature_type": "nt_2mer", "model_class": "nonlinear", "n_classes": 3}