{"phylum_test_accs": [0.5959958920377543, 0.5993388615151664, 0.5993388615151664, 0.6025647335455466, 0.6037492007258096], "class_test_accs": [0.6068049064832823, 0.6149251612488816, 0.6083922584885665, 0.6020449482002416, 0.6060027365588148], "order_test_accs": [0.5978593838959516, 0.6080104132357828, 0.596721390835813, 0.5982033751862358, 0.6078431523206924], "family_test_accs": [0.6079009458220668, 0.6079009458220668, 0.6050487578427851, 0.6003323984995111, 0.5958420366765316], "genus_test_accs": [0.6070230501824044, 0.5995854433709437, 0.5974470811807008, 0.5986283343768026, 0.6010494540303566], "species_test_accs": [0.5993388615151664, 0.6063798274004454, 0.6063798274004454, 0.6031713633753081, 0.6021630242480908], "feature_type": "number_of_oxygen_genes", "model_class": "nonlinear", "n_classes": 3}