{"phylum_test_accs": [0.6315961279371353, 0.6345407182900497, 0.6450320512820512, 0.5959083403809754, 0.5837410458083029], "class_test_accs": [0.6079059829059829, 0.5967360847659552, 0.5939330610177005, 0.6088252226624674, 0.5584366640100334], "order_test_accs": [0.6141503612008568, 0.5512303348124243, 0.5696930016004655, 0.621999607462457, 0.609575586542718], "family_test_accs": [0.6240829346092504, 0.565452739045531, 0.6007115489874111, 0.6010313439335522, 0.6277957658779577], "genus_test_accs": [0.5944287674424625, 0.6033694794133533, 0.6181052296932125, 0.6070258463778667, 0.5942171303873431], "species_test_accs": [0.5925578747101057, 0.6041279669762641, 0.5944897959183674, 0.6056075507614214, 0.6044521513562285], "feature_type": "number_of_oxygen_genes", "model_class": "logistic", "n_classes": 3}