{"scores": {"Phylum": [0.5801291094865547, 0.6744168242507592, 0.5612622826908541, 0.5049644097097284, 0.6764458916651899, 0.5099179923541745, 0.6194063146664951, 0.6378208609391405, 0.45919464148110095, 0.4994939637099689, 0.4171302239338183, 0.5060068471833178, 0.5500749175118224, 0.49092621126519426, 0.6008492254716233, 0.5655814644908889, 0.5467847769028872, 0.5364671055989384, 0.4375, 0.49403624793468853, 0.496113110660149, 0.35466988727858295, 0.5392717648687486, 0.5030872714306546, 0.6526285876669508], "Class": [0.3794162826420891, 0.5831132068778776, 0.6642736983121391, 0.5272727272727272, 0.4383134830896025, 0.5582180098592501, 0.5212142287908427, 0.6303063295440677, 0.5608465608465608, 0.5302971564240949, 0.46248641848230115, 0.5602202202681491, 0.6270931249872836, 0.5568957675674074, 0.5569496764222931, 0.43831417624521074, 0.5413919413919414, 0.5846633365821963, 0.5321988671602239, 0.5574607459262775, 0.6279756915243492, 0.6143972614678241, 0.5087719298245613, 0.6156180781968748, 0.6071032475795612], "Order": [0.6318342877378084, 0.60714206708555, 0.5635722813636924, 0.5618625464370145, 0.6138552370037237, 0.5423023349735018, 0.6417067561515023, 0.6055694936009438, 0.5890363081066502, 0.6404772012029439, 0.5599027477815708, 0.5500173486001014, 0.6382284382284382, 0.5264180898596086, 0.5360866019808875, 0.5639999655469093, 0.6284380555793236, 0.6082590175510529, 0.6013761927560598, 0.5372671553178334, 0.5087481146304677, 0.648564560612435, 0.6273102342244469, 0.5762257304219259, 0.6626461988304093], "Family": [0.5797991884443336, 0.6042958338204264, 0.606363322822231, 0.6101624581218735, 0.6490202997550204, 0.6103284212235619, 0.6256452908798216, 0.6766397793597632, 0.6173216786442248, 0.637865569703361, 0.6261239328723991, 0.6278054962005006, 0.6284305219888042, 0.630627824858757, 0.5719422788876257, 0.5916246555085031, 0.6272826388693319, 0.642416225749559, 0.6031873939618656, 0.6543295620029125, 0.6197838689554294, 0.604705356572815, 0.6538391163707161, 0.6012639561828523, 0.5865279659741042], "Genus": [0.5677371056297383, 0.6258661331741181, 0.5870631926571002, 0.6029446552566873, 0.6052992712683206, 0.6035873118622067, 0.5536932808174172, 0.568716541968484, 0.6034741826517072, 0.5559408218853058, 0.6205629799123338, 0.596481265276583, 0.5841870865468205, 0.5987849969939114, 0.6076556097954277, 0.6345264972623463, 0.6062448077927063, 0.6011276789623791, 0.5586148918019295, 0.6262060366010195, 0.6332553624162597, 0.578835008610394, 0.6193749828696506, 0.6443562693539076, 0.6349011897559992], "Species": [0.6159735088574679, 0.6012594165765287, 0.6203998739868598, 0.6105255635291665, 0.6172100830772732, 0.6269264272313052, 0.6062586650821945, 0.6328557329123834, 0.6139358226314747, 0.6439569620020748, 0.630500829905463, 0.6010205383339712, 0.6322985056833904, 0.598558845231507, 0.6085458725021832, 0.6021491938727433, 0.6186687699845596, 0.5941156903974748, 0.6147313648645187, 0.6016150296638102, 0.587405462638617, 0.6003928964325004, 0.6199659863945578, 0.6135147392290249, 0.6295277038372401]}, "feature_type": "metadata.pct_oxygen_genes", "model_class": "nonlinear", "binary": 0}