{"phylum_test_accs": [0.43672550853401915, 0.5241308238112149, 0.2653657616892911, 0.4582891481088724, 0.4725473993481155], "class_test_accs": [0.46582354712436014, 0.5298788616472497, 0.4643118668890606, 0.46122189803316377, 0.40639098730458506], "order_test_accs": [0.3825304735114862, 0.4369047619047619, 0.4102660554053525, 0.41330369357045144, 0.5163980774667798], "family_test_accs": [0.5231441565965521, 0.4092377260981912, 0.5089338142773258, 0.4683948437993745, 0.5013056477760305], "genus_test_accs": [0.4087789463289389, 0.49175225645813886, 0.4418340941470648, 0.4482028784730239, 0.4249735275860809], "species_test_accs": [0.44957018086789075, 0.4569453384829954, 0.4665054647451397, 0.4780007870916962, 0.48877704500752056], "feature_type": "number_of_genes", "model_class": "logistic", "n_classes": 3}