{"scores": {"Phylum": [0.44507170856385564, 0.2843051468818821, 0.5548790007806401, 0.45498256895080874, 0.4369991169536129, 0.4885093167701864, 0.4387056351140062, 0.4502183445182491, 0.4021615261662325, 0.5074049601339148, 0.40880545766693777, 0.49034373586612384, 0.5768292682926829, 0.3624338624338624, 0.38431694660022214, 0.4570599215335849, 0.4996600027199783, 0.45413326409009075, 0.2918815747297258, 0.4544612794612795, 0.28672126787446417, 0.5339506172839507, 0.420534458509142, 0.5933660933660934, 0.3644890463072281], "Class": [0.5003989399282799, 0.43493028207593004, 0.4924863387978142, 0.5499564049182369, 0.43845731563122864, 0.46072124756335286, 0.436044280725989, 0.5228251507321274, 0.459163546322599, 0.4432853247010525, 0.4599790876191192, 0.4211261149598912, 0.43185667794802773, 0.4914921049786647, 0.49157438169066076, 0.38831520668827824, 0.3286375661375661, 0.5613342412202097, 0.3848954422372403, 0.5859597884165831, 0.6293620501635769, 0.4822933498083198, 0.4222447143499775, 0.6685049019607843, 0.4805194805194805], "Order": [0.44467580932994766, 0.29621621621621624, 0.39451456078469876, 0.4434274130672072, 0.46438064859117495, 0.4424105587898692, 0.41187935678073506, 0.4548366834170854, 0.4192077593814032, 0.26533167979768507, 0.27035752812451846, 0.43333079654047996, 0.5353459245864308, 0.43374250977638945, 0.402265579359959, 0.3698176551320795, 0.4553248010492255, 0.5120391903178788, 0.4520785353711587, 0.5281553657791188, 0.43224451059367536, 0.4525280099137486, 0.5071346129917097, 0.41173822374220204, 0.39366895512054456], "Family": [0.4959877054286305, 0.5504488638021061, 0.36197649921906216, 0.5049415612795894, 0.49456795724944547, 0.5120128539970298, 0.5004495277113917, 0.45607074085334953, 0.5417919444821625, 0.3644361707487201, 0.44127343013001924, 0.46339758452434504, 0.5051755751600069, 0.3576030548035525, 0.5265551442022031, 0.4603642257818459, 0.5176266388955647, 0.4807346741309006, 0.49490501328736625, 0.5684861689440398, 0.4820445243086753, 0.4209266819306438, 0.4206573401488656, 0.5073718042939315, 0.40159096292671936], "Genus": [0.5802662712999863, 0.5645208700764256, 0.5352554931954073, 0.5067037900371233, 0.5401147681154184, 0.46145979740460014, 0.49827065862928616, 0.46173827909106707, 0.49219075654120975, 0.4830689517695614, 0.4208604944103291, 0.507225571825055, 0.5565367387721968, 0.413306095349439, 0.4350684658990029, 0.5273714239321838, 0.5401130404065108, 0.47936687095726, 0.4933060460373873, 0.5110959828701763, 0.5016971450435294, 0.5243330512040703, 0.5125337521961544, 0.47625424749120726, 0.5239892705049499], "Species": [0.5125236869270084, 0.5116871781443658, 0.4909918224229282, 0.5371489491318915, 0.5190271501047565, 0.510355215365054, 0.48338602037232176, 0.5470603995642264, 0.5151776445417847, 0.4858370850816324, 0.47188592951304814, 0.5195648637694132, 0.5221604945277358, 0.5091327766622203, 0.5049594721548579, 0.5332976248444518, 0.5440779051346566, 0.49171821772888896, 0.5001195983819487, 0.5288516422249246, 0.5366310254121373, 0.5133495145631068, 0.47828935737388784, 0.5021997879140736, 0.49776468528828266]}, "feature_type": "cds_1mer", "model_class": "nonlinear", "binary": 0}