{"phylum_test_accs": [0.6212917956230818, 0.5404674690388976, 0.5843044672158596, 0.7624921826141339, 0.6355673133450911], "class_test_accs": [0.507604222580068, 0.6791280011783769, 0.4089880376981625, 0.4879019477168793, 0.6466288721333447], "order_test_accs": [0.5175560796785774, 0.5454416118895826, 0.6543936463356473, 0.5674568892977753, 0.4989572340318609], "family_test_accs": [0.6440169400852119, 0.5698539590254706, 0.593489470218162, 0.6263442885394105, 0.559798751288113], "genus_test_accs": [0.6552059636270163, 0.686495978737358, 0.7333045358718567, 0.6636418234145873, 0.5741574686473203], "species_test_accs": [0.6655477408354646, 0.6390200453811191, 0.6410455285341069, 0.6101269101269101, 0.6462461202919217], "feature_type": "chemical", "model_class": "nonlinear", "n_classes": 3}