{"phylum_test_accs": [0.4265548521829929, 0.4511150234741785, 0.5759439552361951, 0.5021942686108359, 0.49655762203088344], "class_test_accs": [0.390863304249131, 0.45646523716699156, 0.4657553078873866, 0.40322325176209706, 0.5405092592592592], "order_test_accs": [0.5173221059297008, 0.5292466746674667, 0.5830932815290217, 0.5801974223026855, 0.5507850899333139], "family_test_accs": [0.5493550475621295, 0.6919961420845252, 0.5708827361206906, 0.6682986588296932, 0.605175983436853], "genus_test_accs": [0.5846394339545025, 0.6203670443032145, 0.6431363367454086, 0.6161432644481905, 0.5824129815434164], "species_test_accs": [0.7330039658533307, 0.7208159190345219, 0.6878366001099102, 0.7274968586495283, 0.7112397094698308], "feature_type": "nt_5mer", "model_class": "logistic", "n_classes": 3}