{"scores": {"Phylum": [0.4804195283261781, 0.5171299590223942, 0.5391969346815981, 0.42948287796235957, 0.7821022727272728, 0.5563063063063063, 0.42604833340127457, 0.5243386243386244, 0.5299228125290297, 0.4812415763653028, 0.46275123398309165, 0.43510261854210897, 0.4349213403867411, 0.573477280051563, 0.4661925568633161, 0.5776621039778935, 0.571403045896973, 0.44578457340595246, 0.4170169272375483, 0.6261826182618262, 0.5286989170484316, 0.5427839634223784, 0.7084893197569254, 0.49730392156862746, 0.5563492133908464], "Class": [0.5224684318166429, 0.5977961432506886, 0.5004009490820042, 0.6223693794786992, 0.571918927754168, 0.5042797418980042, 0.6842479297985417, 0.40616819957628386, 0.49216496739230275, 0.4803738492348159, 0.5115853658536585, 0.5324580111970141, 0.669287211740042, 0.6559290382819795, 0.6603723318889424, 0.4515004019414605, 0.4918085038566966, 0.5492738939547451, 0.5658807714182307, 0.5739708748996675, 0.5631397612434078, 0.48681200086337145, 0.41469090956694815, 0.48646392675203093, 0.46633438012012496], "Order": [0.6290381918097997, 0.6295580716314357, 0.6398163783506573, 0.6473386746910412, 0.5298592124250019, 0.6900621551784343, 0.6357024589586416, 0.6444361389661368, 0.5666660739871477, 0.6503236544475115, 0.688244854714727, 0.5879980434718997, 0.6643915262955035, 0.5386418800462384, 0.5762526280283341, 0.5845533419840724, 0.5642073862257349, 0.47481414436943936, 0.6314046095369812, 0.5920629412995825, 0.6820777592085752, 0.6021046994539796, 0.6295588942647766, 0.6658386113955576, 0.6388388377871518], "Family": [0.6983157758687693, 0.7054921442707701, 0.6882803456997005, 0.5545271902394098, 0.6961098541980895, 0.6960284889149458, 0.7266444029938444, 0.722840502321147, 0.7311659154977127, 0.6886692386396703, 0.6595644421803362, 0.7278602787653067, 0.7740897943784192, 0.6101641414141413, 0.5127501800603894, 0.6195209914618922, 0.6620078740157481, 0.7603276967121361, 0.7382516429429579, 0.6926465021807245, 0.6111191748468786, 0.7352363813442656, 0.7538802238615586, 0.7103732375129114, 0.7059774612745117], "Genus": [0.7240417404419963, 0.7203463203463204, 0.7419484979856871, 0.7517576104532626, 0.7490777988614802, 0.7540675858467574, 0.7309340239240351, 0.718825376764137, 0.7140476891194251, 0.7195741616377025, 0.6947496947496948, 0.6760349115904671, 0.7285003841885085, 0.7425077163511328, 0.6978595478595478, 0.7086072470442953, 0.7621213024335193, 0.7586884599040854, 0.726776403054972, 0.8028256042812609, 0.7704895960474053, 0.658886139446195, 0.7046228360427755, 0.7759762024467906, 0.697569427680952], "Species": [0.7793557539255599, 0.7835772405031373, 0.7587884098019062, 0.7691555018613818, 0.761835052780962, 0.7705770048003058, 0.7647947746307328, 0.7799037678584648, 0.8076402411609361, 0.7512122646753964, 0.7747212010369905, 0.7682077216851653, 0.7846939711106944, 0.7869989089501285, 0.789743380253296, 0.7720486091503563, 0.7921548718990085, 0.8237739463601533, 0.7413488194885, 0.7704858062628036, 0.7820665997816191, 0.7761003594467852, 0.7384062165815349, 0.7860693156227336, 0.8022803864754392]}, "feature_type": "cds_4mer", "model_class": "nonlinear", "binary": 0}