{"scores": {"Phylum": [0.5608170265072662, 0.7136557244620695, 0.5169024614676788, 0.37652629233511586, 0.3300721362084381, 0.5846560846560847, 0.37293171309564754, 0.6155593708270469, 0.5502819548872181, 0.5404432523997741, 0.49379380841121495, 0.5136416600196844, 0.6005299713252783, 0.49528619528619533, 0.47426804145719254, 0.5877813125957346, 0.48813988792891744, 0.756753980482794, 0.7641058416987209, 0.5991341171508102, 0.6957392697881829, 0.48669467787114845, 0.5582181794539305, 0.4546994743175628, 0.6368896519519551], "Class": [0.5657874635931958, 0.4007731847098182, 0.6603671531156705, 0.5418386330811976, 0.528231234989683, 0.4668294668294668, 0.7308656256024677, 0.5964912280701754, 0.47758106824034297, 0.5459320621991854, 0.5625682717757545, 0.5390821068128072, 0.4646120491131107, 0.5741912924476704, 0.6142857142857143, 0.419939068787124, 0.5228457828703077, 0.6256049306444259, 0.5572009603904539, 0.547813699987613, 0.4137009330759331, 0.5339181286549707, 0.7652777777777778, 0.6942866161616162, 0.6703625001171168], "Order": [0.5907348121198522, 0.5442399144581872, 0.513021598089877, 0.5987789987789988, 0.5293709582598471, 0.48527199049471625, 0.5676965565342603, 0.6568903720182919, 0.6068259288793346, 0.669826455508222, 0.5273157459028832, 0.5335753481616828, 0.5427902663735212, 0.49654376788523136, 0.6152474682641563, 0.6302443742047293, 0.5830917499935405, 0.607743733769153, 0.5756522756522756, 0.6200642748011169, 0.5540517961570592, 0.636693404634581, 0.5573938572212946, 0.6302874873353597, 0.4820344475075933], "Family": [0.7121293464815833, 0.7197194976419792, 0.5798211555680676, 0.6703822559986944, 0.5826293675364883, 0.6997172216321749, 0.7349598806545742, 0.6993641859495519, 0.6803888284721061, 0.6938389615905051, 0.5197128110066727, 0.4136826466991385, 0.520567711018195, 0.4470859914938862, 0.5993530759739115, 0.646605716687684, 0.6616438356164384, 0.590101447686587, 0.44155249103702715, 0.5468549110933217, 0.6696514464371607, 0.6535130906295102, 0.5861871105031159, 0.6842063416050581, 0.729082350050092], "Genus": [0.7157472438809859, 0.5674657345085259, 0.7347392257088075, 0.7128062744735478, 0.7558377651445688, 0.6842450689828081, 0.6924708377518559, 0.68862817112154, 0.6924020110134091, 0.6089158067048795, 0.7507195823373154, 0.7949531596359222, 0.7128065871378227, 0.7525918688595777, 0.7496669541378319, 0.7123256270808968, 0.7245244922341696, 0.7124965625839249, 0.7355877616747182, 0.7325213535740754, 0.7261418811211428, 0.6727048749949512, 0.7224286441202544, 0.6884829964553285, 0.7863556026864617], "Species": [0.7265004781091694, 0.7656149758586052, 0.7370138675235589, 0.7043925978457429, 0.7504618510092028, 0.7592947341766577, 0.7158802969526715, 0.771772345301757, 0.7780274685520886, 0.7475209869008682, 0.7021075773795135, 0.7572786809221053, 0.7547294511737651, 0.7768058479640639, 0.7114147388532778, 0.7440650853276002, 0.76003276003276, 0.7661155847502524, 0.7441357579705811, 0.793082237950792, 0.7426584551402718, 0.802914141373383, 0.7721266721266722, 0.73481575895369, 0.7875453124513415]}, "feature_type": "cds_3mer", "model_class": "nonlinear", "binary": 0}