{"phylum_test_accs": [0.5584651283380866, 0.6253286764914673, 0.6735040190350517, 0.5956065638929109, 0.5646421170094054], "class_test_accs": [0.5264705882352941, 0.6077649553801026, 0.411087620389946, 0.611533207471873, 0.6426426426426427], "order_test_accs": [0.5253717065909136, 0.6598961186988542, 0.5843289253685972, 0.5497981513259478, 0.5962629808395495], "family_test_accs": [0.5771705426356589, 0.6421378340365683, 0.6315820446416941, 0.6402905121610837, 0.7199585921325052], "genus_test_accs": [0.7508737598665656, 0.7801649260599747, 0.7643464020983818, 0.7876557772193445, 0.6973114638060545], "species_test_accs": [0.800944669365722, 0.7810452400186195, 0.7748433347364597, 0.7738511002496482, 0.7782363731656184], "feature_type": "embedding_oxygen_genes", "model_class": "nonlinear", "n_classes": 3}