{"scores": {"Phylum": [0.26988130115678516, 0.3287878787878788, 0.35540929658576714, 0.5198511166253103, 0.316922467214296, 0.23813562173986202, 0.3984419759245165, 0.37581168831168826, 0.4542617046818727, 0.5030672767327572, 0.2926470588235294, 0.4566284779050737, 0.3762823283707746, 0.4260791366906475, 0.4020273732658784, 0.33875128998968007, 0.4081318511831169, 0.4544091710758377, 0.39166589413936387, 0.4767543859649123, 0.4779639128378624, 0.37381183209084123, 0.30045982386407916, 0.41151515151515156, 0.347415696928842], "Class": [0.3512812333179738, 0.41720237568409896, 0.21596011263530446, 0.313135395901026, 0.5073973429951691, 0.46568570656161895, 0.40498636383667347, 0.5611942405420666, 0.5730677813293993, 0.3731001188069951, 0.4536984126984127, 0.34370238411879567, 0.467243291195387, 0.45126705653021437, 0.5058201058201058, 0.5000240073013152, 0.31146179401993357, 0.5061734604068701, 0.4653066613850927, 0.5394179894179895, 0.45366027569417405, 0.33818392185657387, 0.30961843256925226, 0.4720603615717914, 0.32977660199882425], "Order": [0.3802787528216874, 0.35921388781041325, 0.4920817892940323, 0.5011347315695142, 0.38989633080955155, 0.32337469996425106, 0.42720137847670187, 0.2796568440176926, 0.5130075040388942, 0.3642232987471083, 0.5180962838443354, 0.47098064878561874, 0.40200057262612937, 0.4380625849677296, 0.4545647276321831, 0.47263289765735467, 0.48713506408303303, 0.43693866953862726, 0.35770957302432405, 0.4906846850932287, 0.39497635933806147, 0.29329004329004327, 0.40934326831762724, 0.43166923985806, 0.43657729601202067], "Family": [0.33829278980328087, 0.36850033350139705, 0.4319327559639743, 0.33909888167510793, 0.4194148307342671, 0.4173742499111966, 0.41521082117057356, 0.42018247924813057, 0.36524624469670913, 0.4245395892309706, 0.4352545058427411, 0.4164583333333333, 0.4183783783783784, 0.4866135825976574, 0.4395971302428256, 0.37300880006308024, 0.38795678543821904, 0.38107524411026356, 0.46505448574414093, 0.4983817566408919, 0.4529603308628076, 0.511443562416002, 0.42608803625752784, 0.36903968989425956, 0.46414695696277103], "Genus": [0.45134260708801116, 0.45990196013423373, 0.4401688706773452, 0.4610093017779348, 0.40769045707420126, 0.44961296355205954, 0.4420353611530082, 0.45425544304073684, 0.4408747630404208, 0.4196589052287582, 0.48873202614379085, 0.4278867524621203, 0.39757575757575764, 0.471969696969697, 0.4310064337003992, 0.4149710054882469, 0.4391601493694075, 0.414772038176995, 0.43436418594955173, 0.4563284161574483, 0.4961176300159351, 0.42855545974258247, 0.49885274542808794, 0.4546152450344067, 0.45178619392962666], "Species": [0.45131659522351497, 0.458153208889438, 0.4437251226511154, 0.49631049889747475, 0.48277659571402953, 0.4691462330867535, 0.4535174398446709, 0.45607420812338845, 0.4561993115117568, 0.46321977427739114, 0.46940298507462686, 0.450156774751544, 0.4770597442222156, 0.4729192785183521, 0.4283713485394158, 0.47294397635215074, 0.4815067591029371, 0.4617687169174583, 0.4654079687984754, 0.4513552146901974, 0.45705057833357204, 0.44543521289248594, 0.4740519315126645, 0.4695430891519415, 0.45137030152102503]}, "feature_type": "nt_1mer", "model_class": "nonlinear", "binary": 0}