{"scores": {"Phylum": [0.557142857142857, 0.6015296370592221, 0.6313530279368383, 0.5604876772777417, 0.5492796509786532, 0.5197934595524957, 0.6866746698679472, 0.5675460258973253, 0.6178725277989984, 0.638161273754494, 0.5244107744107744, 0.5688915152912951, 0.6633925910643467, 0.42839204743634457, 0.6878352907061042, 0.4181286549707602, 0.5211960939859895, 0.5895584850387111, 0.5762507712775875, 0.5274964487981256, 0.5441806245421944, 0.35076252723311546, 0.4878048780487805, 0.6381621305238513, 0.5212078823457469], "Class": [0.5369701688953846, 0.3892256211656484, 0.523729987656368, 0.4044887499473282, 0.5782446151688797, 0.4702480421230879, 0.5463857559957838, 0.5605628938962272, 0.5227668264173178, 0.8018013197788479, 0.49844943393237556, 0.44526143790849676, 0.5446590420345563, 0.42500488654334806, 0.5951729646083962, 0.543020026715679, 0.6354166666666666, 0.4992594410612235, 0.3793435445609359, 0.6368499542983596, 0.39414526373929853, 0.368380468884546, 0.3788361487331285, 0.5196232339089482, 0.6099616858237548], "Order": [0.554975845410628, 0.5924616540537143, 0.57349932399477, 0.5267429193899782, 0.5535790026083632, 0.5624465630083607, 0.6398233408362322, 0.5800372383252818, 0.6103613735192682, 0.5778289810547874, 0.6316266873208797, 0.5610890100721139, 0.5664154846335697, 0.5765614587604116, 0.57821158662789, 0.5250874937637967, 0.6553484925557557, 0.39523233171146055, 0.5883169179813476, 0.6194521869639794, 0.3802914897250365, 0.5581240931871028, 0.49015935097880337, 0.7003367003367004, 0.6175854071893676], "Family": [0.6338780554792639, 0.6286751282955302, 0.5809684975550157, 0.604714005772392, 0.6890211983159871, 0.5421895203949688, 0.6377411477411478, 0.7019607843137255, 0.6570062355008591, 0.7787022383618076, 0.6211700550298036, 0.6746959269358959, 0.6932327129338466, 0.6565232153467447, 0.7402881340329559, 0.766520947985088, 0.7599769113586593, 0.7275613135006207, 0.5042485667485668, 0.6871486399576288, 0.6171563670968893, 0.7436518252329858, 0.7249310350750627, 0.5818028225004969, 0.625692153146448], "Genus": [0.672613968255293, 0.7179266448240499, 0.679026355527936, 0.7413076950142813, 0.6914044541353178, 0.7722478112346081, 0.7222644681089548, 0.8030811864545176, 0.6702556065872228, 0.7235945222632258, 0.7448794552820411, 0.7421694737529781, 0.7447782993137885, 0.7389359611327575, 0.7166450809714567, 0.7854867879307595, 0.7297828061374859, 0.7501058780576852, 0.7445853498412788, 0.7035292781052433, 0.7261347511138375, 0.7328275411975853, 0.767991096940544, 0.7758709587513936, 0.7154037000735114], "Species": [0.7892469268409119, 0.7689715287409462, 0.7857864231425772, 0.7692383263985206, 0.7855048273604975, 0.8002079123918046, 0.8165401064851183, 0.7878202671992409, 0.8136677596476591, 0.7944821459882997, 0.7833999139394785, 0.8037203311593556, 0.8023044186058454, 0.8153054510016076, 0.7778070662227154, 0.8177046383568123, 0.7952400206662623, 0.8013853128013828, 0.8186028008063332, 0.8105762982955965, 0.7714502789667211, 0.7609785423603403, 0.7907136903978594, 0.8173758865248227, 0.8336251557479178]}, "feature_type": "embedding.genome", "model_class": "nonlinear", "binary": 0}