{"phylum_test_accs": [0.5747755917743574, 0.4865970568480186, 0.5612091842621437, 0.5896526071469169, 0.5130321020678673], "class_test_accs": [0.3981317992403289, 0.7020656338497417, 0.5157950133024909, 0.9090909090909092, 0.5006104235076198], "order_test_accs": [0.5807948189189903, 0.6516732829641012, 0.6294586894586894, 0.6455769398620931, 0.6718850002998806], "family_test_accs": [0.7353334750535101, 0.708548189073051, 0.7899117603718574, 0.6845773168547707, 0.6994606191896794], "genus_test_accs": [0.8090497660159898, 0.8361637604406388, 0.7607365008453938, 0.7474416824580322, 0.6508496933182643], "species_test_accs": [0.8131792689513828, 0.8484403001792113, 0.8195635629349051, 0.8175161593069203, 0.7645528548754355], "feature_type": "ko", "model_class": "nonlinear", "n_classes": 3}