{"phylum_test_accs": [0.39910164008962407, 0.49516419253261357, 0.5639537848236221, 0.4986304256215761, 0.3900659133709981], "class_test_accs": [0.5344381274478361, 0.48972845791869174, 0.5800830624774287, 0.5523053665910809, 0.5980666760538738], "order_test_accs": [0.5754374531963666, 0.6453576864535768, 0.6569526534696813, 0.6283471809565571, 0.6001845733398596], "family_test_accs": [0.6917908532258309, 0.6810271592572098, 0.664553574531679, 0.6785568553310489, 0.528012123758015], "genus_test_accs": [0.6931498482869748, 0.6981203007518797, 0.5775142219213548, 0.7395779207205271, 0.7007469654528479], "species_test_accs": [0.7107037677262396, 0.7565079266878044, 0.7686713143418157, 0.7457587926161929, 0.7601086095737076], "feature_type": "embedding_genome", "model_class": "logistic", "n_classes": 3}