{"scores": {"Phylum": [0.516103755682069, 0.5520628004288135, 0.4485849525980605, 0.5658896188066621, 0.5831319554848967, 0.39303698752228167, 0.557485884837101, 0.6013694366635544, 0.4561989838414126, 0.37768302665715686, 0.497037037037037, 0.5441044704985226, 0.3086297760210804, 0.4874551971326165, 0.3024200671259495, 0.4749904365561133, 0.8189935064935066, 0.42140296979006653, 0.5610618124717308, 0.410279385271491, 0.43319844083509684, 0.4266725309306713, 0.36536796536796534, 0.42905920370709105, 0.39811066126855604], "Class": [0.5010892038811771, 0.5474411729302325, 0.6168224267573765, 0.46872168376213247, 0.5537996451974947, 0.5839478892488478, 0.42495368502831193, 0.5898829342211978, 0.5845588235294118, 0.46937113446123274, 0.41402404166109186, 0.6119316555457103, 0.44409464643689384, 0.34757834757834755, 0.42007600338229806, 0.6290777426867005, 0.47012556266287614, 0.5098515047044458, 0.499769980182908, 0.4441329847270441, 0.47706447251519074, 0.516968030471156, 0.4454597361072181, 0.5018902369648638, 0.41768163020468013], "Order": [0.6271442902039918, 0.5204066243378974, 0.5888291517323776, 0.554630096409389, 0.6258049886621314, 0.5635783264637497, 0.49411941930313885, 0.6215476038260849, 0.6297976078903914, 0.46203039741040947, 0.5730935598298346, 0.5778528891034928, 0.6229312855818879, 0.6029046632465141, 0.5784839731080577, 0.4815725808368149, 0.5330826990119025, 0.6126734623773399, 0.6719709144174913, 0.5727290739776331, 0.6020498582913991, 0.5940731774258322, 0.6228557313382878, 0.6269490792567716, 0.6359587250947015], "Family": [0.6159381937399845, 0.6044307585570048, 0.6244674294518789, 0.6566814915272265, 0.7053731890702366, 0.6400684252986819, 0.7435631482611348, 0.6494919432419434, 0.7339188872005832, 0.5649628374422241, 0.6274360743216433, 0.6441943857093881, 0.5193628261972515, 0.6451161094089507, 0.6529964944645715, 0.6022616441823759, 0.6803382031818654, 0.560311067026027, 0.6041093884803286, 0.5730789416813312, 0.5794111837814672, 0.5323594385787122, 0.5997977771706519, 0.6493553895689127, 0.6504679067045075], "Genus": [0.6945687895987022, 0.7309765876859492, 0.7679567618610621, 0.7554136081309993, 0.7620297055322672, 0.7208036439632131, 0.6718851864746322, 0.6458284022001307, 0.6583551027516544, 0.7454947250059001, 0.6515710851648352, 0.68101009926694, 0.6788086087050712, 0.7040328207556671, 0.6778063215176062, 0.7588715185841796, 0.6938547206496254, 0.6682096125209899, 0.7432943346877773, 0.6563390313390313, 0.6668902865284899, 0.7405356712488701, 0.6392595816335246, 0.720711314828962, 0.6604833372975131], "Species": [0.73897221829159, 0.7886336938469639, 0.7785701215341624, 0.7544461600045748, 0.7701909253749702, 0.7550504676088486, 0.7427685805355463, 0.7480814943330589, 0.7682251106176166, 0.7720739577882435, 0.7584696474009451, 0.7493561022972788, 0.7490637421804823, 0.7193287356739672, 0.8066541117388574, 0.7496074999027501, 0.7448598844486546, 0.7745605134093477, 0.7454347196779777, 0.7677274893370155, 0.7692680284275113, 0.7472038944750773, 0.7669684124067269, 0.7655270432007296, 0.7717743231761923]}, "feature_type": "nt_4mer", "model_class": "nonlinear", "binary": 0}