{"phylum_test_accs": [0.7512789559482167, 0.7453158880682474, 0.6541716169874853, 0.7708046626692363, 0.667727376095371], "class_test_accs": [0.7328703730097733, 0.6887232877933552, 0.7680888127327418, 0.7860630803338716, 0.6910470276145194], "order_test_accs": [0.7802465691663228, 0.7166054323821417, 0.7516664735568251, 0.726913884574072, 0.7162145039269481], "family_test_accs": [0.7709600748447158, 0.7460059310623484, 0.7853993378341714, 0.7534322363398159, 0.7594988462688471], "genus_test_accs": [0.7674608025697073, 0.7505913139259889, 0.769356687510451, 0.7481899256397222, 0.7635295018898937], "species_test_accs": [0.7603095802478602, 0.7769951145504614, 0.7789747179702008, 0.7722906290999676, 0.771960302950061], "feature_type": "nt_3mer", "model_class": "nonlinear", "n_classes": 3}