{"scores": {"Phylum": [0.5809884559884559, 0.7826086956521738, 0.4759887844785457, 0.5647738446411013, 0.4906341329630867, 0.5363296833885068, 0.4812018010519883, 0.5210000657073396, 0.5446581196581196, 0.5910970731687862, 0.39901093180635083, 0.533991498697381, 0.4866494684177611, 0.4881553631553632, 0.6898148148148148, 0.6951734539969835, 0.5460209375579025, 0.4362476440126761, 0.4376496052966641, 0.4169671146072326, 0.489616730505509, 0.5993939393939394, 0.4551142106327067, 0.4973029588897617, 0.590068268049852], "Class": [0.4888236518458315, 0.519428317986446, 0.44478908188585614, 0.5364113181504486, 0.6342821113312916, 0.4264780167472946, 0.41181842977460764, 0.5182063351077435, 0.47456896551724137, 0.4121271465363223, 0.4378890445066916, 0.5628415300546449, 0.4474930819379954, 0.5029876373211649, 0.44276801629742807, 0.5337720517030863, 0.49709752612978414, 0.534088408667153, 0.5480344886266947, 0.36293995868356177, 0.5596534363657651, 0.4394132719479518, 0.5791948621553885, 0.6195341312642212, 0.481359649122807], "Order": [0.6301075268817203, 0.6332998625189022, 0.5377373437044064, 0.5408430188485608, 0.4540807794119053, 0.6906308977017783, 0.6084184651506214, 0.5695328063749115, 0.503986629284405, 0.49484253247355103, 0.5659383329178731, 0.6856630962389642, 0.5929340310998487, 0.5623183050012318, 0.5272967875877589, 0.6743307727414085, 0.5096938177899595, 0.6508917418459403, 0.6196091152208244, 0.6896803934951193, 0.5580247937832015, 0.5108780108780109, 0.5656323604710701, 0.5726303487953973, 0.5343914997210126], "Family": [0.6392234955547561, 0.637444177258674, 0.6857725996774491, 0.6877915978261999, 0.549395217068933, 0.577854340128242, 0.6618846118317058, 0.5559764370343715, 0.5614570614570614, 0.5673940745402919, 0.6673827901489428, 0.6040443536640976, 0.5884449299247505, 0.5770221601874829, 0.6169791373934455, 0.5941590086326928, 0.6555607355607356, 0.6129398900982207, 0.5882142857142857, 0.6564908885663602, 0.6809783583964397, 0.6106292138858075, 0.6445075946780121, 0.6568958884429056, 0.5637400475069069], "Genus": [0.6152908028092015, 0.6209240193654294, 0.6718150223052183, 0.7480329302826014, 0.6944798075387125, 0.7324356076912039, 0.6571781097134871, 0.6096557728915579, 0.6807753164556961, 0.6806254493170382, 0.7203808373559748, 0.695264241592313, 0.6466146193705121, 0.6772505646172831, 0.6719373118330417, 0.6300539178634416, 0.6897324622865922, 0.7030346233939048, 0.6837459432540199, 0.7310569976978646, 0.6922334125541613, 0.6827226704635342, 0.6530928413890605, 0.6799593251605636, 0.6727152927982055], "Species": [0.7600807082115494, 0.7595225559801837, 0.7553221769642243, 0.7610597581169172, 0.7666320830475789, 0.7506327496642267, 0.7605726326924483, 0.7524300919406605, 0.7295774965337536, 0.7755798927440719, 0.7547535006717427, 0.7478916976448914, 0.7551454809965449, 0.7063715208045105, 0.7599076923948963, 0.7379710740617053, 0.7424338818708556, 0.731021137656333, 0.7892269021301278, 0.7699733315404957, 0.7853258981307762, 0.7202807963992545, 0.763876045676437, 0.7693201283129341, 0.7625674330132477]}, "feature_type": "nt_5mer", "model_class": "nonlinear", "binary": 0}