{"scores": {"Phylum": [0.39863000197122017, 0.4638176638176638, 0.4590241034685479, 0.5072765072765072, 0.5026709401709402, 0.5595230500493659, 0.47647058823529415, 0.4156594144507118, 0.43253968253968256, 0.4806329250842922, 0.4494756290547999, 0.5838680522327325, 0.5710973656499155, 0.4492291334396598, 0.4259100376590716, 0.4828142309539915, 0.5089836417270045, 0.5003923519009725, 0.5913716638948285, 0.4915887478047911, 0.4886471852762293, 0.35581547368912547, 0.4573673036093419, 0.4026980220581533, 0.49008007853746793], "Class": [0.5007078507078507, 0.4343366822251762, 0.48535621271995016, 0.5006340652162321, 0.48913411128023004, 0.5029504718045962, 0.5365814651972617, 0.5362361311891913, 0.5932546470521154, 0.485443853126291, 0.4806359432343685, 0.6471033282691553, 0.36179068977234113, 0.4978909214002787, 0.44372099991326297, 0.4515425884885982, 0.40158671737619106, 0.5273522358583721, 0.4245461751092832, 0.5045111534727327, 0.5835680751173709, 0.483674670433145, 0.4874917774917775, 0.5334403144747972, 0.49060289304191745], "Order": [0.530569761619435, 0.4894785384134695, 0.46077600560359183, 0.5613115946752681, 0.5175035640741328, 0.5726800976800978, 0.5929930357509287, 0.5375049655983347, 0.49639260972216165, 0.4765387733226141, 0.5600564140299239, 0.4352745486400295, 0.48167150359314537, 0.5225106620452543, 0.45039435251024007, 0.5024970330712811, 0.5654013544870757, 0.5519557823129252, 0.5063809043750335, 0.5524172313309693, 0.6052439306488832, 0.5595911730545876, 0.5411577629428856, 0.5788191313629719, 0.5976070110222326], "Family": [0.6384495707280518, 0.5430190058479533, 0.5695865535799705, 0.5465586934304101, 0.5904200927682901, 0.5970631386799051, 0.555333924412562, 0.5330782573206816, 0.536255873874878, 0.640503736726369, 0.516032360371983, 0.5738651411621379, 0.6306532934799175, 0.5448847519643597, 0.6128988302023973, 0.561668771043771, 0.5645845214113115, 0.551225332003364, 0.5902471845475218, 0.5833531538439877, 0.6118357323661642, 0.5866619730134579, 0.597258289981987, 0.45849303130361224, 0.6584392247465024], "Genus": [0.6507210649574756, 0.6182240859428808, 0.6110684212486642, 0.6489125565276193, 0.6457998147335576, 0.5955004113856763, 0.6027150031387319, 0.6522184029936252, 0.5758005624672291, 0.6074641033843337, 0.6680914274155826, 0.6490428028001971, 0.6386611100896815, 0.6033274487776173, 0.6458627149370691, 0.6278729203107839, 0.6424193401385344, 0.6251636287196669, 0.6335726391906167, 0.6180509413067553, 0.6131292128723635, 0.6329776706683923, 0.6640538246915586, 0.5853161895519974, 0.6427280939476061], "Species": [0.685394116691045, 0.6704700344534364, 0.6846629560915275, 0.6528403195820364, 0.6081878477702842, 0.6522331065858252, 0.6566918109606262, 0.6565770273087346, 0.6676282051282052, 0.673501904226759, 0.631342699505001, 0.6725562019679668, 0.6645768648992915, 0.6530094737926063, 0.6707161222732156, 0.70103932120364, 0.6855654761904763, 0.6604370325497789, 0.6566997470824614, 0.6746031746031745, 0.6942599803571329, 0.6415088321145919, 0.6380125455467921, 0.6555895029048334, 0.6792385465138273]}, "feature_type": "cds_3mer", "model_class": "logistic", "binary": 0}