{"phylum_test_accs": [0.4358181539808625, 0.4832898445135128, 0.45673425950719215, 0.4683978080283819, 0.46596751109475293], "class_test_accs": [0.4783177125711237, 0.47955798890838003, 0.4664780499775707, 0.46407724045265364, 0.46483190629543025], "order_test_accs": [0.475064329596991, 0.48741430705354993, 0.44805147462838657, 0.4688666371805122, 0.473890758570795], "family_test_accs": [0.4524230460531065, 0.45554277176152175, 0.46275395554145354, 0.48325995363045376, 0.47673352075589115], "genus_test_accs": [0.46565237284858024, 0.47224347560677443, 0.46644840831521805, 0.4762096611374307, 0.4784819479394371], "species_test_accs": [0.4698440019429331, 0.47525621789229283, 0.47785346129637024, 0.47125627907416007, 0.45613543875541285], "feature_type": "nt_1mer", "model_class": "nonlinear", "n_classes": 3}