{"scores": {"Phylum": [0.45319967040962933, 0.5511686563522711, 0.449623217773079, 0.691949552098067, 0.5566137566137567, 0.6995884773662552, 0.5411111111111111, 0.4834647408290819, 0.4618714833030697, 0.5292880347998459, 0.5236486486486487, 0.8047619047619047, 0.4301260022909507, 0.37763450207669275, 0.4771645021645021, 0.5139455782312925, 0.41286802479832924, 0.3924349717804792, 0.4644224899872211, 0.526039117991607, 0.5336363636363637, 0.5012801421007262, 0.4818016577915872, 0.523320895522388, 0.6194690200485514], "Class": [0.48037986731628163, 0.5081504646722038, 0.4481643382919884, 0.4645418970131614, 0.524103456879735, 0.6208961544091508, 0.5367874952906438, 0.5763157894736842, 0.6730201209237784, 0.46130221836666957, 0.7302287581699347, 0.6515151515151516, 0.6150072150072149, 0.6159499938784672, 0.7134532488138494, 0.3953039053905391, 0.4477180168046679, 0.6624062955802043, 0.49292243798575014, 0.5264082687338502, 0.5117321589882566, 0.5537330634674419, 0.548616231117782, 0.6519863880974992, 0.547094566993464], "Order": [0.7300716421089165, 0.610977670071796, 0.644642239296958, 0.6764858670741023, 0.6435873179681229, 0.6720040429728892, 0.6589743878243716, 0.6161684238823443, 0.7341140739505998, 0.7459573054811149, 0.6653225573842364, 0.6609820526849841, 0.5974365826102039, 0.7609021149167136, 0.644460781949976, 0.7095474529049408, 0.729016480595428, 0.6523249738766981, 0.6135181202977813, 0.5968580744022669, 0.7054886211512716, 0.6888565366426599, 0.6919584208156634, 0.7158170894163064, 0.5605744893053122], "Family": [0.8140546848207088, 0.691426873779815, 0.7683435797470884, 0.6885337345451568, 0.7852599269816639, 0.742207741116038, 0.7517418057428714, 0.7639884867492697, 0.7264489448397494, 0.6788112877221787, 0.7231086590744309, 0.8348610052154366, 0.7561777098008983, 0.7513231279282016, 0.7651189972391834, 0.789294189603884, 0.7276617313592103, 0.8152708408734467, 0.7688632163075023, 0.7293975283050135, 0.7495391318920731, 0.8416735163570607, 0.7263149883842025, 0.741995760821062, 0.7653665309131789], "Genus": [0.9154442516497944, 0.8369138317977795, 0.8202238000469407, 0.8864910556155318, 0.9026530879437399, 0.7866702295515854, 0.900179369576733, 0.9151678430949944, 0.8814391499453503, 0.8670610871691468, 0.8351379339614634, 0.9055947554190941, 0.8759095858091607, 0.8969306334796828, 0.8565652796788393, 0.9090791756424569, 0.9410413116295469, 0.8327367739548649, 0.8107377777328554, 0.8210628390583454, 0.8660039521881626, 0.8963915838915839, 0.7797417146061725, 0.8894854323308271, 0.9008994708994709], "Species": [0.9958847736625515, 0.9941675078914901, 0.9820960932072044, 0.99822695035461, 0.9972072072072072, 0.9987878787878787, 0.9964912280701754, 0.9982174688057041, 0.9957264957264957, 0.9988505747126437, 0.9972286111820995, 1.0, 0.9944100801832761, 0.993769066008957, 0.9958847736625515, 1.0, 0.9940191387559808, 0.9959839357429718, 0.9988344988344989, 0.9927673932958924, 0.9951010101010102, 1.0, 0.9954337899543378, 0.994468125414417, 0.9982993197278912]}, "feature_type": null, "model_class": "randrel", "binary": 0}