{"phylum_test_accs": [0.6058461058461059, 0.2647743959202716, 0.39309925153651964, 0.41951890182284785, 0.3369070825211176], "class_test_accs": [0.295139143543984, 0.43353708653150475, 0.5056749311294766, 0.4349988708538284, 0.41950617283950614], "order_test_accs": [0.39055440023882165, 0.40084700856286887, 0.5040041477227407, 0.5575877428605859, 0.4312638109807921], "family_test_accs": [0.5423623534088651, 0.3864711447492904, 0.5155195999811312, 0.49065772936740676, 0.5808080808080809], "genus_test_accs": [0.5515884534752459, 0.5115223806028238, 0.46509419119778084, 0.5384926584326885, 0.4601680384087792], "species_test_accs": [0.5124138963761605, 0.5355764725568942, 0.5729508465140649, 0.5091442374051071, 0.4987845201332199], "feature_type": "cds_1mer", "model_class": "nonlinear", "n_classes": 3}