{"scores": {"Phylum": [0.37770897832817335, 0.2511248219102391, 0.4209039548022599, 0.5480272861356932, 0.30949023221627076, 0.3082637404201636, 0.5456364032629678, 0.40181787103192007, 0.37675070028011204, 0.2941005521650683, 0.3025641025641026, 0.6446360153256705, 0.43333776713664984, 0.46852069933870827, 0.5356902356902357, 0.4994960515784561, 0.4903062991484333, 0.4930052141388707, 0.4898412698412698, 0.4915584415584416, 0.5736247838820083, 0.48764697765363524, 0.3776537846305288, 0.4730769230769231, 0.38458498023715415], "Class": [0.6811734364925854, 0.41256830601092903, 0.6798482647296206, 0.5960526315789473, 0.5455065359477125, 0.4193954059652789, 0.6062527448397014, 0.5228934910832485, 0.44147076552139836, 0.5224012319698794, 0.512079399661099, 0.35693147716150203, 0.44709201248188535, 0.4932064734917084, 0.41837820971679246, 0.4729680696661828, 0.4183186850587599, 0.4296749811035525, 0.39711269123033827, 0.5397992665508589, 0.4770013268465281, 0.25187864561103995, 0.492253940447785, 0.46442127575667946, 0.45650607208935434], "Order": [0.5053825612218258, 0.5443268964709351, 0.49944862155388464, 0.4540036063128559, 0.5843888846411975, 0.57246036348384, 0.45826431506926407, 0.6017095333436008, 0.5163470458380235, 0.5613169862269524, 0.44460857318839003, 0.4166222794782544, 0.44469974175709814, 0.5885240266801787, 0.5847165991902834, 0.6373281293241583, 0.6181255592918601, 0.5772462758472491, 0.6247375842294788, 0.5865235026988896, 0.5039169133940377, 0.4248473510768593, 0.44776352830778854, 0.5651765752557925, 0.5451691729437116], "Family": [0.5300639447698271, 0.5636226510557015, 0.6205101535050773, 0.6482931215853948, 0.4428034763106252, 0.6017033075856606, 0.5998173692957267, 0.6062348232260014, 0.5793943595840955, 0.5690418679549115, 0.5717839374555793, 0.4921219861467579, 0.5717662871600253, 0.4558460595486342, 0.5711241206799843, 0.6605352985943236, 0.590548461939538, 0.45479481532113103, 0.6100027893506155, 0.5054188157934425, 0.5597561299336813, 0.5193265059384112, 0.5616802864346561, 0.647517860424211, 0.6492543260473588], "Genus": [0.696343927453102, 0.6324193274276124, 0.6480394729518039, 0.7303359309891753, 0.6482314533378363, 0.7157646688274317, 0.6141100165660869, 0.6603549730845896, 0.6546445079566706, 0.6791734131876085, 0.5442711138044146, 0.6845288895888486, 0.5457054789646558, 0.6800154625608633, 0.6463257448090612, 0.7131686798964626, 0.6415410094271884, 0.6924746375428011, 0.6867424242424242, 0.5323670910462568, 0.64505209503188, 0.6360635096124317, 0.7091813856519739, 0.6775408109531332, 0.5717368650661184], "Species": [0.7003830746279239, 0.7456762755501343, 0.7307819496907481, 0.7118508055476752, 0.6950192849488465, 0.7089520042733586, 0.6971927951602749, 0.7076156918017382, 0.6938816738816739, 0.7469631952854936, 0.6985038152382735, 0.7325840182314928, 0.6883232334470889, 0.7144236482471777, 0.6887021257465967, 0.742496354486779, 0.685584063632844, 0.7181102912898533, 0.7086478985362205, 0.7195898266302366, 0.7091913377900524, 0.7241406540319583, 0.7344895988306841, 0.7209508689934662, 0.7223006936638093]}, "feature_type": "nt_3mer", "model_class": "nonlinear", "binary": 0}