{"phylum_test_accs": [0.5630834492809308, 0.5499322721485577, 0.6442069414915123, 0.6009275079326336, 0.6000758599435791], "class_test_accs": [0.6145534519028495, 0.5873873734562174, 0.5857863751051303, 0.8602631578947368, 0.5789473684210527], "order_test_accs": [0.5941689824971966, 0.6020245186911853, 0.6184300972927242, 0.592159916926272, 0.6222711475520465], "family_test_accs": [0.5957970600827743, 0.6060745268472865, 0.6126465887254637, 0.5935234699940583, 0.607958115183246], "genus_test_accs": [0.5978057889822596, 0.6050632911392405, 0.6160711429908984, 0.6468373249997096, 0.6156504614434104], "species_test_accs": [0.6122850715089185, 0.6179512034176017, 0.6133488804253832, 0.604874177710642, 0.6093856605635314], "feature_type": "ko_terminal_oxidase_genes", "model_class": "logistic", "n_classes": 3}