{"scores": {"Phylum": [0.6040143185184067, 0.5295626092838637, 0.6092066102321118, 0.5045473787960053, 0.5499203821656051, 0.7578947368421053, 0.5977425606111698, 0.5261756876663709, 0.383406611301091, 0.6024247284541538, 0.5685988286247912, 0.5510187671803907, 0.6110975411170819, 0.5167994137135906, 0.458239616134353, 0.5560970415380921, 0.5262515007091934, 0.5396045973068017, 0.571055381400209, 0.6073961499493414, 0.4553906132853502, 0.5476490653822393, 0.6298837550719012, 0.9087301587301587, 0.6216145833333333], "Class": [0.45838285686483027, 0.6169108442745818, 0.5853367003367004, 0.6682379349046016, 0.5118306700308383, 0.6225980931426476, 0.6611247947454845, 0.6246459425010622, 0.5522770743228268, 0.5685692506698697, 0.5337690320394723, 0.5420571228638691, 0.6299852936574987, 0.539049919484702, 0.634852749169844, 0.6459240290226206, 0.6068069480884558, 0.6306413377428014, 0.5977850891643995, 0.5154668067962865, 0.49556737588652483, 0.5124885969713556, 0.5750368405540819, 0.5939542483660131, 0.6219290164437844], "Order": [0.7015917853189296, 0.603540971449759, 0.5404506854286685, 0.5994529471587189, 0.6172658063055414, 0.6425488576933663, 0.7849424886720112, 0.6413468567251462, 0.6427697067527576, 0.632057206740751, 0.5858894905186937, 0.6347204707860445, 0.5204690831556503, 0.6213580293936806, 0.6095269692010461, 0.6147529611709416, 0.6380042721506136, 0.6919159994381233, 0.617583336761419, 0.5440408931934355, 0.5581437305719436, 0.6199843347879602, 0.6676058020107267, 0.6834585136581506, 0.6124590573528895], "Family": [0.6676036362660294, 0.6205888629408208, 0.5807618166396792, 0.5696984784856799, 0.6358785840035407, 0.7052289312018464, 0.697839200244101, 0.6774588789112035, 0.6843596909419695, 0.5865574666722739, 0.6449184342041484, 0.576385732093528, 0.6172502297530712, 0.6608682908957685, 0.6650056198004545, 0.6382989559460147, 0.7384749136594165, 0.6231569493728449, 0.6379468947920518, 0.6434653635608037, 0.6859825075316448, 0.6554767446283878, 0.6109126984126984, 0.6323791684777453, 0.6047400341787884], "Genus": [0.8062901085885762, 0.7333933858443663, 0.7365643434320949, 0.6878485002643365, 0.7268292627600959, 0.7542475445701252, 0.7132485836718061, 0.6240706276996599, 0.7058364475649235, 0.7702981302628956, 0.5575071108530131, 0.7308973527771397, 0.7312151610313999, 0.6552232854864434, 0.7199672728934002, 0.6794871794871794, 0.6399436455499418, 0.7532003003288813, 0.662280701754386, 0.6787564069061635, 0.6422794882463075, 0.713758431764229, 0.6964555743538345, 0.7405904943909487, 0.7783321037452932], "Species": [0.7841455955154334, 0.8086780166612101, 0.7599415204678363, 0.7795729753776207, 0.776500447894894, 0.7760623860872705, 0.7849089978122236, 0.7938563774741249, 0.7649364787084969, 0.7734334908247952, 0.761608339538347, 0.7392050007134467, 0.7933932755911722, 0.7721491228070175, 0.7830271348175789, 0.7802287581699345, 0.7651394901394902, 0.756386630532972, 0.758165708327209, 0.791344604587389, 0.7575804047335203, 0.7760284769895754, 0.7647665515217499, 0.7614255457803845, 0.7743262411347517]}, "feature_type": "embedding.geneset.oxygen", "model_class": "nonlinear", "binary": 0}