{"phylum_test_accs": [0.6808275669315966, 0.6840891025693566, 0.6546950962711954, 0.6904941255404156, 0.604173317559426], "class_test_accs": [0.6886754674142352, 0.6964413527103344, 0.6788711865319313, 0.6342289700098714, 0.615390137429897], "order_test_accs": [0.6464167402029427, 0.6793570307195411, 0.6938248065500229, 0.6887722404383001, 0.6519443852516662], "family_test_accs": [0.6719529342640115, 0.6846951026276925, 0.6623837227435488, 0.6869346534558081, 0.6853010444512521], "genus_test_accs": [0.6750081731789321, 0.6807539335648821, 0.6692500688564914, 0.6777851716623576, 0.6776973485770839], "species_test_accs": [0.6663174610488891, 0.6880808020572768, 0.6757150087531589, 0.6885556972591277, 0.672638318078633], "feature_type": "ko_terminal_oxidase_genes", "model_class": "nonlinear", "n_classes": 3}