{"phylum_test_accs": [0.4116889445836814, 0.44047694619014366, 0.33264814057940295, 0.4073842881583207, 0.4195264962938378], "class_test_accs": [0.3879533549737379, 0.37701900097698443, 0.4718062922270152, 0.289872660657606, 0.41796509152830996], "order_test_accs": [0.4042451088962717, 0.40365308727948007, 0.5248320307143837, 0.4927158034306969, 0.47941399008814733], "family_test_accs": [0.5047165434695203, 0.5177416440831074, 0.4967214794324062, 0.5467587215554696, 0.5669081945788564], "genus_test_accs": [0.5166816331417625, 0.496361336127948, 0.502392255079923, 0.44264085082778676, 0.46794932896000013], "species_test_accs": [0.5103059669748825, 0.5350058556580296, 0.5537424163561796, 0.5249454125983603, 0.5280648000153166], "feature_type": "cds_2mer", "model_class": "logistic", "n_classes": 3}