{"scores": {"Phylum": [0.5124100139679811, 0.4730517032602984, 0.5920715249662618, 0.49532366352384877, 0.4176541180338649, 0.43188733907404847, 0.44558760683760684, 0.4920371742153957, 0.5836816440264716, 0.3871794871794872, 0.4279388262088067, 0.32474747474747473, 0.5693837384658641, 0.6162667397961515, 0.47789619800489364, 0.39123931623931624, 0.4867750432642006, 0.6554054054054054, 0.35949052996757813, 0.3502139460618043, 0.5644463667820069, 0.5289201877934272, 0.4181286549707603, 0.4601032805740504, 0.4814183897243107], "Class": [0.2833953822126546, 0.5349206349206349, 0.47462525654015014, 0.4196873413484479, 0.4287141169793501, 0.4975031297816108, 0.31964745780535253, 0.4175593841954881, 0.41920722908090474, 0.5216931664319684, 0.4891376378816921, 0.5994009413778348, 0.44878044587645327, 0.38362068965517243, 0.40793379652732464, 0.31559606951437386, 0.41815441234045886, 0.41484920969935746, 0.5980528451774458, 0.3007936507936508, 0.3774450857784191, 0.4338784794509986, 0.43407404595286603, 0.41605390675498644, 0.4388878845400585], "Order": [0.5515018315018315, 0.521989121989122, 0.3641794794567565, 0.42979074823195784, 0.4903978981805708, 0.4903769381222962, 0.4252622855518338, 0.4379301075268818, 0.46351879537615176, 0.4053120917527697, 0.43754817497834253, 0.48063174047418356, 0.4281294815177274, 0.5262690199877782, 0.4879182748035207, 0.5080666146239916, 0.5544221930465537, 0.43009494944211024, 0.45882736004837543, 0.5639100761329774, 0.48098142960888063, 0.6322894343788558, 0.47761491113920357, 0.4582567506240072, 0.3915330020056948], "Family": [0.5351067603441544, 0.5513057172731615, 0.5727070681629493, 0.5967429121326523, 0.6045901639344262, 0.490028882975271, 0.4069100254372853, 0.4841664029702762, 0.594199402934651, 0.5364215070894037, 0.4819176836627556, 0.5198704219318911, 0.4983635469393061, 0.47777099723059585, 0.5779989142144114, 0.5131639621421257, 0.550530867783264, 0.49070382151337305, 0.47465224185831145, 0.5701919527500923, 0.39504490038655954, 0.43951901864676896, 0.5333399981499903, 0.5774136292941052, 0.45063276896382226], "Genus": [0.5065088757396449, 0.5577866076499145, 0.6394670332203956, 0.4975902368393836, 0.5009076159762309, 0.5480384699896895, 0.5848823447507657, 0.5389236470258528, 0.5930108739586893, 0.4728983118671197, 0.5352825551920299, 0.5437174139728884, 0.5462962962962963, 0.5081960050579298, 0.5478702779178296, 0.571110431116551, 0.4674460432385062, 0.6102717708942139, 0.5198295241663544, 0.5030744198630873, 0.5137637721132317, 0.47178852874055055, 0.45885478100180865, 0.5025188102726041, 0.55476747922692], "Species": [0.5897137686613672, 0.5553887003786308, 0.5647067548097296, 0.5409101677758393, 0.5231695511300775, 0.517128764560871, 0.5408817350820417, 0.5132335342264119, 0.5517113390078566, 0.5592941121751663, 0.533897291359978, 0.5506054365786032, 0.5405024312383576, 0.5212660821356473, 0.5085609809309263, 0.5538273351607864, 0.5368551613767527, 0.5474022512864695, 0.5515365735496327, 0.5564912280701754, 0.5375572146586639, 0.5319667136620869, 0.4887039115126189, 0.5393203746144922, 0.5367016503015719]}, "feature_type": "cds_1mer", "model_class": "nonlinear", "binary": 0}