{"phylum_test_accs": [0.6305076628352491, 0.605691056910569, 0.29189820539265254, 0.5142857142857143, 0.46597729553980277], "class_test_accs": [0.30753231923657276, 0.504799018546583, 0.3961795583902877, 0.5999049090692975, 0.636265358856721], "order_test_accs": [0.4547098031817896, 0.6164162112932604, 0.47528032619775734, 0.4502182518293248, 0.5303322349556275], "family_test_accs": [0.5720918968480859, 0.5878251183514341, 0.4754267289055603, 0.5151202457687813, 0.6113491960860381], "genus_test_accs": [0.47065210217147385, 0.5825071133081003, 0.6735107556536128, 0.5904168001248347, 0.5996439268085005], "species_test_accs": [0.6337744580236736, 0.6114160270263557, 0.6028222257428532, 0.6348236757204149, 0.6136226598428026], "feature_type": "aa_1mer", "model_class": "logistic", "n_classes": 3}