{"scores": {"Phylum": [0.6153430855850065, 0.5885818604265206, 0.6055196488241922, 0.6614583333333334, 0.5466988727858293, 0.588852048334807, 0.587231182795699, 0.5914271729249703, 0.6224291552220808, 0.552536231884058, 0.43803418803418803, 0.32266666666666666, 0.6006843172535915, 0.589041095890411, 0.6231696813092161, 0.5785125226749592, 0.6248559820508156, 0.604001554001554, 0.5463777974754866, 0.5580964928791016, 0.3505291005291005, 0.6449021149619952, 0.6473255280073462, 0.4734720206418319, 0.6108952997556254], "Class": [0.549174847062171, 0.5954297858327435, 0.5991698986187658, 0.4241100323624596, 0.5600919453366081, 0.5909331919406151, 0.6176923076923077, 0.5761978942844865, 0.5821021021021021, 0.5918518518518519, 0.6094312281125468, 0.587280701754386, 0.5252843308487696, 0.5928766081500729, 0.6285314685314686, 0.5943821082360126, 0.536773053261276, 0.5821308248433877, 0.6195286195286195, 0.6051318773123284, 0.6004314404642542, 0.6055504657199572, 0.5764233697451174, 0.5256686184522867, 0.5892356035018737], "Order": [0.618406873452745, 0.598780421995575, 0.6170708831999154, 0.6174288901282766, 0.6154598825831702, 0.6259879920960633, 0.6204816977747242, 0.5944508840683703, 0.6162953766926454, 0.5961702354319804, 0.5894816652881169, 0.5915054715046287, 0.6036360280546327, 0.5853873489694386, 0.5975307249971812, 0.5765304375473868, 0.6018849206349207, 0.5893093093093092, 0.5942296516596589, 0.6062615984301608, 0.6193794538689538, 0.6079362924754536, 0.6107361260419787, 0.6031584944628423, 0.6227798880516983], "Family": [0.6048201679895556, 0.583535864978903, 0.6486340163251708, 0.6022014309301046, 0.6165295920012901, 0.6130199455757902, 0.6205333063646171, 0.5871480900052329, 0.5856424611505685, 0.5766525647805394, 0.6164463555767904, 0.6161197365325806, 0.5915923421645751, 0.5864476279456037, 0.6081509473573715, 0.5976867335562988, 0.5832489023978386, 0.6111739212361033, 0.6251665433012583, 0.609348314058459, 0.6211103629656486, 0.5715374674694347, 0.5796018644723778, 0.6328361918965947, 0.6064298978644382], "Genus": [0.6126140401421301, 0.6059606848446417, 0.6057844824676858, 0.6047939130840686, 0.6010884902237452, 0.6187558427834005, 0.5795750882037122, 0.6281274281274282, 0.5876679217217496, 0.6174513665115169, 0.6227766106442577, 0.6085810162991371, 0.6238213914849429, 0.6177777777777778, 0.626477149507214, 0.5906675906675907, 0.5754820936639118, 0.6109570120767983, 0.6009148424273026, 0.5871781115879828, 0.6169394841269841, 0.5955712326082696, 0.6022038567493113, 0.5937831619476922, 0.6048729141512647], "Species": [0.6077876208673499, 0.5953984287317621, 0.5985191031311486, 0.6084709244560546, 0.5922809894765614, 0.615728977616455, 0.6069861972971324, 0.6066217732884399, 0.6050227121488296, 0.607997462953353, 0.6151852711379283, 0.5978864787330581, 0.6040435844915049, 0.6119589141599413, 0.6064567241037829, 0.6053157061213248, 0.6165525948568011, 0.6113251329188069, 0.6155140410753847, 0.5948260259716754, 0.5979285356447986, 0.6183155758498224, 0.6116220735785953, 0.602833731649027, 0.6052832493510459]}, "feature_type": "metadata.oxygen_genes", "model_class": "logistic", "binary": 0}