{"phylum_test_accs": [0.5820166574098119, 0.7163461538461539, 0.6110423694803053, 0.508954200442652, 0.4565302144249513], "class_test_accs": [0.47123949904085727, 0.5207642916321458, 0.5928584449913408, 0.5332298480857239, 0.5809207816317663], "order_test_accs": [0.5821062112935628, 0.6504489337822671, 0.562739773266089, 0.5307544039428097, 0.38976733143399817], "family_test_accs": [0.6208628098391878, 0.6435221303375461, 0.7283189033189034, 0.6430546361989291, 0.6584814599153109], "genus_test_accs": [0.711523799375652, 0.6270384601972562, 0.7240498272413166, 0.541577334596779, 0.6901836385051933], "species_test_accs": [0.7129084981994199, 0.7352493399284517, 0.7162243288579105, 0.6959034384784872, 0.7240989934983745], "feature_type": "aa_2mer", "model_class": "logistic", "n_classes": 3}