{"phylum_test_accs": [0.5244929324415005, 0.5291117216117216, 0.5485727118170357, 0.4620648973859984, 0.49944841988637606], "class_test_accs": [0.425438596491228, 0.7109440267335003, 0.5216645216645217, 0.47664863542684127, 0.5708885046732317], "order_test_accs": [0.5171629775994785, 0.6156066085919473, 0.5091269829988284, 0.5900920489961586, 0.5835669910523354], "family_test_accs": [0.6256946932434674, 0.6506925706062241, 0.7066034131431483, 0.713764859143462, 0.7420161539293145], "genus_test_accs": [0.7751131442467183, 0.6767391650898605, 0.70783927385829, 0.7750915215188652, 0.8013841342111553], "species_test_accs": [0.772433489827856, 0.7784156181043341, 0.8044061556903314, 0.7611059637982597, 0.7836205501190058], "feature_type": "cds_4mer", "model_class": "nonlinear", "n_classes": 3}