{"scores": {"Phylum": [0.5074683000214915, 0.6038115219861876, 0.5970895271082888, 0.5903770739064856, 0.6109862671660425, 0.6398638846219491, 0.6386246096799376, 0.49088827838827837, 0.5211336336336336, 0.5295482295482296, 0.6003661448137348, 0.5035047029735933, 0.5522148527786153, 0.5252650064772088, 0.5299869088528882, 0.6012952567805693, 0.5991390906645143, 0.5590922487474211, 0.8625541125541125, 0.6028106526774374, 0.5170634920634921, 0.5380196012166273, 0.6616161616161617, 0.6047892510204648, 0.5375683700578215], "Class": [0.5786797851558155, 0.6138221660345554, 0.6271103258735767, 0.5193732193732193, 0.6284722222222222, 0.597595765547479, 0.5907144768530906, 0.5986013986013986, 0.6382861333218971, 0.564560639070443, 0.5811688311688311, 0.47757260374022187, 0.6016161068977971, 0.584331797235023, 0.5995836365106314, 0.5453572317649987, 0.5679081664483124, 0.5117270746682511, 0.47129257771828054, 0.576624673112189, 0.6434039390561129, 0.5952293690061695, 0.605024154589372, 0.5897530775828402, 0.4780292990181409], "Order": [0.6131740196078431, 0.5930389091540733, 0.6050140633953295, 0.5357426303854875, 0.5603786342123056, 0.5875389516564246, 0.5469987032487033, 0.5407770936083504, 0.5195973318086525, 0.5148212851937143, 0.5467479995633951, 0.5200333454361825, 0.4981979134610319, 0.5249136129861781, 0.5855253837952297, 0.3700123773430821, 0.5218622462680724, 0.6105579295331774, 0.5228116261278329, 0.572412806549504, 0.5922919266174577, 0.5059944559944559, 0.5795059701189968, 0.5444691814875412, 0.599170914915955], "Family": [0.6300884217550885, 0.5534912078038763, 0.6453772331351743, 0.5870445344129555, 0.5840918266452959, 0.6157931302587315, 0.524177000958543, 0.5913952834761801, 0.5633089515848136, 0.5419052667501957, 0.6407582110412299, 0.6023284628972235, 0.5842167927174989, 0.6595348405321135, 0.5280837652754161, 0.5653040241120996, 0.7553541332675628, 0.5676259589467136, 0.5795308388497528, 0.6212866561449953, 0.5631051872553499, 0.5737260227264144, 0.6213742585747261, 0.5952513536877052, 0.6151966454598033], "Genus": [0.6422930886060383, 0.6653425489712917, 0.6270358883473638, 0.6479366249933327, 0.6565889113299913, 0.6469681422813769, 0.6570301163128167, 0.5915605969043277, 0.6419283331048037, 0.6274056867552803, 0.6320084321402134, 0.6548012093726379, 0.6569099636297874, 0.6844541597016844, 0.6628372805467185, 0.6284727492712974, 0.6540732663942327, 0.6792398502735387, 0.6757722001185954, 0.6613080924571821, 0.6625924883510023, 0.6047518909754825, 0.6329377311380441, 0.6548096511331806, 0.6583828849594862], "Species": [0.6443467344972749, 0.6720043799484324, 0.6494044513997566, 0.6690767243092824, 0.6590554032367946, 0.6684782425389719, 0.6436597767003346, 0.6908108991338461, 0.699445381896262, 0.6560484206464269, 0.6588839165304313, 0.6558804002465974, 0.6493909345167926, 0.6772738265110229, 0.6843234839817276, 0.6787688423717836, 0.6665148728840108, 0.6988525750054881, 0.6600002612157251, 0.6663454309736413, 0.6810712137962271, 0.6674612100917665, 0.6646349483642178, 0.6248526579218854, 0.6470538301147601]}, "feature_type": "KO.geneset.terminal_oxidase", "model_class": "nonlinear", "binary": 0}