{"phylum_test_accs": [0.5100483007682589, 0.5348091671125379, 0.5276258289399716, 0.5069144803187356, 0.48215892053973014], "class_test_accs": [0.5736926858208323, 0.48431228705107515, 0.5126336970613655, 0.4606152805949966, 0.3575468363379286], "order_test_accs": [0.4292733807997566, 0.5992869176251888, 0.6034383649137748, 0.5812829117695908, 0.6269020951947781], "family_test_accs": [0.6188425535274583, 0.5195854304593543, 0.6345656927052276, 0.550118396705483, 0.5523759446112423], "genus_test_accs": [0.6789664421474441, 0.7197200057111651, 0.6848742362146373, 0.7798445585931365, 0.6089997674987896], "species_test_accs": [0.766666473031059, 0.7123362121462337, 0.7542600415151447, 0.7255579324877366, 0.6963803461199295], "feature_type": "nt_3mer", "model_class": "nonlinear", "n_classes": 3}