{"scores": {"Phylum": [0.455614323436079, 0.5975680792194554, 0.5701357466063349, 0.6921137806547989, 0.5525654706326976, 0.5183042300051414, 0.5544370937530317, 0.6883810316304596, 0.7962962962962963, 0.5640841705544671, 0.5513854257601023, 0.5787270941096275, 0.4781181289720189, 0.5716437486542577, 0.45814618211514907, 0.6068376068376068, 0.619047619047619, 0.6763657469639388, 0.5676469411860064, 0.47655047920761423, 0.594017094017094, 0.5551693689579051, 0.50075470770384, 0.5772548354382355, 0.5579465988556898], "Class": [0.5415279021629972, 0.4484454674787001, 0.6135522475948009, 0.5217923434058033, 0.4056673757704685, 0.5277777777777778, 0.61281179138322, 0.5056992650569927, 0.5308598833739583, 0.6049423153910543, 0.5806103286384977, 0.6331886586296867, 0.5976616101806426, 0.5492952169781439, 0.5112433862433862, 0.5818321212386199, 0.5139518047367877, 0.7598118279569892, 0.5605858291212983, 0.6257102103803692, 0.5771208318522428, 0.6021604938271605, 0.4526305453036299, 0.3688450395987859, 0.5932367149758454], "Order": [0.5550433926958317, 0.42921784559662707, 0.6134313766714322, 0.6464578214578215, 0.576465875038059, 0.5209635319561489, 0.5498353416811271, 0.5270997247796678, 0.37926292629262925, 0.5991638354900818, 0.4970814479638009, 0.46995025556772546, 0.6838511890637674, 0.6094886785567551, 0.5577998418802167, 0.5849379783170551, 0.5803585069640116, 0.4167809150823714, 0.601173504935923, 0.685395249911379, 0.4231394148402315, 0.5693988492357654, 0.42878626539350356, 0.6255334398716752, 0.5012462393173053], "Family": [0.6894367493057647, 0.6597978704119299, 0.6313319530710835, 0.5841608373145238, 0.6621269669017905, 0.6502185655418199, 0.5989604993830887, 0.6442462797025534, 0.7419395987486775, 0.6809800232121409, 0.7362593785346538, 0.7225352733686067, 0.6176469623838451, 0.5942959001782531, 0.712488132849828, 0.7061121823780052, 0.6224708684386103, 0.6143877769164358, 0.6956318542671222, 0.7013963410412628, 0.6922741124421797, 0.5939177716813573, 0.7198403560273081, 0.6297529357668364, 0.7599015338185012], "Genus": [0.696181123097599, 0.8317203771229592, 0.7480631442282609, 0.7254432594324935, 0.7678693630012088, 0.7795879577775514, 0.8030660806580766, 0.6938056843400258, 0.7492373493099785, 0.7316240607188367, 0.7940044278400443, 0.7736790356517806, 0.7114163174436877, 0.7566078116639915, 0.8102813702313076, 0.7270259976817354, 0.6811133539340776, 0.7604661536745846, 0.6827798795011909, 0.7988768920378423, 0.7925292332654669, 0.7453009776504662, 0.7112204505336592, 0.7670852439328716, 0.7681612356585271], "Species": [0.7627139196933248, 0.784128974473802, 0.7967183332703033, 0.7435275640471457, 0.7899446018440089, 0.8221643934654965, 0.7979257536188533, 0.8129171835312187, 0.8005215510825084, 0.7664590512190136, 0.7455227708991673, 0.7821101326255965, 0.8135321468654801, 0.7970368414448933, 0.7979439385766786, 0.8216844681797952, 0.7839115996793771, 0.7554568056018973, 0.760446921085219, 0.7762030428246112, 0.8268286696121748, 0.7807945633976562, 0.8108538076773719, 0.7659957058507784, 0.8059541686936127]}, "feature_type": "embedding.genome", "model_class": "nonlinear", "binary": 0}