{"phylum_test_accs": [0.8722679225385072, 0.8007083371545111, 0.6425245471267208, 0.8402286523848312, 0.713219884855468], "class_test_accs": [0.8318010778408015, 0.7865676178251769, 0.8512961939736471, 0.8093987341440778, 0.7296067652900149], "order_test_accs": [0.8407130850256074, 0.8630994718986624, 0.8114854545129898, 0.7489720210576288, 0.8309949754511688], "family_test_accs": [0.8351199058848952, 0.8221603077067597, 0.8184328938303099, 0.852233897868751, 0.8440972516534787], "genus_test_accs": [0.8378930969923412, 0.8293337150531123, 0.8437491181173815, 0.8386127669906015, 0.8414442440114428], "species_test_accs": [0.8511345697534703, 0.8431310263682016, 0.8505141890624247, 0.8524755024598488, 0.864652819471908], "feature_type": "nt_4mer", "model_class": "nonlinear", "n_classes": 3}