{"phylum_test_accs": [0.552504753157734, 0.5773292226174734, 0.6033555543551519, 0.6419407378752608, 0.621177496663878], "class_test_accs": [0.6405625131725059, 0.5927250014187061, 0.6397603001557454, 0.6240218985723864, 0.56355061083562], "order_test_accs": [0.6243870951651355, 0.6287098292895502, 0.5683773533611446, 0.6078137990710079, 0.6232417127419411], "family_test_accs": [0.6228921615712384, 0.6008866595761454, 0.6349703374801634, 0.6280143617021599, 0.5982848100341932], "genus_test_accs": [0.6251229870622509, 0.6311084882935144, 0.6262333432958237, 0.6290840482888428, 0.6113302192107147], "species_test_accs": [0.6232893122915039, 0.6176249814426835, 0.6332861755376179, 0.6385360056901718, 0.6294843506615052], "feature_type": "aa_1mer", "model_class": "nonlinear", "n_classes": 3}