{"n_classes": 3, "train_acc": 0.5408189711247309, "val_acc": 0.5403283676339735, "test_acc": 0.5370986078485659, "confusion_matrix": [271, 37, 5, 53, 145, 0, 58, 17, 1], "val_accs": null, "train_accs": null, "val_losses": null, "train_losses": null}