{"n_classes": 3, "train_acc": 0.9853430008100578, "val_acc": 0.860277542476121, "test_acc": 0.8167165744095288, "confusion_matrix": [285, 13, 15, 8, 185, 5, 22, 8, 46], "val_accs": [0.8163969542286544, 0.8312990587266209, 0.8274230897343728, 0.8507586726182966, 0.8559266312746274, 0.8228609076836504, 0.827554591653166, 0.843269738471387, 0.8262632695115136, 0.8334080958455407, 0.7652937732840167, 0.8288472488396791, 0.8024534119407747, 0.7971996766521348, 0.8461964905675744, 0.811496672066923, 0.8440874534486545, 0.860277542476121, 0.7970224494468576, 0.8371532304414259, 0.8308254515622361, 0.8189849386914023, 0.8168759015724826, 0.8189856062138329, 0.8155832443859695, 0.8275552591755964, 0.8427961313070021, 0.8193290465042851, 0.8332772614491778, 0.7900084575091935, 0.8274237572568032, 0.8199328205426023, 0.8402114844564065, 0.8316418314946428, 0.8049058893501467, 0.8272111513627137, 0.8126578273346429, 0.8295327943757229, 0.8136861456387088, 0.8244963376381854, 0.8275559266980269, 0.818036389317772, 0.8036138996860641, 0.8066728212234752, 0.8223866329968352, 0.8126571598122126, 0.806328045888162, 0.8006878151123074, 0.8161910235588691, 0.8024520768959139, 0.8353058621152317, 0.8173501762592977, 0.8202782634003459, 0.8356499699281145, 0.8300077365849686, 0.8314305606454141, 0.8418469144109415, 0.8174790080883693, 0.8445623956579, 0.8225174673931982, 0.7957808577262718, 0.8282414722340707, 0.8139491494762954, 0.8176936165497501, 0.837284732360219, 0.8287150793984556, 0.8181665561917044, 0.8202775958779155, 0.8270803169663509, 0.8185113315270175, 0.8317740009358664, 0.85299987917844, 0.8019798047763901, 0.8440874534486545, 0.8242326662781686, 0.8270803169663509, 0.8396057078507981, 0.8136063767082732, 0.8018476353351662, 0.8351756952412993, 0.825314052615453, 0.8180377243626329, 0.8325910483907036, 0.8173515113041585, 0.8194612159455087, 0.824625169467257, 0.8147655294087021, 0.8340152074960098, 0.8364663498605212, 0.8201467614815526, 0.8215702530644285, 0.8291893540852707, 0.8161890209915779, 0.8216990848935001, 0.8215702530644285, 0.8309569534810293, 0.8300077365849686, 0.8070162615139275, 0.7925066602050496, 0.8180377243626329], "train_accs": [0.878633176681633, 0.9395208028500078, 0.9486669361411345, 0.9634212895124653, 0.961995585977057, 0.969911875800284, 0.9716621492805153, 0.9802135935709458, 0.9717310591044633, 0.9667996106627025, 0.9336569593079654, 0.9798269369653517, 0.9695864932468173, 0.9514314215813795, 0.9803678364672151, 0.9745655694143517, 0.9853790809393188, 0.9853430008100578, 0.9692856432260997, 0.9713452151075129, 0.9819791385948186, 0.9803125729696213, 0.9752039743161292, 0.9816469328781747, 0.976168423161491, 0.9874254800069329, 0.9902552658834861, 0.9893168235696344, 0.9803831080108564, 0.9809701612397316, 0.9826474618527975, 0.9794017624045664, 0.9866489163611708, 0.9802925769926452, 0.9846938609204116, 0.9862538113751126, 0.9708595791032432, 0.9523178141731746, 0.9790219289621495, 0.9803486530988823, 0.9909052183817758, 0.9801298857159119, 0.9833334944803482, 0.9827480664687598, 0.9879748278892602, 0.9922932165706361, 0.9838306780811298, 0.9916809694188942, 0.992753658652039, 0.9899498793069957, 0.9857865461305325, 0.983811494712797, 0.987976453106547, 0.9867058050760514, 0.9867134408478723, 0.9844406386254669, 0.9868829552877827, 0.9702871726869282, 0.9860306586548954, 0.9831639800404376, 0.9774951472982236, 0.9641962279409403, 0.9865523747884258, 0.9886953154287849, 0.9898040847911908, 0.986162467748258, 0.9821686490117053, 0.9903542452821615, 0.9851365936322428, 0.994509942686804, 0.9921750538036278, 0.9896690252632543, 0.9905522040795124, 0.9826206427126442, 0.9721354250796291, 0.9832697826022904, 0.978111931005738, 0.9865783813199358, 0.9854856961098148, 0.986488662910368, 0.9906159159575701, 0.9908130621462775, 0.9883439263438083, 0.9868769447332489, 0.9766405640579316, 0.9753120634853863, 0.9876502579444372, 0.9949343046389459, 0.9873970356494924, 0.9870732783133128, 0.9909673050425467, 0.986839239386701, 0.9886884922656077, 0.9853906285358308, 0.9963944630863283, 0.9960698931415052, 0.9929508048407464, 0.985921605658469, 0.9716382781378842, 0.9954836525212732], "val_losses": [0.09271237999200821, 0.0689869225025177, 0.07043729722499847, 0.07306749373674393, 0.06668450683355331, 0.06739938259124756, 0.06686493009328842, 0.06644845753908157, 0.06975001096725464, 0.07321755588054657, 0.10214827209711075, 0.06279553472995758, 0.0746496319770813, 0.08951567113399506, 0.07097207754850388, 0.07048685103654861, 0.06781544536352158, 0.062246568500995636, 0.08555836975574493, 0.07433754205703735, 0.07292326539754868, 0.07343989610671997, 0.07600504904985428, 0.0739603191614151, 0.07967308908700943, 0.06503478437662125, 0.06774953007698059, 0.07067694514989853, 0.07918650656938553, 0.07621128857135773, 0.07076169550418854, 0.07785757631063461, 0.06909207999706268, 0.07278883457183838, 0.07848047465085983, 0.06899992376565933, 0.06603768467903137, 0.07491973787546158, 0.07970228046178818, 0.07208043336868286, 0.06436581909656525, 0.0764768198132515, 0.07939163595438004, 0.07054176926612854, 0.07731882482767105, 0.0679725706577301, 0.07564649730920792, 0.06898679584264755, 0.06303800642490387, 0.07752961665391922, 0.06851818412542343, 0.06873653829097748, 0.06469383090734482, 0.06436267495155334, 0.06929348409175873, 0.0678204670548439, 0.06790339201688766, 0.07572408765554428, 0.061108823865652084, 0.06943132728338242, 0.07258290797472, 0.07563923299312592, 0.06909684091806412, 0.07514076679944992, 0.06629090756177902, 0.07078738510608673, 0.07948536425828934, 0.07072311639785767, 0.07187581807374954, 0.07136809825897217, 0.06740182638168335, 0.06600132584571838, 0.06934433430433273, 0.07040446251630783, 0.08486226946115494, 0.06872090697288513, 0.0811152532696724, 0.06988585740327835, 0.08015661686658859, 0.06625459343194962, 0.07250606268644333, 0.06835262477397919, 0.07143701612949371, 0.06762547045946121, 0.06877150386571884, 0.07687415927648544, 0.08025611937046051, 0.06304723769426346, 0.07216815650463104, 0.07622028887271881, 0.07148697972297668, 0.07477092742919922, 0.07379629462957382, 0.07338108122348785, 0.0654221922159195, 0.06687457114458084, 0.06803855299949646, 0.07480351626873016, 0.08922302722930908, 0.07010328024625778],