{"n_classes": 3, "train_acc": 0.46789655595836205, "val_acc": 0.48838043705363615, "test_acc": 0.4456601495024229, "confusion_matrix": [168, 112, 33, 28, 135, 35, 17, 50, 9], "val_accs": [0.44464069603898865, 0.4647891930788604, 0.45436883417875057, 0.4569508109396246, 0.46551846133409697, 0.4777888586501228, 0.4684458809527147, 0.45858624089415967, 0.46538896198259505, 0.47709930797949635, 0.4632792573412448, 0.47709930797949635, 0.4720621837195284, 0.46280565017686004, 0.4820513231295855, 0.48416102777093567, 0.4606959455355098, 0.4820513231295855, 0.4611695526998946, 0.46913476410091065, 0.4811034412783856, 0.4795537879561598, 0.4850651869029428, 0.4850651869029428, 0.48838043705363615, 0.48390269659036217, 0.45647653625280943, 0.46913476410091065, 0.46797227378833, 0.47219168307103043, 0.4733541733836111, 0.4707701940554457, 0.46913476410091065, 0.481792991949012, 0.46702505945956047, 0.46702505945956047, 0.46797227378833, 0.4637528645056295, 0.4606959455355098, 0.452257126970109, 0.452257126970109, 0.46702505945956047, 0.4637528645056295, 0.45014742232875876, 0.46913476410091065, 0.46280565017686004, 0.4649153548182103, 0.45436683161145924, 0.46702505945956047, 0.46702505945956047, 0.46164315986427934, 0.45014742232875876, 0.46702505945956047, 0.46702505945956047, 0.4606959455355098, 0.46702505945956047, 0.46280565017686004, 0.46280565017686004, 0.46280565017686004, 0.46702505945956047, 0.45647653625280943, 0.4775735826663115, 0.4649153548182103, 0.4683170491236432, 0.46913476410091065, 0.46280565017686004, 0.4649153548182103, 0.46280565017686004, 0.45987823055824234, 0.46280565017686004, 0.4640976398409427, 0.4619879351995925, 0.46736983479487365, 0.46784344195925837, 0.4683170491236432, 0.46620734448229295, 0.4683170491236432, 0.4657337373179082, 0.4649160223406406, 0.4657337373179082, 0.46689622763048905, 0.4704267537649933, 0.46689622763048905, 0.4683170491236432, 0.4704267537649933, 0.4683170491236432, 0.46362403267655794, 0.46689622763048905, 0.46620734448229295, 0.471718743429076, 0.47451733121862233, 0.4704267537649933, 0.46362403267655794, 0.4683170491236432, 0.4711156369131894, 0.4683170491236432, 0.46620734448229295, 0.46620734448229295, 0.4657337373179082, 0.471718743429076], "train_accs": [0.45046144180387876, 0.4557749736364247, 0.4541586446384349, 0.4581500255490573, 0.4593197665265391, 0.4711696794208496, 0.4618057990899364, 0.4569666581021992, 0.4655810016620443, 0.46611213000320806, 0.466256960691844, 0.46708583983767743, 0.4631388362182544, 0.46119289054807683, 0.4619307850201217, 0.46196686514938273, 0.46158880814277853, 0.4639763714790924, 0.46476998310430834, 0.46204843761553804, 0.4664456585000873, 0.46565346435761784, 0.468555410492693, 0.46907793923486696, 0.46789655595836205, 0.46495053496913896, 0.4623008473018391, 0.46166096840130044, 0.4640218638159867, 0.4644093330302242, 0.46212985886316754, 0.46017399081376476, 0.46208451774479903, 0.4673835906423471, 0.4597151739496487, 0.46331063726556937, 0.4625532569881403, 0.46069718094605633, 0.46119289054807683, 0.46030971173181884, 0.4599222425175813, 0.4603818719903409, 0.46108465016029393, 0.46021073233314347, 0.4609858219801442, 0.4600397438944719, 0.4571377977593966, 0.46067036180590293, 0.46173394126846595, 0.46173394126846595, 0.46068873256559223, 0.4577960474196247, 0.4597428056984456, 0.46016635504194414, 0.4579042878074076, 0.4618605524159382, 0.45706645010951813, 0.45748999945301666, 0.456741880164695, 0.4594006776025766, 0.45611111103473817, 0.4620770331915041, 0.4613380236737643, 0.4606896963927614, 0.4599232063447505, 0.45739102005434124, 0.4613380236737643, 0.45739102005434124, 0.4543548269999731, 0.45742710018360216, 0.45820285122072074, 0.45859032043495823, 0.4559679055633891, 0.457293004482835, 0.4588068012105242, 0.4615912459687088, 0.4588068012105242, 0.45563488723810197, 0.4567343956114001, 0.45397676999336883, 0.4586718929011135, 0.4567972948808145, 0.45570704749662383, 0.4551030975068205, 0.4584914922548086, 0.4551030975068205, 0.45397676999336883, 0.45994254093160913, 0.45923035055402267, 0.4578699841139593, 0.4632319562809218, 0.45764439356781156, 0.4554998277101656, 0.4600413691117588, 0.4629073863360986, 0.45542766745164354, 0.4604288383259963, 0.4604288383259963, 0.4534542412511949, 0.4566354162127247], "val_losses": [0.19421353936195374, 0.19238127768039703, 0.19473828375339508, 0.19398233294487, 0.19539684057235718, 0.19475144147872925, 0.19474485516548157, 0.1921108216047287, 0.19524669647216797, 0.19656597077846527, 0.19503991305828094, 0.19494450092315674, 0.19328787922859192, 0.1910141557455063, 0.19496403634548187, 0.19531840085983276, 0.19238600134849548, 0.19497032463550568, 0.1920485645532608, 0.19384229183197021, 0.1944817155599594, 0.19196654856204987, 0.19233590364456177, 0.19189290702342987, 0.19514383375644684, 0.1920008659362793, 0.1918514519929886, 0.19261176884174347, 0.19349585473537445, 0.1948048174381256, 0.19326122105121613, 0.19470830261707306, 0.19460059702396393, 0.1945909559726715, 0.19259387254714966, 0.19355961680412292, 0.19421890377998352, 0.1933467984199524, 0.19398188591003418, 0.1941360980272293, 0.19377993047237396, 0.19374994933605194, 0.1945955902338028, 0.1936650574207306, 0.1933262050151825, 0.19405484199523926, 0.19446876645088196, 0.19426456093788147, 0.19458909332752228, 0.19437943398952484, 0.1942736953496933, 0.1939275562763214, 0.19400960206985474, 0.19314149022102356, 0.1943655163049698, 0.1942925751209259, 0.19434991478919983, 0.19382897019386292, 0.19427858293056488, 0.19407573342323303, 0.1945536881685257, 0.19441300630569458, 0.19450268149375916, 0.19375455379486084, 0.19449493288993835, 0.19427171349525452, 0.19464769959449768, 0.19478252530097961, 0.1938313990831375, 0.1947479397058487, 0.19406884908676147, 0.1944931000471115, 0.19456665217876434, 0.1938757449388504, 0.19370758533477783, 0.19410568475723267, 0.1936480551958084, 0.1937602162361145, 0.19327960908412933, 0.1933334469795227, 0.19325098395347595, 0.1939920336008072, 0.1936081051826477, 0.1936940848827362, 0.1938556581735611, 0.1938014030456543, 0.19389201700687408, 0.19370225071907043, 0.1939849555492401, 0.19349098205566406, 0.19330188632011414, 0.19432421028614044, 0.19417202472686768, 0.19475805759429932, 0.19416961073875427, 0.1939563751220703, 0.19468042254447937, 0.19448544085025787, 0.19413255155086517, 0.19399186968803406],