{"training_acc": 0.8729409382256276, "validation_acc": 0.8330887341047943, "classes": ["aerobe", "anaerobe", "facultative"], "confusion_matrix": [307, 7, 25, 15, 220, 8, 21, 3, 53], "f1_score": 0.8821237401358799, "training_losses": [0.3457597494125366, 0.3145386576652527, 0.300491601228714, 0.2930014729499817, 0.2869490087032318, 0.28256091475486755, 0.2785697281360626, 0.275260865688324, 0.271728515625, 0.2692953646183014, 0.2661462128162384, 0.26361769437789917, 0.2617653012275696, 0.25959858298301697, 0.25771939754486084, 0.25576382875442505, 0.25403064489364624, 0.25244423747062683, 0.2506589889526367, 0.24912820756435394, 0.24767886102199554, 0.24655477702617645, 0.2451474517583847, 0.24406181275844574, 0.24281072616577148, 0.24181191623210907, 0.24050360918045044, 0.23934395611286163, 0.2384987473487854, 0.23790909349918365, 0.23715582489967346, 0.2357897311449051, 0.23469221591949463, 0.23329325020313263, 0.2330455780029297, 0.23247449100017548, 0.23116211593151093, 0.23022224009037018, 0.23024922609329224, 0.22900867462158203, 0.22754791378974915, 0.22745586931705475, 0.22689516842365265, 0.2256506383419037, 0.2250218391418457, 0.22425682842731476, 0.223542720079422, 0.22297975420951843, 0.22144314646720886, 0.22241643071174622, 0.2201581597328186, 0.22040511667728424, 0.2193661332130432, 0.21884329617023468, 0.21792100369930267, 0.21707136929035187, 0.2171931117773056, 0.21578599512577057, 0.21657340228557587, 0.21518802642822266, 0.21548539400100708, 0.2148296982049942, 0.21417364478111267, 0.21355055272579193, 0.21402564644813538, 0.21169354021549225, 0.2111227959394455, 0.2109607607126236, 0.21068930625915527, 0.21057438850402832, 0.20939797163009644, 0.20893721282482147, 0.20724111795425415, 0.20874300599098206, 0.20697931945323944, 0.20705033838748932, 0.20689138770103455, 0.20619972050189972, 0.20432430505752563, 0.20526425540447235, 0.20427049696445465, 0.20403754711151123, 0.20361405611038208, 0.2040252536535263, 0.20260822772979736, 0.20356285572052002, 0.2025551050901413, 0.2022620439529419, 0.20101113617420197, 0.19968651235103607, 0.20109999179840088, 0.2010171264410019, 0.20067034661769867, 0.1985592544078827, 0.19944748282432556, 0.19865460693836212, 0.19755838811397552, 0.197214737534523, 0.19740301370620728, 0.19729463756084442], "validation_losses": [0.09657739847898483, 0.08558151870965958, 0.08087630569934845, 0.07873516529798508, 0.0772642120718956, 0.07667660713195801, 0.07610053569078445, 0.07564206421375275, 0.07524153590202332, 0.0749111995100975, 0.07454529404640198, 0.07421083003282547, 0.0742785707116127, 0.07395701110363007, 0.07369305193424225, 0.07348602265119553, 0.07332507520914078, 0.07319482415914536, 0.07287348061800003, 0.07282936573028564, 0.07266917824745178, 0.07235527038574219, 0.0721532329916954, 0.07225468009710312, 0.07201748341321945, 0.07189135998487473, 0.0716298446059227, 0.07173262536525726, 0.07164815068244934, 0.07164261490106583, 0.07128313183784485, 0.0713464692234993, 0.07142094522714615, 0.07097462564706802, 0.07120954990386963, 0.07091513276100159, 0.07092501223087311, 0.07088407129049301, 0.0707460418343544, 0.07068215310573578, 0.07063721120357513, 0.07083174586296082, 0.07064834982156754, 0.07046417146921158, 0.07050783187150955, 0.07009508460760117, 0.07056058943271637, 0.07027459144592285, 0.07017138600349426, 0.06995438784360886, 0.06998023390769958, 0.0700916200876236, 0.07011561095714569, 0.07018793374300003, 0.06973015516996384, 0.07004126161336899, 0.0699344128370285, 0.06932494044303894, 0.07009702175855637, 0.06978412717580795, 0.06978777050971985, 0.06962180137634277, 0.0699114054441452, 0.06980245560407639, 0.06967754662036896, 0.06971698254346848, 0.06962542980909348, 0.06972042471170425, 0.0696447566151619, 0.06977995485067368, 0.0693385973572731, 0.06960712373256683, 0.06952746212482452, 0.06927589327096939, 0.06969969719648361, 0.0695081278681755, 0.0692853331565857, 0.06944627314805984, 0.06860264390707016, 0.069776251912117, 0.06857246905565262, 0.06959401071071625, 0.06802158057689667, 0.06942570209503174, 0.06876832246780396, 0.06939562410116196, 0.06898161768913269, 0.06915514916181564, 0.06929413229227066, 0.06870335340499878, 0.06948570162057877, 0.06907059252262115, 0.0693466067314148, 0.06864212453365326, 0.06965012848377228, 0.06813526898622513, 0.0694950520992279, 0.06818205863237381, 0.06918385624885559, 0.067978635430336], "training_accs": [0.7573298190606331, 0.7768576744943481, 0.7838734018684469, 0.7960403854681984, 0.8039887713308338, 0.8058576144246486, 0.8090801629064469, 0.8141197087267926, 0.8179951917486418, 0.8198620905350942, 0.8216351401804842, 0.8227552552858235, 0.8245782063791189, 0.8265848463071532, 0.8268203808971598, 0.8284995814014877, 0.8308336607532286, 0.8320476249996301, 0.834613350326653, 0.835921163714117, 0.8361547539967612, 0.8363405079715235, 0.8365740982541677, 0.8365740982541677, 0.8365740982541677, 0.8373667739358003, 0.837694213359507, 0.837694213359507, 0.8406812272512987, 0.8392336727222528, 0.840028292711248, 0.840028292711248, 0.8421287817803447, 0.8414758472402939, 0.8430153066030397, 0.8430153066030397, 0.8447883562484297, 0.8439018314257347, 0.8452077005058363, 0.846794996176464, 0.8488016361044983, 0.8489893343866232, 0.8492229246692674, 0.8505766300572509, 0.8523976368431838, 0.8510438106225394, 0.8538451913722298, 0.8534258471148232, 0.8556660773255017, 0.8543123719375182, 0.8566464512892592, 0.8556201853249822, 0.8557599264665642, 0.8569758350203281, 0.8556221296323446, 0.8582817041004297, 0.8569279987124463, 0.8597751506299951, 0.8590763240894249, 0.8583755532414922, 0.8602902883358264, 0.8590763240894249, 0.8598211634631756, 0.8591701732304872, 0.8590763240894249, 0.8597292586294757, 0.8589824749483624, 0.8599628489121199, 0.8590763240894249, 0.8601964391947642, 0.8605238786184707, 0.8602902883358264, 0.8602902883358264, 0.8602902883358264, 0.8634170433692, 0.8626243676875675, 0.8627641088291492, 0.8622988725712233, 0.863464879677082, 0.8643993616403199, 0.8629038499707312, 0.8647248567566641, 0.8649124342061278, 0.8660785621446476, 0.8652398736298346, 0.8659407653104282, 0.8656611621946034, 0.8654275719119592, 0.8681790512137443, 0.8673403626989312, 0.8668272901331232, 0.8681349826879262, 0.8677616512637001, 0.8695805929096098, 0.8690675203438017, 0.8675739529815755, 0.8696285500501526, 0.8711200522723557, 0.8713096948618428, 0.8729409382256276],