{"n_classes": 3, "train_acc": 0.9824503156640901, "val_acc": 0.8381024473374866, "test_acc": 0.8130292612804805, "confusion_matrix": [279, 11, 23, 8, 184, 6, 18, 11, 47], "val_accs": [0.7753726944609657, 0.7965952350913872, 0.7695438885985166, 0.8322442704880991, 0.745788434105857, 0.6728586047312656, 0.8310360548890344, 0.8077515374710379, 0.8198013186238091, 0.8259171591313397, 0.8343559776967405, 0.7682552365465861, 0.803006788035595, 0.8257869922574074, 0.7894537463695124, 0.8262632695115136, 0.7615820148096527, 0.7975477895996, 0.803744734082427, 0.8220451952736741, 0.8201944893353278, 0.784754054698123, 0.78926850889507, 0.8071470959102903, 0.8176078399174408, 0.8216997524159306, 0.7755853003550551, 0.8050367237465097, 0.821041575299534, 0.8005556456710835, 0.7588134655294754, 0.8078319739239038, 0.8236779551384875, 0.8095942331402192, 0.8283716391080032, 0.8381024473374866, 0.7716295624323716, 0.8215695855419982, 0.8040861718055882, 0.815874951688064, 0.7833372383395513, 0.7408861493768345, 0.807829303834182, 0.8285829099572318, 0.8202245278446969, 0.8083075836555796, 0.8095995733196624, 0.794147430339028, 0.8057229368049841, 0.7757147997065571, 0.8100731804840473, 0.8204077627518479, 0.7968118461200593, 0.7181319785298085, 0.8068036556198379, 0.8070926928322107, 0.829662293727225, 0.8001584698249822, 0.7989195481941183, 0.8084370830070817, 0.8129992650578042, 0.8136861456387088, 0.8079648108875578, 0.8205412672379323, 0.8322476081002512, 0.819327043936994, 0.8276343605836015, 0.747028690781582, 0.7876344139853959, 0.8077004720051106, 0.7807525914889556, 0.7825979572478584, 0.8288472488396791, 0.8232056830189637, 0.7894537463695124, 0.8068029880974077, 0.7814381370249994, 0.7982340026580742, 0.8108915629837451, 0.8183784945633636, 0.8046946185009182, 0.8195907152970108, 0.8075362614872267, 0.8100745155289081, 0.7993951579257942, 0.8030598560688135, 0.8055103309108945, 0.8148983663723559, 0.7746287407122597, 0.7792499984980745, 0.8234680193341196, 0.8260506636174242, 0.7877665834266198, 0.7969446830837134, 0.8254455545342463, 0.8025855813819983, 0.809385632380712, 0.8343573127416014, 0.803877571046081, 0.8234169538681924], "train_accs": [0.8076585340274294, 0.8476126375246572, 0.8604785418697137, 0.9078758274116389, 0.866018020146554, 0.7810364148109902, 0.9269062909029883, 0.9304063643508954, 0.9270928899813894, 0.9391884459148384, 0.9549771217826484, 0.9002278435494354, 0.9166445650862788, 0.9491985746538902, 0.9259293474360035, 0.9594497533602934, 0.9123381975139705, 0.9529279625950743, 0.9661183024684866, 0.9716268817598978, 0.9338583197584157, 0.9296792247236975, 0.9474359409685033, 0.95499207103226, 0.9359396839095959, 0.9712837898368595, 0.9666869849376726, 0.9545677090801181, 0.9248634645639777, 0.9704267687706372, 0.8657111259671857, 0.9719290179018142, 0.9638479380720119, 0.9396563725495363, 0.981376813822302, 0.9824503156640901, 0.9717918596440356, 0.985181122141968, 0.9712477097075984, 0.9591870821986789, 0.9836059001436256, 0.946676290885728, 0.973175133399561, 0.9743628861836658, 0.957322557776131, 0.9903457969016974, 0.9903457969016974, 0.9864088668800252, 0.9832966017424437, 0.9562079657367537, 0.9730878528159234, 0.9851097744920895, 0.983143171454818, 0.9023101715277848, 0.9799013838312783, 0.9623338022482345, 0.989047517122405, 0.9433868587343568, 0.9744082273020344, 0.9904724080491697, 0.9614117831827556, 0.9838267662564384, 0.9935638646011316, 0.971567232925057, 0.9877492373431126, 0.9909949367913437, 0.9708118001589444, 0.9119684376693046, 0.9741449314093388, 0.8960269730470086, 0.9884981692400775, 0.961910252904736, 0.9929155373201288, 0.9908683256438713, 0.9912850518241926, 0.9839673628263531, 0.95630237192062, 0.9855694039648489, 0.9891112290004629, 0.9732149374759511, 0.9958082224660965, 0.9810278625632557, 0.9634734904530475, 0.9943119838894532, 0.9612647025457517, 0.964250356535861, 0.9806210587621597, 0.9864633177689757, 0.9142581733116746, 0.989761994107396, 0.9960614447610411, 0.9956463437980066, 0.9905161239502513, 0.9985037614233567, 0.9955473643993312, 0.9791734117384587, 0.9737123089542951, 0.9834423962582489, 0.9917438686883085, 0.9776555519675524], "val_losses": [0.0738450363278389, 0.08272423595190048, 0.11808162182569504, 0.07904709130525589, 0.09169980883598328, 0.18714724481105804, 0.07740423828363419, 0.06651328504085541, 0.07930848747491837, 0.07730637490749359, 0.0702647864818573, 0.10962026566267014, 0.0843922570347786, 0.07386412471532822, 0.059110432863235474, 0.06216084584593773, 0.108474500477314, 0.06586900353431702, 0.06938682496547699, 0.06186411902308464, 0.06876657158136368, 0.09567482024431229, 0.09677182883024216, 0.06255992501974106, 0.07972145080566406, 0.06436708569526672, 0.07661352306604385, 0.0700463280081749, 0.09961020946502686, 0.07368645817041397, 0.15151534974575043, 0.0716039314866066, 0.06865587085485458, 0.09217135608196259, 0.06713481992483139, 0.06353756785392761, 0.06155497208237648, 0.06961905211210251, 0.07469248026609421, 0.09197825193405151, 0.06370185315608978, 0.07350373268127441, 0.0818345844745636, 0.07413201779127121, 0.09171878546476364, 0.06605691462755203, 0.06474136561155319, 0.06263497471809387, 0.06817343831062317, 0.07846670597791672, 0.0714649185538292, 0.0618954561650753, 0.06851692497730255, 0.1249283105134964, 0.06479232013225555, 0.09128329157829285, 0.06775975227355957, 0.10185133665800095, 0.07872956246137619, 0.06804417073726654, 0.07726410031318665, 0.07210270315408707, 0.06086950749158859, 0.05395691469311714, 0.0658099353313446, 0.07227450609207153, 0.08427853882312775, 0.11304730176925659, 0.08995626866817474, 0.08300091326236725, 0.0701180025935173, 0.09444110095500946, 0.05885371193289757, 0.060244329273700714, 0.0633307546377182, 0.06289119273424149, 0.07619458436965942, 0.0646037757396698, 0.0680122897028923, 0.0840814933180809, 0.05743081867694855, 0.06042437627911568, 0.07183520495891571, 0.06457232683897018, 0.06577283143997192, 0.056650545448064804, 0.07366248965263367, 0.06464070826768875, 0.12179922312498093, 0.06050530821084976, 0.053708311170339584, 0.057200223207473755, 0.07215449213981628, 0.055760402232408524, 0.05912189185619354, 0.057826630771160126, 0.07112380117177963, 0.06909997016191483, 0.0579640157520771, 0.07010842859745026],