{"training_acc": 0.9282148284375863, "validation_acc": 0.785176419022573, "classes": ["aerobe", "anaerobe", "facultative"], "confusion_matrix": [305, 10, 23, 14, 209, 11, 28, 5, 42], "f1_score": 0.8597803304665462, "training_losses": [0.3176516890525818, 0.2888821065425873, 0.2709936797618866, 0.2582755386829376, 0.24885018169879913, 0.24055910110473633, 0.23438814282417297, 0.2286718487739563, 0.2233547419309616, 0.21819829940795898, 0.21410156786441803, 0.21027809381484985, 0.20657174289226532, 0.20318040251731873, 0.20037539303302765, 0.19705486297607422, 0.1941305547952652, 0.1911754161119461, 0.18964332342147827, 0.18693558871746063, 0.1850215196609497, 0.1830027848482132, 0.18176284432411194, 0.1800130307674408, 0.1777079999446869, 0.17682814598083496, 0.17460401356220245, 0.17331114411354065, 0.17143306136131287, 0.17067481577396393, 0.1695408821105957, 0.1680932492017746, 0.16698746383190155, 0.16620689630508423, 0.16366416215896606, 0.16383031010627747, 0.1615101546049118, 0.1626836657524109, 0.16025836765766144, 0.15835286676883698, 0.16025400161743164, 0.15647801756858826, 0.15647956728935242, 0.15666933357715607, 0.15697237849235535, 0.1542537957429886, 0.15360127389431, 0.1529463678598404, 0.15266180038452148, 0.15200567245483398, 0.15164941549301147, 0.14910779893398285, 0.14987722039222717, 0.14985384047031403, 0.14897076785564423, 0.1469450294971466, 0.14597299695014954, 0.14552713930606842, 0.14622503519058228, 0.1444331854581833, 0.14570443332195282, 0.1426151543855667, 0.14292454719543457, 0.14140547811985016, 0.14114102721214294, 0.14098183810710907, 0.1406227946281433, 0.13891275227069855, 0.13817165791988373, 0.1377408802509308, 0.13929638266563416, 0.13642175495624542, 0.13788878917694092, 0.13568024337291718, 0.1344028115272522, 0.1347578763961792, 0.13367991149425507, 0.13073031604290009, 0.13102973997592926, 0.13049568235874176, 0.13144561648368835, 0.13011783361434937, 0.13003522157669067, 0.1283133178949356, 0.12966293096542358, 0.1274132877588272, 0.12887771427631378, 0.12615977227687836, 0.12736625969409943, 0.12624035775661469, 0.12545940279960632, 0.12402328848838806, 0.12546223402023315, 0.12330377846956253, 0.12485577911138535, 0.12272468209266663, 0.12489890307188034, 0.12396783381700516, 0.12300524860620499, 0.12164042890071869], "validation_losses": [0.08500417321920395, 0.07823150604963303, 0.07552386075258255, 0.07408761233091354, 0.07301728427410126, 0.07229126244783401, 0.07182580977678299, 0.07153207808732986, 0.07117527723312378, 0.07083392143249512, 0.0708840861916542, 0.07072499394416809, 0.07052204757928848, 0.07063575834035873, 0.07046813517808914, 0.07018774747848511, 0.070355124771595, 0.07000735402107239, 0.07029461860656738, 0.07015272974967957, 0.07024432718753815, 0.07021739333868027, 0.07033778727054596, 0.07013040035963058, 0.07029259204864502, 0.07006391137838364, 0.07033538073301315, 0.07028783857822418, 0.07038825750350952, 0.07032866775989532, 0.06999187916517258, 0.0703868418931961, 0.07066600024700165, 0.07059305906295776, 0.07026627659797668, 0.07032360881567001, 0.069941446185112, 0.07036011666059494, 0.0703713595867157, 0.07034973055124283, 0.07008692622184753, 0.07021601498126984, 0.06990232318639755, 0.0704093798995018, 0.0700666680932045, 0.0708085149526596, 0.07032525539398193, 0.07013034075498581, 0.07014825195074081, 0.07012082636356354, 0.07003723084926605, 0.06990410387516022, 0.07038156688213348, 0.07054051756858826, 0.06981181353330612, 0.07081660628318787, 0.07037913054227829, 0.07044156640768051, 0.07053051888942719, 0.07057870179414749, 0.07032957673072815, 0.07084349542856216, 0.06993165612220764, 0.07082850486040115, 0.07046718150377274, 0.0701799988746643, 0.07057934254407883, 0.07034794241189957, 0.07027105987071991, 0.07047035545110703, 0.07052507996559143, 0.07057996094226837, 0.07067155092954636, 0.07046496868133545, 0.07056307792663574, 0.07089550048112869, 0.0705806314945221, 0.07089143991470337, 0.07073792070150375, 0.07102511823177338, 0.0705600455403328, 0.07052460312843323, 0.07078453153371811, 0.07086401432752609, 0.07053085416555405, 0.07037387788295746, 0.07043804228305817, 0.07016260176897049, 0.0705018863081932, 0.07065102458000183, 0.07084678113460541, 0.07072196900844574, 0.07049594819545746, 0.07058236747980118, 0.0704885795712471, 0.07092050462961197, 0.070624940097332, 0.07117815315723419, 0.071011982858181, 0.07113002985715866], "training_accs": [0.7864012723038002, 0.7988674233206426, 0.8090752004425057, 0.826061273643726, 0.8317839247232851, 0.8351744549415431, 0.8426765428186865, 0.8446712817636586, 0.851076704622105, 0.8555993911636416, 0.8620048140220882, 0.8635126079234361, 0.8655073468684081, 0.8661438550393264, 0.8701333329292701, 0.8729523988341951, 0.876051810744093, 0.8793115580846727, 0.878337667997425, 0.8813062970296445, 0.8822614068672759, 0.8826262721419577, 0.8838725002879494, 0.8833010359746162, 0.8874400769918545, 0.8876278957808893, 0.8922726620913677, 0.8911109532150853, 0.8922538818417514, 0.8923846647194296, 0.8941453212673977, 0.8965237057366678, 0.8974788155742992, 0.8954378130213584, 0.9012529913168555, 0.896608225006377, 0.8982843622846359, 0.900531963876228, 0.9025267028211997, 0.9033785131395056, 0.9017868951309557, 0.9062250624027831, 0.9070306091131198, 0.9050170899185318, 0.904371878638877, 0.9049050872904698, 0.9062820983141396, 0.9066194802304689, 0.9074250269408056, 0.9083801367784371, 0.9081460543814334, 0.9086142191754408, 0.9086142191754408, 0.9077624088571351, 0.9082305736511426, 0.911245466291331, 0.9115828482076603, 0.9095230654051032, 0.9103748757234089, 0.910627738370029, 0.9130168951426866, 0.9127257768343263, 0.91270699658471, 0.9134280240253375, 0.913324724506012, 0.9152457164846622, 0.9160975268029681, 0.9152457164846622, 0.9138499252113762, 0.9181110459975562, 0.9128485517657757, 0.9203586475891482, 0.9159479636756735, 0.9171371559103085, 0.9205739497365356, 0.9176703645619014, 0.9201057849425281, 0.9216786227014615, 0.9191506751048967, 0.9221193041371163, 0.9193847575019004, 0.9212949771771631, 0.9212949771771631, 0.9241603066900571, 0.9205739497365356, 0.9231018973331003, 0.9233359797301041, 0.9272597185999549, 0.9241877900484098, 0.9278774465212569, 0.9252461994053668, 0.9271751993302457, 0.9253494989246923, 0.9278774465212569, 0.925012117008363, 0.9252461994053668, 0.9227457351671546, 0.9281115289182607, 0.9294040206722213, 0.9282148284375863],