{"training_acc": 0.819537837734325, "validation_acc": 0.6437851695144386, "classes": ["aerobe", "anaerobe", "facultative"], "confusion_matrix": [265, 28, 46, 37, 191, 15, 40, 9, 28], "f1_score": 0.738833543674008, "n_iter": 4300, "converged": true, "C": 100, "penalty": "l2", "max_iter": 100000, "feature_type": "nt_4mer", "model_class": "logistic", "binary": 0}