{"training_acc": 0.9571624793887213, "validation_acc": 0.717970626247841, "classes": ["aerobe", "anaerobe", "facultative"], "confusion_matrix": [268, 27, 42, 17, 204, 15, 26, 18, 43], "f1_score": 0.7837814248027355, "n_iter": 1049, "converged": true, "C": 100, "penalty": "l2", "max_iter": 100000, "feature_type": "aa_2mer", "model_class": "logistic", "binary": 0}