{"n_classes": 3, "train_acc": 0.7877794810482633, "val_acc": 0.8058490985443338, "test_acc": 0.7519684259216796, "confusion_matrix": [246, 6, 61, 8, 166, 24, 21, 7, 48], "val_accs": [0.5846999186290157, 0.6351148839478878, 0.6502255892053612, 0.6590058454939233, 0.6701601453062827, 0.6724006843439957, 0.6814446119925744, 0.690699810490382, 0.6989266906841237, 0.7151161121891598, 0.7202840708454904, 0.7241600398377385, 0.729327330971639, 0.7319113102998044, 0.7383712586202179, 0.7391889735974853, 0.7417729529256506, 0.7464666368951662, 0.751634595551497, 0.7506853786554363, 0.7545613476476843, 0.7537443001928472, 0.7537443001928472, 0.747758626559249, 0.7558533373117671, 0.7580945438719104, 0.7632625025282412, 0.763131000609448, 0.763131000609448, 0.7648972649603459, 0.7682989592657788, 0.7670069696016961, 0.7678246845789637, 0.7734669179221095, 0.7691166742430463, 0.7717006535712118, 0.77768632720481, 0.7717006535712118, 0.7760515647727052, 0.7861251457702108, 0.7783732077857146, 0.7788474824725298, 0.7787166480761668, 0.7699343892203139, 0.777555492808447, 0.7890525653888284, 0.7825932845908454, 0.7800093052626801, 0.7890525653888284, 0.7921114869262394, 0.7887091250983761, 0.7904747219268436, 0.7853087658378041, 0.7843595489417433, 0.7853087658378041, 0.7869435282699087, 0.7843595489417433, 0.7853087658378041, 0.7759220654212032, 0.7835418339644757, 0.7840167761737215, 0.7861278158599325, 0.7801408071814734, 0.789527507598074, 0.7849659930697821, 0.7840167761737215, 0.7861278158599325, 0.780010640307541, 0.7946954662544048, 0.7838872768222194, 0.7989142080146747, 0.7793237597266361, 0.7955145162765332, 0.7809591896811713, 0.7856535411731173, 0.783886609299789, 0.7934034765903221, 0.7864712561503847, 0.7950402415897181, 0.7946961337768353, 0.7878934126883999, 0.7903472251426328, 0.7959874559184875, 0.7989162105819662, 0.801025247700886, 0.7848364937182802, 0.7848364937182802, 0.7997332580368033, 0.7745005764056186, 0.7882368529788523, 0.7864712561503847, 0.7916392148067155, 0.8036098945514817, 0.7955151837989636, 0.7929312044707982, 0.7942231941348808, 0.7851792664863021, 0.7916392148067155, 0.7874204730464456, 0.8058490985443338], "train_accs": [0.5791625514988817, 0.6424261766050002, 0.6611211839451322, 0.6658959516646937, 0.6736303668428546, 0.6752463934037928, 0.6822879527912259, 0.69639072844698, 0.6946292464663247, 0.7083084727785804, 0.7081750384679308, 0.7130796677695385, 0.7126561184260399, 0.716910795229358, 0.7200851470277104, 0.7205715956406236, 0.7204441718845077, 0.7241150458935243, 0.729308165010694, 0.7299288605428998, 0.732750198038989, 0.730641712310604, 0.7317712902586293, 0.734796597106603, 0.7402136815526337, 0.7368722531403008, 0.7352770351649823, 0.7387912284517992, 0.7454136238329805, 0.7429729323879518, 0.7449900744894821, 0.7497404608948205, 0.7467848764794384, 0.74236068523621, 0.7535800367351041, 0.7481452429195019, 0.7540243946642223, 0.7540864813249932, 0.7456709091711424, 0.7564398921863845, 0.7614831537445319, 0.7604389088688276, 0.7650410629324306, 0.7627721725347169, 0.7629441248005576, 0.7680190811507192, 0.7748395865477772, 0.7774353334977185, 0.7705519288312462, 0.7622629678248677, 0.7651824721109888, 0.7632534232017395, 0.7722209322823738, 0.7725430644012666, 0.7748335759932434, 0.7812328186542074, 0.7809150718725615, 0.77518496507822, 0.7797442158493847, 0.7773916175966368, 0.7774922222125992, 0.7762316477798546, 0.775643781942336, 0.7763741918610859, 0.7756385839964457, 0.7795462570520338, 0.7819464830305548, 0.7806894813264137, 0.7753023152365847, 0.7824121230578481, 0.7787451608735232, 0.7812957179236218, 0.7847686331352874, 0.7810424956286771, 0.7810709399861175, 0.784259750719468, 0.7787267901138337, 0.7828564809869664, 0.7828564809869664, 0.7804494318452683, 0.7836322320240848, 0.7849105158264011, 0.7814415124394269, 0.7867505077162003, 0.7843166394343486, 0.787020626772073, 0.7869853592514554, 0.7846756642911458, 0.784367991107251, 0.7861719028677889, 0.7833237462315465, 0.7879582564772813, 0.7830139743178094, 0.788608208975571, 0.7871833180488063, 0.7879590690859248, 0.7859194931814879, 0.7895534744525999, 0.786597890037218, 0.7877794810482633], "val_losses": [0.17524246871471405, 0.16427019238471985, 0.15827879309654236, 0.1537514626979828, 0.14766880869865417, 0.14348104596138, 0.13950322568416595, 0.1421704888343811, 0.1368105113506317, 0.13725776970386505, 0.13486821949481964, 0.13335393369197845, 0.13383343815803528, 0.1339370459318161, 0.1302899569272995, 0.13118018209934235, 0.1299756020307541, 0.1280859112739563, 0.12659713625907898, 0.12800614535808563, 0.1274312138557434, 0.12584146857261658, 0.12368503212928772, 0.12515996396541595, 0.12498544901609421, 0.12128283083438873, 0.12037147581577301, 0.12183956056833267, 0.12335362285375595, 0.1212666928768158, 0.12222761660814285, 0.12152145802974701, 0.11997822672128677, 0.11915814876556396, 0.12120892852544785, 0.12055791169404984, 0.11719609797000885, 0.11845063418149948, 0.11591912060976028, 0.11584704369306564, 0.11969023942947388, 0.11827082931995392, 0.1213877722620964, 0.11968639492988586, 0.11797743290662766, 0.11687880009412766, 0.11780180782079697, 0.11733078211545944, 0.11581074446439743, 0.1117643192410469, 0.1131349503993988, 0.11352401226758957, 0.11261511594057083, 0.11595981568098068, 0.11319670081138611, 0.11247421056032181, 0.11439500004053116, 0.1134285256266594, 0.11325573921203613, 0.11500576883554459, 0.11206541210412979, 0.11180299520492554, 0.114650197327137, 0.11271312087774277, 0.10928446799516678, 0.11306027323007584, 0.111237533390522, 0.11500689387321472, 0.11098557710647583, 0.11352474242448807, 0.11154357343912125, 0.11064502596855164, 0.10865503549575806, 0.11190169304609299, 0.11111418157815933, 0.1129053458571434, 0.11124823242425919, 0.11075393855571747, 0.10877536982297897, 0.10916323959827423, 0.10821507126092911, 0.1121758371591568, 0.10955282300710678, 0.10904525965452194, 0.10811547935009003, 0.10977774113416672, 0.10847719013690948, 0.1104532852768898, 0.11186011880636215, 0.1103077083826065, 0.11075013130903244, 0.10904736816883087, 0.10511460155248642, 0.10853882879018784, 0.10764621943235397, 0.10683517158031464, 0.11131115257740021, 0.10846592485904694, 0.10804848372936249, 0.10672968626022339],