{"n_classes": 3, "train_acc": 0.9040463251691063, "val_acc": 0.8257863247349769, "test_acc": 0.7931714714546395, "confusion_matrix": [273, 13, 27, 10, 176, 12, 19, 10, 47], "val_accs": [0.6123380173382276, 0.7159371647785795, 0.6667624561354323, 0.7231357266682554, 0.7301517211732107, 0.7563329521780257, 0.7585748262605995, 0.7642163920813149, 0.7652460454302416, 0.7625312317057134, 0.7639540557661588, 0.7681741325712897, 0.757150667155293, 0.7806184194804405, 0.7596044796095262, 0.7691226819449201, 0.7813032974940541, 0.7872085346747864, 0.8070115888569146, 0.7592610393190737, 0.7655894857206939, 0.8024494068061921, 0.8052453245060166, 0.7699403969221876, 0.8094647337887171, 0.7835445040541975, 0.8121788799908148, 0.8121802150356757, 0.8066681485664623, 0.8198006511013786, 0.811230998139615, 0.7996030911628708, 0.8051131550647931, 0.8167423970863981, 0.8085161844150868, 0.794009920718361, 0.8021870704910361, 0.8157127437374715, 0.7496644030981051, 0.7843642215987563, 0.8054565953552455, 0.7938300234233621, 0.8185079939148654, 0.7768739524069858, 0.8089904591019019, 0.7974142851135154, 0.8146320249226173, 0.8155812418186782, 0.820961138846668, 0.7970701773006327, 0.8118367747452234, 0.8138149774677803, 0.8232023454068115, 0.8139451443417127, 0.8153182379810917, 0.8159240145867, 0.8021870704910361, 0.806536646647669, 0.8006824749328639, 0.8091212934982647, 0.8042163386795204, 0.8054565953552455, 0.8070115888569146, 0.7990483800231897, 0.7893195743609974, 0.798574772858805, 0.8085155168926562, 0.8126544897224909, 0.8138136424229195, 0.8118374422676538, 0.8106762869999339, 0.8125236553261281, 0.8162681223995829, 0.8080923076717684, 0.8102817812435541, 0.8121815500805366, 0.8120473780720218, 0.8202749257881937, 0.8178224483788217, 0.8225154648259068, 0.8233331798031743, 0.8201434238694004, 0.8193263764145634, 0.8117052728264301, 0.8257863247349769, 0.817690278937598, 0.8162681223995829, 0.7989168781043965, 0.8238878909428554, 0.8188514342053178, 0.8053761589023796, 0.8058517686340555, 0.7862613203460169, 0.8026606776554209, 0.7949094071933551, 0.8000773658496859, 0.8100711779167559, 0.7966756715442531, 0.814501858048685, 0.8086470188114495], "train_accs": [0.6478151191306419, 0.7288390866712646, 0.7153462715598476, 0.7606441811439694, 0.7744621909312907, 0.7847585595375364, 0.7994817084314668, 0.8037563812117611, 0.8025767377120324, 0.7976613734225558, 0.8208644677385127, 0.8221988276470662, 0.8266851055510656, 0.8315820990808526, 0.8236750702467331, 0.8330867860379598, 0.8147857319791546, 0.8450849877900204, 0.845034922238317, 0.842258113251953, 0.823180173253356, 0.8574607363770935, 0.8560418560048624, 0.8470922075123255, 0.865384322876053, 0.8638259976386388, 0.8714789915691701, 0.8727980799340823, 0.8706704108373643, 0.8705161679410951, 0.8570584691317699, 0.8745127467976079, 0.8738704300711388, 0.8746786885089151, 0.8774086823781492, 0.869024502579261, 0.8697371664694029, 0.862934048147887, 0.8672048091034896, 0.8832041262678355, 0.8814481645271002, 0.8629172858034261, 0.885055665754147, 0.8814678382100468, 0.8859609392772234, 0.8721286217734301, 0.8843220054008231, 0.896661673858635, 0.8887839019905993, 0.8755813897895938, 0.8932059945039855, 0.8952660398979541, 0.8963739966517164, 0.8908618446317019, 0.8963423018597022, 0.9019950504496315, 0.8891965651277035, 0.8900160320659037, 0.8895703880155866, 0.8860739040983413, 0.9005521278592655, 0.892236330910675, 0.8754459911655693, 0.8971858278180959, 0.8946417716371448, 0.8980621834711767, 0.8973504666061456, 0.8891509017153053, 0.8891520366179785, 0.8985863374306374, 0.8837554384635379, 0.9057733522377874, 0.8906038979034223, 0.8847920475674217, 0.9045984331713935, 0.8905935020116417, 0.9033001533921011, 0.9003349856935818, 0.8949378972245275, 0.9005244961104686, 0.884248710239628, 0.9078473830541984, 0.9117843130758706, 0.9001337764616574, 0.9040463251691063, 0.911676885296731, 0.9086375930263149, 0.911578718506699, 0.9038980928273709, 0.9059688732092078, 0.8964568918981071, 0.9030305246508421, 0.8933234958808761, 0.9019389743433943, 0.885501309804464, 0.9026165585904807, 0.8880882860799115, 0.9088085814649864, 0.9126658666748416, 0.903275772077878], "val_losses": [0.15726973116397858, 0.1487606018781662, 0.13606442511081696, 0.11697635054588318, 0.12301231175661087, 0.11439070105552673, 0.10777806490659714, 0.10384886711835861, 0.10916280001401901, 0.11151726543903351, 0.10922032594680786, 0.10620483756065369, 0.10973310470581055, 0.1028195321559906, 0.10454871505498886, 0.09759330004453659, 0.10786019265651703, 0.0972915068268776, 0.1013302132487297, 0.10447489470243454, 0.10048048198223114, 0.09254156798124313, 0.09792878478765488, 0.0973212867975235, 0.09798064082860947, 0.10028763115406036, 0.09655334055423737, 0.09186931699514389, 0.09253431856632233, 0.0919232964515686, 0.09723203629255295, 0.10171165317296982, 0.10587035864591599, 0.09371922165155411, 0.09696876257658005, 0.09764965623617172, 0.10136047005653381, 0.08409210294485092, 0.08990524709224701, 0.09499884396791458, 0.10939694195985794, 0.10674158483743668, 0.09183982759714127, 0.09175114333629608, 0.09494741261005402, 0.0815175473690033, 0.0962161123752594, 0.09156586974859238, 0.09326896071434021, 0.08185454457998276, 0.08704985678195953, 0.09139752388000488, 0.09092653542757034, 0.08883900940418243, 0.09933800995349884, 0.09595894813537598, 0.09823109954595566, 0.09943295270204544, 0.09332454949617386, 0.08826670795679092, 0.08518806099891663, 0.10433387011289597, 0.09562671929597855, 0.08858644217252731, 0.08259230852127075, 0.08400315791368484, 0.10154745727777481, 0.08367355167865753, 0.09514988213777542, 0.08220937103033066, 0.07817122340202332, 0.08931650966405869, 0.09350072592496872, 0.07964496314525604, 0.09677104651927948, 0.08070483058691025, 0.09754303097724915, 0.08479403704404831, 0.08100088685750961, 0.08159321546554565, 0.08319740742444992, 0.08803690969944, 0.08947162330150604, 0.08870015293359756, 0.08349835872650146, 0.08947645127773285, 0.09033143520355225, 0.08930392563343048, 0.093388132750988, 0.0942860022187233, 0.08978590369224548, 0.0856124758720398, 0.08421690762042999, 0.10070089995861053, 0.09852230548858643, 0.09654631465673447, 0.0821065753698349, 0.09584171324968338, 0.09220355749130249, 0.09500455856323242],