{"training_acc": 0.9452890665019261, "validation_acc": 0.6877949124986534, "classes": ["aerobe", "anaerobe", "facultative"], "confusion_matrix": [264, 32, 41, 20, 199, 17, 26, 23, 38], "f1_score": 0.7618756742499182, "n_iter": 1059, "converged": true, "C": 100, "penalty": "l2", "max_iter": 100000, "feature_type": "aa_2mer", "model_class": "logistic", "binary": 0}