{"n_classes": 3, "train_acc": 0.8961207743567718, "val_acc": 0.8619096348185039, "test_acc": 0.8473144368974199, "confusion_matrix": [276, 3, 34, 10, 175, 13, 10, 7, 59], "val_accs": [0.7699423994894788, 0.7655914882879852, 0.7863424243213132, 0.8054585979225367, 0.7900862238723376, 0.7932759798061114, 0.8079628083202666, 0.7938817564117198, 0.8276330255387406, 0.7958606266567072, 0.801504195044714, 0.8269461449578359, 0.8012398561622667, 0.8280241936829683, 0.8318981601079249, 0.8166122302124658, 0.8045617815372642, 0.8099396759979628, 0.850413229760553, 0.8285829099572318, 0.8436105086721177, 0.8379662727616805, 0.826261934466653, 0.8119178787205197, 0.8500697894701007, 0.8186408308785196, 0.8057222692825535, 0.8491219076189008, 0.8191962095406312, 0.8225121272137548, 0.8440854508813632, 0.8281536930344702, 0.8526544363206966, 0.8541590318788687, 0.8196698167050158, 0.8536834221471926, 0.7724713082171344, 0.8065399842598211, 0.8039540023643644, 0.8521808291563118, 0.8352527940820131, 0.8303491743081297, 0.8282381346219186, 0.8277651949799644, 0.7751090231009488, 0.8390489941438256, 0.8418449118436503, 0.8208773647816501, 0.8319832692178039, 0.8278946943314662, 0.8387859903062393, 0.8233331798031743, 0.8289250152028234, 0.8463259899190763, 0.8234142837784706, 0.834778519395198, 0.8337495335687017, 0.8393937694791389, 0.7969420129939916, 0.8368084551061127, 0.8261311000702901, 0.8355171329644605, 0.8155839119084, 0.8381004447701953, 0.8235457856972639, 0.8219907921955948, 0.8295321268532926, 0.8269474800026968, 0.8619096348185039, 0.8041666082584541, 0.8481733582452705, 0.8031389574768187, 0.8359927426961363, 0.8325897133458428, 0.8296629612496554, 0.8151096372215848, 0.8385740519345801, 0.8429256306585042, 0.8140275833618699, 0.8259989306290665, 0.8162687899220135, 0.8332739238370257, 0.8546339740881143, 0.8119185462429502, 0.8430053995889398, 0.8146346950123391, 0.846670097731959, 0.8255239884198208, 0.824020060384079, 0.8406837565759303, 0.8332752588818866, 0.8355178004868908, 0.828924347680393, 0.832457543904619, 0.8222537960331812, 0.8302176723893364, 0.8405535897019979, 0.8216486869500033, 0.8424520234941194, 0.7979696637756271], "train_accs": [0.7826851702542651, 0.8034672300060812, 0.8224882812897975, 0.8321813246373212, 0.8285180864001251, 0.8289244166886659, 0.8439159082026565, 0.8168602531101793, 0.8529081208915436, 0.8454810566032478, 0.8498579592167914, 0.8415072338436714, 0.8493350913785292, 0.8569365824176325, 0.8442101061357009, 0.8681697314614069, 0.8492749690311333, 0.8511942666366613, 0.8687431383639277, 0.8709374306771891, 0.8769891960778681, 0.8713684645739826, 0.8684057347013936, 0.8623843611694716, 0.8747027475291084, 0.8772440435900996, 0.8592917697148366, 0.8820977947313602, 0.8778431179280423, 0.8657688807518048, 0.8904100021492888, 0.8637652337581031, 0.8787479179385634, 0.882621948690821, 0.8772016138102167, 0.8885667598249158, 0.8507487570028115, 0.8836241028827306, 0.8791498460877989, 0.892744891032465, 0.8871142371493542, 0.8811817862204151, 0.8898765872007205, 0.889569726625469, 0.8811817862204151, 0.9003442466826894, 0.9005181464598468, 0.8517381141360468, 0.896470689442987, 0.8855390151510117, 0.899553697614485, 0.8953767181116673, 0.8922504675516433, 0.8982609548771708, 0.8929917636767878, 0.8949512044547939, 0.8905502596231155, 0.9028871679609675, 0.8942082999144211, 0.8988011929889166, 0.9017736741652268, 0.8967347979443262, 0.8941437754277196, 0.9101663390036157, 0.9027012302726841, 0.8909806321297912, 0.9089117751254049, 0.8992952773736501, 0.8961207743567718, 0.8981432656227181, 0.8951371421430773, 0.9055947280272951, 0.9057883014873992, 0.8852477652154898, 0.9157613862700208, 0.9083572292971871, 0.895905257408375, 0.9021934995615961, 0.8959525460380601, 0.9041698371005306, 0.8968934261778423, 0.8947355362878714, 0.9112190322597842, 0.8952361215417525, 0.9041265947120043, 0.9033268014567506, 0.9122127380712297, 0.9062014381370586, 0.9068653760577908, 0.9150508211097211, 0.9088111705094426, 0.895648462384827, 0.916784009951462, 0.9106732571060602, 0.9127965408655312, 0.9129184275796685, 0.9055209425514864, 0.9096743533487244, 0.9198413506875379, 0.9096238142844655], "val_losses": [0.08474580198526382, 0.08306104689836502, 0.09436151385307312, 0.0910777896642685, 0.09698907285928726, 0.09170597046613693, 0.08062151074409485, 0.08075714856386185, 0.08337745070457458, 0.08643399924039841, 0.07149544358253479, 0.07870854437351227, 0.08392054587602615, 0.07746865600347519, 0.08274806290864944, 0.08096345514059067, 0.06771288067102432, 0.07854277640581131, 0.07850068062543869, 0.07560181617736816, 0.07648012042045593, 0.08663393557071686, 0.06916389614343643, 0.08485564589500427, 0.07343222200870514, 0.07625352591276169, 0.07402827590703964, 0.0760040432214737, 0.08179633319377899, 0.08089536428451538, 0.07303255051374435, 0.08334580063819885, 0.07407800108194351, 0.07288507372140884, 0.07807830721139908, 0.07799722999334335, 0.10270677506923676, 0.0750722661614418, 0.07783566415309906, 0.0680924504995346, 0.0845695361495018, 0.0754881426692009, 0.07583620399236679, 0.0712520107626915, 0.07841289788484573, 0.0699649378657341, 0.07343227416276932, 0.07899387180805206, 0.07893270999193192, 0.08045113831758499, 0.07903837412595749, 0.07138722389936447, 0.08265048265457153, 0.0711282268166542, 0.07766880840063095, 0.08728586882352829, 0.07988587766885757, 0.0668070986866951, 0.0658557265996933, 0.07262410968542099, 0.0714121088385582, 0.06821461021900177, 0.06388432532548904, 0.06770657747983932, 0.07366602122783661, 0.08137177675962448, 0.07222411781549454, 0.07084788382053375, 0.07233219593763351, 0.08436664193868637, 0.07525048404932022, 0.07345432043075562, 0.06638004630804062, 0.06623972207307816, 0.06781542301177979, 0.06855254620313644, 0.07273290306329727, 0.06409383565187454, 0.08615497499704361, 0.07457834482192993, 0.07333754003047943, 0.0856204479932785, 0.06977009773254395, 0.08106300234794617, 0.07955294102430344, 0.07274354994297028, 0.06582418829202652, 0.08037164807319641, 0.0708363950252533, 0.07507949322462082, 0.07369236648082733, 0.06791523844003677, 0.08118730038404465, 0.08180154114961624, 0.07393215596675873, 0.07440529763698578, 0.07042832672595978, 0.0802077203989029, 0.0638737753033638, 0.08234153687953949],