{"n_classes": 2, "train_acc": 0.7749762671946501, "val_acc": 0.7351152434750341, "test_acc": 0.7765054140375478, "confusion_matrix": [138, 60, 56, 333], "val_accs": null, "train_accs": null, "val_losses": null, "train_losses": null}