{"n_classes": 2, "train_acc": 0.9064197605852231, "val_acc": 0.886684121551973, "test_acc": 0.8664472488379944, "confusion_matrix": [167, 31, 43, 346], "val_accs": null, "train_accs": null, "val_losses": null, "train_losses": null}