{"training_acc": 0.978886068207054, "validation_acc": 0.8057874242731667, "classes": ["aerobe", "anaerobe", "facultative"], "confusion_matrix": [289, 18, 32, 12, 213, 18, 19, 5, 53], "f1_score": 0.8479355098760087, "training_losses": [0.4352441728115082, 0.2843403220176697, 0.2383141964673996, 0.2691105306148529, 0.3227415084838867, 0.26965734362602234, 0.2289026528596878, 0.22102023661136627, 0.23639467358589172, 0.21131670475006104, 0.1584254801273346, 0.19800932705402374, 0.28993237018585205, 0.14327406883239746, 0.1376374512910843, 0.2595183551311493, 0.21472182869911194, 0.15645258128643036, 0.1149415448307991, 0.11902493238449097, 0.1268707811832428, 0.12666912376880646, 0.17056676745414734, 0.24678373336791992, 0.15657879412174225, 0.13659483194351196, 0.1254028081893921, 0.16401979327201843, 0.12118203938007355, 0.11128062754869461, 0.1306178867816925, 0.1178315058350563, 0.18584851920604706, 0.20411722362041473, 0.14215466380119324, 0.12212580442428589, 0.1143164336681366, 0.09556860476732254, 0.116651751101017, 0.09101145714521408, 0.13455501198768616, 0.10343017429113388, 0.12706288695335388, 0.1544347107410431, 0.12530487775802612, 0.12176571786403656, 0.08362844586372375, 0.10952021181583405, 0.1504407525062561, 0.07593941688537598, 0.06438250839710236, 0.06660548597574234, 0.08297896385192871, 0.09124383330345154, 0.09487346559762955, 0.1364734023809433, 0.2841159403324127, 0.10766314715147018, 0.16878099739551544, 0.16437214612960815, 0.08185135573148727, 0.09077946841716766, 0.06901895254850388, 0.06412636488676071, 0.06517722457647324, 0.19094893336296082, 0.10002933442592621, 0.08968569338321686, 0.10808010399341583, 0.10697229206562042, 0.06677653640508652, 0.08589654415845871, 0.11289194226264954, 0.06889568269252777, 0.0898595005273819, 0.07128258794546127, 0.23993416130542755, 0.13225312530994415, 0.2810758054256439, 0.09810427576303482, 0.0686098113656044, 0.06584855914115906, 0.0935523584485054, 0.06513281911611557, 0.06589504331350327, 0.07355305552482605, 0.07847863435745239, 0.08363880217075348, 0.07131533324718475, 0.07464471459388733, 0.08956228196620941, 0.1357496976852417, 0.10568565130233765, 0.07412846386432648, 0.15954960882663727, 0.12590934336185455, 0.05005017668008804, 0.06153525784611702, 0.055991481989622116, 0.04318299517035484], "validation_losses": [0.1305038034915924, 0.12248647958040237, 0.097555011510849, 0.11923462897539139, 0.09569419175386429, 0.0953061655163765, 0.08118442445993423, 0.07897508144378662, 0.08303206413984299, 0.08500654250383377, 0.07962724566459656, 0.09407679736614227, 0.1275104433298111, 0.07375422865152359, 0.08065991848707199, 0.1317427009344101, 0.12242790311574936, 0.08567753434181213, 0.07052932679653168, 0.06987694650888443, 0.07527710497379303, 0.07713942229747772, 0.09418234974145889, 0.1237870380282402, 0.09157609939575195, 0.08820243924856186, 0.08083916455507278, 0.08541227877140045, 0.07310661673545837, 0.07568025588989258, 0.08027280867099762, 0.0761704370379448, 0.09016217291355133, 0.08584167063236237, 0.08122159540653229, 0.0846048891544342, 0.0742110013961792, 0.0786735936999321, 0.07836463302373886, 0.07642227411270142, 0.08373292535543442, 0.09200412034988403, 0.0891120433807373, 0.09796596318483353, 0.08782920986413956, 0.08124543726444244, 0.07467475533485413, 0.08765263110399246, 0.09634937345981598, 0.07613662630319595, 0.07355157285928726, 0.07646646350622177, 0.07480047643184662, 0.08105167001485825, 0.08698582649230957, 0.07933013886213303, 0.08944489806890488, 0.08048021048307419, 0.08784981817007065, 0.08742538094520569, 0.07416417449712753, 0.08290736377239227, 0.07834707200527191, 0.0770844891667366, 0.07661449164152145, 0.11758741736412048, 0.08384981751441956, 0.08362504094839096, 0.07849952578544617, 0.08221698552370071, 0.07751332223415375, 0.07622884213924408, 0.08659685403108597, 0.08131079375743866, 0.08319544792175293, 0.08241306990385056, 0.1280551254749298, 0.08849514275789261, 0.1512996405363083, 0.08401530981063843, 0.08427906781435013, 0.08016185462474823, 0.08273057639598846, 0.08322742581367493, 0.07599346339702606, 0.08513595908880234, 0.08927875757217407, 0.08270452171564102, 0.08510120958089828, 0.07984520494937897, 0.08864820748567581, 0.09112665802240372, 0.08094488829374313, 0.08140914142131805, 0.11647229641675949, 0.10265704244375229, 0.07734689116477966, 0.08447291702032089, 0.08423471450805664, 0.07792991399765015], "training_accs": [0.7464925195599762, 0.8170606914774249, 0.8512557144938743, 0.8320904913014985, 0.8166843355750796, 0.8391810909862322, 0.8599592019627168, 0.8659428304504515, 0.8543105484628167, 0.8665805730295856, 0.9106081768530846, 0.8760718979914955, 0.8215149556219962, 0.9133595353222086, 0.9147042441693456, 0.8380800845287686, 0.8625533839916574, 0.8990205675545724, 0.9300369543869546, 0.9280860488289128, 0.9231842998427867, 0.9229871216891716, 0.889401120915042, 0.8405728647650722, 0.9017242105484756, 0.9156446798873318, 0.9220026174453674, 0.8948424377740846, 0.9263188321056101, 0.9308070697564169, 0.9265752243657465, 0.9282277342778572, 0.8768262636169499, 0.8704426131127722, 0.9187877253603579, 0.9306062446533989, 0.9305212712205221, 0.9435441540558135, 0.9318254376585831, 0.9472814777454603, 0.9145469298090543, 0.936948133437104, 0.9146980487492754, 0.9016693220071096, 0.9203241419370055, 0.9257503876677923, 0.955670065535632, 0.9325437817252253, 0.8999191207194249, 0.9605298111359635, 0.96445872172246, 0.9637522387851009, 0.9521295575016172, 0.9448881379069848, 0.9458084055553809, 0.9132737514561313, 0.8201194213842836, 0.93420334387082, 0.8989267647937232, 0.8967743091366979, 0.9485815139034747, 0.9503550468795084, 0.9606734408922701, 0.9673998436137322, 0.9659066387494887, 0.8784167863739971, 0.9406968813056036, 0.945081306613214, 0.9341617029830083, 0.9328558339029067, 0.9613317250237645, 0.9487385121459967, 0.9312572348860871, 0.9592793139278717, 0.9448075364194767, 0.9604437392243508, 0.841654140103376, 0.9177908656718395, 0.8149597544731103, 0.9388353321105947, 0.958377355478938, 0.9624960294875828, 0.9460734672538069, 0.9637123005393297, 0.9624995556043249, 0.9611345468701495, 0.9581459511689782, 0.9510130893456811, 0.9603438154958792, 0.9561446608323875, 0.9449742098185974, 0.9098824180549753, 0.9334778267380329, 0.9599382022226707, 0.8899429492130904, 0.9178350086501051, 0.9755717357242167, 0.9669786758816241, 0.9698219391844481, 0.978886068207054],