{"training_acc": 0.4131084867949686, "validation_acc": 0.4145938793595299, "classes": ["aerobe", "anaerobe", "facultative"], "confusion_matrix": [264, 75, 0, 130, 113, 0, 58, 19, 0], "f1_score": 0.528567092998049, "n_iter": 47, "converged": true, "C": 100, "penalty": "l2", "max_iter": 100000, "feature_type": "cds_1mer", "model_class": "logistic", "binary": 0}