{"n_classes": 3, "train_acc": 0.9919434527029464, "val_acc": 0.7064740330436953, "test_acc": 0.7210825252695104, "confusion_matrix": [268, 11, 34, 17, 165, 16, 23, 17, 36], "val_accs": null, "train_accs": null, "val_losses": null, "train_losses": null}