{"training_acc": 0.5216498033982809, "validation_acc": 0.5082924892823286, "classes": ["aerobe", "anaerobe", "facultative"], "confusion_matrix": [267, 72, 0, 64, 176, 3, 57, 19, 1], "f1_score": 0.6352397696118058, "n_iter": 1340, "converged": true, "C": 100, "penalty": "l2", "max_iter": 100000, "feature_type": "nt_2mer", "model_class": "logistic", "binary": 0}