{"n_classes": 3, "train_acc": 0.5610700537539091, "val_acc": 0.5317567121049184, "test_acc": 0.5417828019559986, "confusion_matrix": [264, 46, 3, 51, 147, 0, 49, 24, 3], "val_accs": null, "train_accs": null, "val_losses": null, "train_losses": null}