{"training_acc": 0.6170936467682371, "validation_acc": 0.6275817121441507, "classes": ["aerobe", "anaerobe", "facultative"], "confusion_matrix": [180, 69, 90, 20, 177, 46, 18, 11, 48], "f1_score": 0.6365222655724389, "training_losses": [0.6121209859848022, 0.5927572250366211, 0.5833873748779297, 0.5772877335548401, 0.5728387236595154, 0.5693830847740173, 0.5665252208709717, 0.5640493035316467, 0.5618457794189453, 0.5598405599594116, 0.5580145120620728, 0.5563262701034546, 0.5547519326210022, 0.5532649159431458, 0.551853358745575, 0.550520658493042, 0.54924476146698, 0.5480176210403442, 0.5468162894248962, 0.5456737875938416, 0.5445707440376282, 0.5435184240341187, 0.5424962639808655, 0.5415217876434326, 0.5405684113502502, 0.5396628379821777, 0.5387690663337708, 0.5379185080528259, 0.5371053218841553, 0.5363215208053589, 0.5355575084686279, 0.5348407626152039, 0.5341443419456482, 0.5334675312042236, 0.5328351855278015, 0.532202422618866, 0.5316156148910522, 0.5310352444648743, 0.5304807424545288, 0.5299546718597412, 0.5294515490531921, 0.5289584994316101, 0.5284932255744934, 0.5280392169952393, 0.527614414691925, 0.5271937847137451, 0.5267910361289978, 0.5263999104499817, 0.5260221362113953, 0.5256771445274353, 0.525331437587738, 0.524989902973175, 0.5246668457984924, 0.524364173412323, 0.5240592360496521, 0.5237793922424316, 0.5234915018081665, 0.5232431888580322, 0.5229848027229309, 0.5227335095405579, 0.5225013494491577, 0.5222731828689575, 0.5220465660095215, 0.5218309760093689, 0.5216195583343506, 0.5214359760284424, 0.5212264657020569, 0.5210345387458801, 0.520852267742157, 0.5206788182258606, 0.5205106139183044, 0.5203402042388916, 0.5201703906059265, 0.520015299320221, 0.5198683738708496, 0.5197193622589111, 0.5195714235305786, 0.5194260478019714, 0.5192854404449463, 0.5191664099693298, 0.5190296769142151, 0.5189120769500732, 0.5188280940055847, 0.5186170935630798, 0.5185359120368958, 0.5184202194213867, 0.5183225870132446, 0.5182026624679565, 0.5180948376655579, 0.5180002450942993, 0.5179014205932617, 0.5178101658821106, 0.517707347869873, 0.5176259875297546, 0.5175251364707947, 0.5174407362937927, 0.5173542499542236, 0.5172690153121948, 0.5171756744384766, 0.517105221748352], "validation_losses": [0.19393233954906464, 0.18658368289470673, 0.1832699328660965, 0.1812489926815033, 0.179827481508255, 0.17881114780902863, 0.17799197137355804, 0.17732734978199005, 0.17673994600772858, 0.1762441098690033, 0.1758265346288681, 0.17545562982559204, 0.17512676119804382, 0.17480067908763885, 0.1745058298110962, 0.17421706020832062, 0.17397750914096832, 0.17374278604984283, 0.17353585362434387, 0.17333774268627167, 0.1731594204902649, 0.17298077046871185, 0.17282333970069885, 0.17264246940612793, 0.17248716950416565, 0.17234115302562714, 0.17219826579093933, 0.1720479279756546, 0.17193859815597534, 0.17180907726287842, 0.17168521881103516, 0.17155468463897705, 0.17145618796348572, 0.17132824659347534, 0.17123708128929138, 0.17109368741512299, 0.1710187941789627, 0.17088384926319122, 0.17079895734786987, 0.170682892203331, 0.1706157773733139, 0.17050714790821075, 0.17043589055538177, 0.17033104598522186, 0.17027433216571808, 0.17015661299228668, 0.1700976938009262, 0.17000776529312134, 0.16993169486522675, 0.16984260082244873, 0.16979821026325226, 0.16969136893749237, 0.169653058052063, 0.16957008838653564, 0.16952499747276306, 0.16946455836296082, 0.16939668357372284, 0.16934724152088165, 0.1693030297756195, 0.16922153532505035, 0.16920217871665955, 0.169107586145401, 0.16909293830394745, 0.16901643574237823, 0.16897732019424438, 0.16891945898532867, 0.16889826953411102, 0.16882960498332977, 0.16877435147762299, 0.16874682903289795, 0.16868026554584503, 0.16868914663791656, 0.1686079353094101, 0.16856703162193298, 0.1685510128736496, 0.16847915947437286, 0.16847842931747437, 0.16842663288116455, 0.16837874054908752, 0.16835075616836548, 0.16832299530506134, 0.16826221346855164, 0.16844551265239716, 0.16814038157463074, 0.1681513488292694, 0.1681445837020874, 0.16810734570026398, 0.1681010127067566, 0.16807116568088531, 0.16805271804332733, 0.1680537760257721, 0.16798928380012512, 0.16799135506153107, 0.16795873641967773, 0.1679406315088272, 0.16787992417812347, 0.1679023951292038, 0.16787511110305786, 0.16782543063163757, 0.16782204806804657], "training_accs": [0.5229336396847323, 0.538238080793152, 0.5482039685170953, 0.5528744880338975, 0.557551802044708, 0.5602189150724278, 0.5619502676717348, 0.563737650370768, 0.5645824781473799, 0.5672420526154651, 0.5685543885734704, 0.5676678637507753, 0.5694443106431696, 0.5706589194553658, 0.5712173602885596, 0.5721982150100594, 0.5745857355883691, 0.5753362334661765, 0.5764148153334852, 0.5772630403571014, 0.5788057331587991, 0.5785719790681024, 0.581559637525689, 0.5836641684075845, 0.5842226092407782, 0.5896360880757531, 0.5950495669107281, 0.5952799237544205, 0.5989237501910094, 0.5994821910242033, 0.5981281580201149, 0.5978000740306136, 0.6000406318573969, 0.5997125478678956, 0.6006024699375948, 0.6003687158468983, 0.6001349617562016, 0.6001349617562016, 0.6016776545578993, 0.6034507042032894, 0.6043372290259844, 0.6057855919288774, 0.60644175990788, 0.6051328211968788, 0.6048990671061824, 0.6054609051863803, 0.6061136759183787, 0.6063474300090753, 0.6063474300090753, 0.6063440327620712, 0.6056912620300726, 0.6056912620300726, 0.6064383626608758, 0.6062046085701792, 0.6070911333928742, 0.6059708544794826, 0.6067664466503772, 0.6070002007410737, 0.6066721167515724, 0.6070002007410737, 0.6070002007410737, 0.6070002007410737, 0.6088709775322726, 0.6091047316229693, 0.6091047316229693, 0.6091047316229693, 0.6099912564456643, 0.6099912564456643, 0.6102250105363609, 0.6102250105363609, 0.6122318142724475, 0.6122318142724475, 0.6122318142724475, 0.6122318142724475, 0.6131183390951426, 0.6131183390951426, 0.6125598982619489, 0.6128879822514501, 0.6128879822514501, 0.6137745070741453, 0.6143363451543431, 0.6143363451543431, 0.6145216077049483, 0.6145250049519525, 0.6141025910636465, 0.6162980545973425, 0.6162980545973425, 0.6154115297746475, 0.6159733678548455, 0.6156452838653442, 0.6159733678548455, 0.615739613764149, 0.6169542225763452, 0.6169542225763452, 0.6169542225763452, 0.6170936467682371, 0.6174217307577384, 0.6174217307577384, 0.6174217307577384, 0.6170936467682371],