{"n_classes": 3, "train_acc": 0.936484709723238, "val_acc": 0.861151069711381, "test_acc": 0.8428095004482344, "confusion_matrix": [278, 4, 31, 9, 172, 10, 13, 6, 54], "val_accs": [0.7898439649412411, 0.8377415062239965, 0.8220676282933091, 0.8307087925764969, 0.8502273054802237, 0.8001652620329663, 0.8349829591074727, 0.8337407800442819, 0.841046934043043, 0.8480079655176932, 0.8433126896161917, 0.8419608349569438, 0.8423903665148801, 0.8419524127695334, 0.8236296633183793, 0.8214651611538771, 0.852884599188101, 0.8350377969055011, 0.8336311044482251, 0.8602835844080982, 0.8350377969055011, 0.8220127904952808, 0.8441169149340356, 0.7970320211565348, 0.8049322201073174, 0.861151069711381, 0.8155192840017742, 0.8445548686793822, 0.8262785348388461, 0.803188827313341, 0.8401710265523495, 0.8519622760867896, 0.8266616507861645, 0.8366546697285998, 0.8312100063072826, 0.8470856424163817, 0.8410849274662504, 0.8159023999490925, 0.8157927243530355, 0.8558449044830367, 0.8158391399636535, 0.8110890262641236, 0.8101667031628121, 0.8332099950776994, 0.8253562117375347, 0.8358504444107556, 0.8407186558937533, 0.8301695854225039, 0.8310286485383762, 0.835366075054791, 0.8298033138500065, 0.8184964336715309, 0.8205428380525657, 0.8318961338416592, 0.8157927243530355, 0.8253013739395062, 0.8489302886190045, 0.8119565115674066, 0.7879444809405899, 0.7824449797212444, 0.8126974768998115, 0.7981652732625495, 0.8254110495355631, 0.8084949925416852, 0.8511496285815352, 0.823136871775004, 0.8074629938443169, 0.8393668012345055, 0.8349829591074727, 0.8220127904952808, 0.8345534275495364, 0.8041659882126808, 0.808806426316154, 0.8110890262641236, 0.8097371716048758, 0.8405541424996678, 0.812769159072661, 0.8126510612891936, 0.8445000308813538, 0.791287902182844, 0.8231452939624145, 0.851477906730825, 0.8365998319305712, 0.8287628929652276, 0.7971965345506201, 0.8140113381358517, 0.8315298622691619, 0.8197386127347217, 0.7937434377123093, 0.7971965345506201, 0.7927030168275304, 0.8487657752249192, 0.8141041693570875, 0.8370842012865359, 0.8293105223066313, 0.775037572313837, 0.8074629938443169, 0.8070250400989701, 0.8056731854397224, 0.8306075391678505], "train_accs": [0.7806412058383948, 0.8289191337806469, 0.857191168208944, 0.8435769389766911, 0.8739154768340383, 0.8587285273635006, 0.875928811439353, 0.8885112517357246, 0.8781402359525551, 0.8895991774520091, 0.8967152351575667, 0.8992459270094657, 0.8979480819580035, 0.9075829596887885, 0.9130670652208478, 0.9153553174123658, 0.9159111308974889, 0.9251143829300092, 0.9215637739689, 0.922494991573123, 0.9225364157683297, 0.9232636923500918, 0.9147433247474587, 0.932505400621151, 0.9251439776979256, 0.936484709723238, 0.9311158457086526, 0.9381195874540231, 0.9393464983411243, 0.9360826363935085, 0.9445734092282253, 0.9527714991361126, 0.9487980835479801, 0.9493509290764354, 0.9473376368705017, 0.9515238973510987, 0.9421905216183845, 0.9543117838479559, 0.9506931662797724, 0.9514677181713148, 0.9401358476166247, 0.9356332877539989, 0.9560590199383089, 0.9635593856329697, 0.9560264996131057, 0.966456662532727, 0.9520294251703926, 0.952410807602209, 0.9526206845380057, 0.963015401575137, 0.9556155648127538, 0.9544359716348141, 0.9549562968380662, 0.9577914586447038, 0.9662438176402625, 0.9621432887079848, 0.9588321090512079, 0.9606769061171706, 0.9619126784748943, 0.9518550365164669, 0.9706813368524819, 0.9501905640177654, 0.9591425149192823, 0.9567005649717514, 0.9441151567187118, 0.9609814184712903, 0.9657767036601266, 0.953454425965381, 0.9685497927730254, 0.9658387763538653, 0.9601713782978769, 0.9638077188073053, 0.9706517844839465, 0.9684758906519965, 0.9592046300124019, 0.9712312568236503, 0.9602275574776608, 0.9607774350494482, 0.965915646431562, 0.9684197114722125, 0.9691676789518873, 0.9628143861099628, 0.9716008098281765, 0.9669356059401532, 0.9634973129392311, 0.9589149150422404, 0.9664182486935692, 0.9688454436565226, 0.9557722729248153, 0.9660900774848686, 0.9616229635047328, 0.9714145493475795, 0.9689814184712903, 0.9679851178172799, 0.9688217424025609, 0.9519792243033253, 0.9718461750458444, 0.9755209717938117, 0.9774396709808038, 0.9731381265833519], "val_losses": [0.09470858424901962, 0.08702124655246735, 0.08926761150360107, 0.07912645488977432, 0.0800589993596077, 0.07681404799222946, 0.07796399295330048, 0.07841244339942932, 0.07692087441682816, 0.07199238985776901, 0.0795653834939003, 0.07705982774496078, 0.07191288471221924, 0.07079271972179413, 0.06691259145736694, 0.06979811936616898, 0.07470669597387314, 0.07648792862892151, 0.07253794372081757, 0.07265137881040573, 0.07707568258047104, 0.0811198279261589, 0.06858720630407333, 0.07062353193759918, 0.07708844542503357, 0.06865520030260086, 0.08018925786018372, 0.07072869688272476, 0.07370617240667343, 0.07325311005115509, 0.0699419379234314, 0.07197670638561249, 0.07118179649114609, 0.06566201895475388, 0.07790718972682953, 0.06431659311056137, 0.06802546977996826, 0.07889539748430252, 0.0742664784193039, 0.06640620529651642, 0.07060637325048447, 0.07921124994754791, 0.07295429706573486, 0.07053276896476746, 0.07167709618806839, 0.0712352767586708, 0.07597707957029343, 0.06993620097637177, 0.07149776071310043, 0.07022448629140854, 0.07776440680027008, 0.07635411620140076, 0.06222677603363991, 0.06611115485429764, 0.07173729687929153, 0.06473985314369202, 0.07002372294664383, 0.07496092468500137, 0.07036268711090088, 0.09022864699363708, 0.06621542572975159, 0.0864948257803917, 0.0758688822388649, 0.08251027017831802, 0.07907678186893463, 0.06907038390636444, 0.06987114995718002, 0.07201934605836868, 0.068806953728199, 0.07568258792161942, 0.07004564255475998, 0.07704583555459976, 0.06596080958843231, 0.07309438288211823, 0.07635954767465591, 0.06622103601694107, 0.07582704722881317, 0.06403693556785583, 0.0692523643374443, 0.06444524973630905, 0.07029381394386292, 0.06769444048404694, 0.06470620632171631, 0.06605469435453415, 0.07587604969739914, 0.07456741482019424, 0.07659551501274109, 0.07374009490013123, 0.08487062156200409, 0.08048401027917862, 0.07498245686292648, 0.06494534760713577, 0.07316171377897263, 0.0669335350394249, 0.0755607932806015, 0.09144243597984314, 0.06560628116130829, 0.06599337607622147, 0.06761683523654938, 0.07219494134187698],