{"training_acc": 0.5492468167350467, "validation_acc": 0.5157619490625063, "classes": ["aerobe", "anaerobe", "facultative"], "confusion_matrix": [176, 73, 90, 32, 152, 59, 25, 21, 31], "f1_score": 0.5739889905376976, "training_losses": [0.6154078841209412, 0.6073930859565735, 0.6015379428863525, 0.5969529747962952, 0.5932630300521851, 0.5902315974235535, 0.5877032279968262, 0.5855823755264282, 0.5837607383728027, 0.5822520852088928, 0.5809814929962158, 0.579879105091095, 0.5789330005645752, 0.578113317489624, 0.5774253606796265, 0.576811671257019, 0.5762768983840942, 0.5758287906646729, 0.5754522085189819, 0.575126051902771, 0.5748586654663086, 0.5746417045593262, 0.5744589567184448, 0.5743023157119751, 0.5741630792617798, 0.5740247964859009, 0.5739171504974365, 0.5738198161125183, 0.5737505555152893, 0.5736798048019409, 0.5736191868782043, 0.5735669136047363, 0.5735258460044861, 0.573503315448761, 0.5734860301017761, 0.5734777450561523, 0.5734756588935852, 0.5734823346138, 0.5734888911247253, 0.5735045075416565, 0.573514997959137, 0.5735352635383606, 0.5735583901405334, 0.5735831260681152, 0.573611319065094, 0.5736424922943115, 0.5736736059188843, 0.5737047791481018, 0.5737370848655701, 0.5737727284431458, 0.5738087296485901, 0.5738446712493896, 0.5738825798034668, 0.573918879032135, 0.5739551186561584, 0.5739909410476685, 0.5740277767181396, 0.5740637183189392, 0.5740995407104492, 0.57413250207901, 0.574167013168335, 0.5742002129554749, 0.5742342472076416, 0.5742685794830322, 0.5742998719215393, 0.5743312835693359, 0.574362576007843, 0.5743938684463501, 0.5744247436523438, 0.5744552612304688, 0.5744845867156982, 0.5745156407356262, 0.5745470523834229, 0.5745763778686523, 0.574604332447052, 0.5746338963508606, 0.5746613144874573, 0.5746894478797913, 0.5747168064117432, 0.5747444033622742, 0.5747703909873962, 0.5747979879379272, 0.5748242139816284, 0.5748474597930908, 0.5748733282089233, 0.5748962163925171, 0.5749195218086243, 0.5749421119689941, 0.5749654769897461, 0.574986457824707, 0.575007975101471, 0.5750287175178528, 0.5750471353530884, 0.5750681757926941, 0.5750873684883118, 0.575107216835022, 0.5751259326934814, 0.5751439929008484, 0.5751626491546631, 0.5751819014549255], "validation_losses": [0.1963767260313034, 0.1953762173652649, 0.19388815760612488, 0.19265083968639374, 0.19164682924747467, 0.19081513583660126, 0.19010432064533234, 0.18950079381465912, 0.1889793872833252, 0.1885499209165573, 0.1881769746541977, 0.18785429000854492, 0.18757091462612152, 0.1873224377632141, 0.18711504340171814, 0.18693190813064575, 0.18676826357841492, 0.18662454187870026, 0.1864946484565735, 0.18637926876544952, 0.18627972900867462, 0.1861957162618637, 0.1861293613910675, 0.18606609106063843, 0.18601083755493164, 0.1859566867351532, 0.18590107560157776, 0.18585138022899628, 0.1858060657978058, 0.18577256798744202, 0.18573929369449615, 0.18570062518119812, 0.1856733113527298, 0.18564312160015106, 0.1856221854686737, 0.1855972707271576, 0.1855773627758026, 0.18556006252765656, 0.18554618954658508, 0.18552963435649872, 0.18551968038082123, 0.1855049431324005, 0.18549378216266632, 0.18548670411109924, 0.1854768544435501, 0.18546763062477112, 0.18546144664287567, 0.18545681238174438, 0.18544918298721313, 0.18544267117977142, 0.18543660640716553, 0.18543340265750885, 0.18542812764644623, 0.18542397022247314, 0.18541967868804932, 0.18541614711284637, 0.18541507422924042, 0.18541131913661957, 0.18540869653224945, 0.18540729582309723, 0.1854061782360077, 0.18540526926517487, 0.18540357053279877, 0.18540044128894806, 0.18539878726005554, 0.18539714813232422, 0.18539564311504364, 0.1853945404291153, 0.18539269268512726, 0.18539266288280487, 0.1853926032781601, 0.185390904545784, 0.18539050221443176, 0.18539173901081085, 0.18539349734783173, 0.1853915899991989, 0.18539494276046753, 0.18539708852767944, 0.18539968132972717, 0.18540070950984955, 0.1854010373353958, 0.18540014326572418, 0.1853991597890854, 0.185402974486351, 0.18540038168430328, 0.18540289998054504, 0.1854049265384674, 0.1854095607995987, 0.18540826439857483, 0.18541193008422852, 0.18541574478149414, 0.18541757762432098, 0.18542085587978363, 0.18542194366455078, 0.18542452156543732, 0.18542571365833282, 0.18543113768100739, 0.18543197214603424, 0.1854337751865387, 0.18543370068073273], "training_accs": [0.4688979166094029, 0.4866532290191112, 0.5062962315199239, 0.5142979830717267, 0.5272780841428795, 0.5309348117335392, 0.5366980115314761, 0.5430143135902209, 0.5424815540859526, 0.5446083690497695, 0.5458095505786505, 0.549584712496202, 0.5510290310436302, 0.5507002999456683, 0.550829694101249, 0.5519452815507154, 0.5521790356414119, 0.5524127897321085, 0.5529705834568417, 0.5535283771815748, 0.5535283771815748, 0.5529705834568417, 0.5518941046196161, 0.5521278587103127, 0.551470396514389, 0.5520281902391221, 0.5522572528658934, 0.5527247610472866, 0.5527247610472866, 0.552067298851363, 0.5530926007574892, 0.5530926007574892, 0.5536503944822224, 0.5536503944822224, 0.5538794571089937, 0.5534557490037666, 0.5522404930831096, 0.5515830308871859, 0.5514880538799206, 0.5519555620613138, 0.5519555620613138, 0.5519555620613138, 0.5516268309633519, 0.5516268309633519, 0.5516268309633519, 0.5516268309633519, 0.55129809986539, 0.5521846246880852, 0.5521846246880852, 0.5524183787787816, 0.5526521328694782, 0.5526521328694782, 0.5519993621374798, 0.5513465914054814, 0.5513465914054814, 0.551580345496178, 0.5506938206734829, 0.5494785647528261, 0.5503650895755211, 0.5503650895755211, 0.5503650895755211, 0.5505988436662176, 0.5508325977569142, 0.5510663518476108, 0.5510663518476108, 0.5509713748403455, 0.5503186041083471, 0.5503186041083471, 0.5503186041083471, 0.5505523581990437, 0.5505523581990437, 0.5505523581990437, 0.5505523581990437, 0.5502236271010819, 0.5493371022783867, 0.5493371022783867, 0.5493371022783867, 0.5493371022783867, 0.5493371022783867, 0.5498995874670451, 0.5498995874670451, 0.5490130626443501, 0.5490130626443501, 0.5490130626443501, 0.5490130626443501, 0.5490130626443501, 0.5490130626443501, 0.5490130626443501, 0.5490130626443501, 0.5492468167350467, 0.5492468167350467, 0.5492468167350467, 0.5492468167350467, 0.5492468167350467, 0.5492468167350467, 0.5492468167350467, 0.5492468167350467, 0.5492468167350467, 0.5492468167350467, 0.5492468167350467],