{"training_acc": 0.8621779086758913, "validation_acc": 0.7869398043111581, "classes": ["aerobe", "anaerobe", "facultative"], "confusion_matrix": [284, 22, 33, 27, 206, 10, 21, 4, 52], "f1_score": 0.8259353687807741, "training_losses": [0.4796381890773773, 0.4389084577560425, 0.4132561683654785, 0.3958275616168976, 0.3802299499511719, 0.36836737394332886, 0.35816848278045654, 0.35105815529823303, 0.34236225485801697, 0.3365040421485901, 0.32997047901153564, 0.3254864513874054, 0.3209347128868103, 0.31846293807029724, 0.3129512071609497, 0.31141197681427, 0.3053763806819916, 0.30220577120780945, 0.29877233505249023, 0.29704415798187256, 0.2942879796028137, 0.29229825735092163, 0.2902058959007263, 0.2869375944137573, 0.2865021824836731, 0.28213757276535034, 0.28103530406951904, 0.27838224172592163, 0.2775208353996277, 0.2752915322780609, 0.2739241123199463, 0.27281054854393005, 0.2710299491882324, 0.2695329785346985, 0.2685205638408661, 0.26740020513534546, 0.2652508616447449, 0.269787460565567, 0.26304832100868225, 0.2609706223011017, 0.26024556159973145, 0.25780510902404785, 0.25811636447906494, 0.25726693868637085, 0.25614383816719055, 0.25628840923309326, 0.25419262051582336, 0.2529308795928955, 0.2519005537033081, 0.25181588530540466, 0.25112488865852356, 0.25030791759490967, 0.24778327345848083, 0.24754640460014343, 0.24632197618484497, 0.24650725722312927, 0.2450377196073532, 0.2443246990442276, 0.24385246634483337, 0.2439199984073639, 0.24296779930591583, 0.24333979189395905, 0.2417868673801422, 0.2416040301322937, 0.2407001554965973, 0.25628072023391724, 0.24508926272392273, 0.2389449179172516, 0.2379297912120819, 0.2353811413049698, 0.2380155473947525, 0.23632925748825073, 0.23490074276924133, 0.23458126187324524, 0.2343876212835312, 0.2338925153017044, 0.2342653125524521, 0.2329820841550827, 0.2331593930721283, 0.23291337490081787, 0.23295120894908905, 0.23246827721595764, 0.23200252652168274, 0.23138965666294098, 0.2311236560344696, 0.2368602603673935, 0.23240216076374054, 0.24054254591464996, 0.23645788431167603, 0.23443807661533356, 0.2330780327320099, 0.23219162225723267, 0.2311195582151413, 0.22978802025318146, 0.2284545600414276, 0.23006953299045563, 0.22801218926906586, 0.2264135479927063, 0.22554269433021545, 0.2273567020893097], "validation_losses": [0.15613332390785217, 0.14240872859954834, 0.13246208429336548, 0.12650059163570404, 0.120577372610569, 0.11632871627807617, 0.1129670962691307, 0.11016009002923965, 0.10939746350049973, 0.10561258345842361, 0.10496782511472702, 0.10436196625232697, 0.10215132683515549, 0.10064862668514252, 0.0997324213385582, 0.09811435639858246, 0.09683643281459808, 0.09596333652734756, 0.09702298790216446, 0.09479346126317978, 0.0948127955198288, 0.09386461228132248, 0.09364619106054306, 0.09395911544561386, 0.09352453798055649, 0.09319591522216797, 0.09336110204458237, 0.09438598155975342, 0.0932866707444191, 0.09180732816457748, 0.09186630696058273, 0.09208386391401291, 0.09227379411458969, 0.09185441583395004, 0.09192109853029251, 0.0905989408493042, 0.09048041701316833, 0.08983690291643143, 0.09216302633285522, 0.09041717648506165, 0.09049215167760849, 0.09205899387598038, 0.09063610434532166, 0.09001439064741135, 0.08979008346796036, 0.08934593200683594, 0.08949293196201324, 0.08952812105417252, 0.08974122256040573, 0.08924365043640137, 0.09237286448478699, 0.08887751400470734, 0.08911843597888947, 0.08891455084085464, 0.08869641274213791, 0.08892525732517242, 0.09010573476552963, 0.088694728910923, 0.08922269940376282, 0.08925390988588333, 0.09020771831274033, 0.08752310276031494, 0.08740494400262833, 0.087852843105793, 0.08755424618721008, 0.093805693089962, 0.08893030136823654, 0.08705136924982071, 0.08766085654497147, 0.08963263034820557, 0.08848968893289566, 0.08719903975725174, 0.08722270280122757, 0.08732596784830093, 0.08786641061306, 0.0875789076089859, 0.08836378902196884, 0.08844194561243057, 0.08872880041599274, 0.08860328793525696, 0.08899242430925369, 0.08837179094552994, 0.08746940642595291, 0.08776527643203735, 0.08787008374929428, 0.08896324783563614, 0.08836697041988373, 0.08740181475877762, 0.0861019417643547, 0.08633055537939072, 0.08567246794700623, 0.08577693998813629, 0.08584357798099518, 0.08822358399629593, 0.08815418183803558, 0.08872400224208832, 0.08830492198467255, 0.08827462047338486, 0.09084917604923248, 0.08578531444072723], "training_accs": [0.6447491269173103, 0.6711125175256826, 0.7012799632290599, 0.7189997588444145, 0.7400277583472219, 0.7563280431833759, 0.7631110531262074, 0.7658353613037785, 0.7720444323096478, 0.7775669950815695, 0.7817753127797343, 0.7836979783580289, 0.7879487371679029, 0.7907579275688924, 0.7926737986531786, 0.7921570548660677, 0.7973886683974416, 0.8005642425870113, 0.8054132301604104, 0.8042531633166874, 0.8080364139451683, 0.8083186595759561, 0.8126569537906266, 0.8155570768434167, 0.8178919645690046, 0.8212554544905575, 0.8228890799440557, 0.8226500194906032, 0.8260195598405381, 0.8277960067329323, 0.8281240907224338, 0.8285431073637355, 0.8294781237265219, 0.8292443696358253, 0.8298971403678238, 0.8312996649120032, 0.8327480278148962, 0.8296209451654178, 0.833217024127542, 0.8346638988991822, 0.8357841778125739, 0.8364801337219078, 0.8364369485445723, 0.8383528196288584, 0.8409214614451429, 0.8373753621543628, 0.839895512430556, 0.8412495454346445, 0.8405482831625545, 0.8412495454346445, 0.8429161643244655, 0.8428399857108072, 0.8450354492445031, 0.8441004328817169, 0.8444736111643053, 0.8453150416939131, 0.8489520736364938, 0.8500299114381762, 0.8495139117166918, 0.849841995706193, 0.8498385984591889, 0.8504489280794781, 0.8506826821701746, 0.85086794472078, 0.851754469543475, 0.8409412868779484, 0.8440061029829121, 0.8520393683556408, 0.853390748178351, 0.8552971715872509, 0.8553585080497327, 0.8558718545898393, 0.8561965413323364, 0.8561965413323364, 0.8566640495137295, 0.8568042177712477, 0.8558233630497479, 0.8566155579736382, 0.8571773960538364, 0.8576907425939427, 0.8562423796910498, 0.856709887872443, 0.857456988503246, 0.857596412695138, 0.8578301667858347, 0.8544242357525725, 0.8563852011299459, 0.8510498100243811, 0.855630561939508, 0.8562382383784195, 0.8571247632011145, 0.8573585172918111, 0.858667456002812, 0.8599797919608173, 0.86240900958521, 0.8601650545114227, 0.8618471715050121, 0.861379663323619, 0.8657907389049436, 0.8621779086758913],