{"n_classes": 3, "train_acc": 0.6009172976870637, "val_acc": 0.6182539348778466, "test_acc": 0.6088145906121356, "confusion_matrix": [239, 32, 42, 6, 187, 5, 32, 35, 9], "val_accs": [0.5747227946227064, 0.5966866189121119, 0.6106348338570047, 0.6077871831688224, 0.5971084930881391, 0.6109776066250266, 0.6039112141765743, 0.6155391211533185, 0.6182539348778466, 0.6096836143936527, 0.6174375549454401, 0.6119248209537961, 0.6160127283177033, 0.6119248209537961, 0.5998219717678063, 0.6019316764091566, 0.6082607903332071, 0.6182539348778466, 0.6179111621098247, 0.6119248209537961, 0.6179111621098247, 0.6179111621098247, 0.6115820481857742, 0.6019316764091566, 0.6119248209537961, 0.6096836143936527, 0.6096836143936527, 0.6096836143936527, 0.6096836143936527, 0.6096836143936527, 0.6096836143936527, 0.6119248209537961, 0.6182539348778466, 0.6179111621098247, 0.6119248209537961, 0.6119248209537961, 0.6119248209537961, 0.6179111621098247, 0.6179111621098247, 0.6179111621098247, 0.6182539348778466, 0.6182539348778466, 0.6179111621098247, 0.6096836143936527, 0.6179111621098247, 0.6119248209537961, 0.6179111621098247, 0.6115820481857742, 0.6115820481857742, 0.6179111621098247, 0.6179111621098247, 0.6179111621098247, 0.6179111621098247, 0.6119248209537961, 0.6119248209537961, 0.6160127283177033, 0.6182539348778466, 0.6182539348778466, 0.6179111621098247, 0.6179111621098247, 0.6179111621098247, 0.6182539348778466, 0.6182539348778466, 0.6179111621098247, 0.6182539348778466, 0.6182539348778466, 0.6182539348778466, 0.6182539348778466, 0.6182539348778466, 0.6182539348778466, 0.6182539348778466, 0.6182539348778466, 0.6182539348778466, 0.6182539348778466, 0.6182539348778466, 0.6182539348778466, 0.6160127283177033, 0.6160127283177033, 0.6182539348778466, 0.6182539348778466, 0.6182539348778466, 0.6182539348778466, 0.6182539348778466, 0.6182539348778466, 0.6182539348778466, 0.6182539348778466, 0.6182539348778466, 0.6160127283177033, 0.6182539348778466, 0.6182539348778466, 0.6160127283177033, 0.6177803277134619, 0.6160127283177033, 0.6160127283177033, 0.6182539348778466, 0.6160127283177033, 0.6160127283177033, 0.6160127283177033, 0.6160127283177033, 0.6160127283177033], "train_accs": [0.5708702804869952, 0.5875499588204459, 0.5944315870511057, 0.5935932590386024, 0.596726806274359, 0.5985924824016385, 0.5970421152300746, 0.5961200961645957, 0.6009172976870637, 0.5975617326337629, 0.6000726368259971, 0.6003494278265212, 0.5981296024943052, 0.6003494278265212, 0.5948905749907256, 0.5950348955077696, 0.595602765368312, 0.6009172976870637, 0.6020821431557066, 0.6003494278265212, 0.6020821431557066, 0.6020821431557066, 0.6015142732951643, 0.5950348955077696, 0.6003494278265212, 0.5975617326337629, 0.5975617326337629, 0.5975617326337629, 0.5975617326337629, 0.5975617326337629, 0.5975617326337629, 0.6003494278265212, 0.6009172976870637, 0.6020821431557066, 0.6003494278265212, 0.6003494278265212, 0.6003494278265212, 0.6020821431557066, 0.6020821431557066, 0.6020821431557066, 0.6009172976870637, 0.6009172976870637, 0.6020821431557066, 0.5975617326337629, 0.6020821431557066, 0.6003494278265212, 0.6020821431557066, 0.6015142732951643, 0.6015142732951643, 0.6020821431557066, 0.6020821431557066, 0.6020821431557066, 0.6020821431557066, 0.6003494278265212, 0.6003494278265212, 0.5981296024943052, 0.6009172976870637, 0.6009172976870637, 0.6020821431557066, 0.6020821431557066, 0.6020821431557066, 0.6009172976870637, 0.6009172976870637, 0.6020821431557066, 0.6009172976870637, 0.6009172976870637, 0.6009172976870637, 0.6009172976870637, 0.6009172976870637, 0.6009172976870637, 0.6009172976870637, 0.6009172976870637, 0.6009172976870637, 0.6009172976870637, 0.6009172976870637, 0.6009172976870637, 0.5981296024943052, 0.5981296024943052, 0.6009172976870637, 0.6009172976870637, 0.6009172976870637, 0.6009172976870637, 0.6009172976870637, 0.6009172976870637, 0.6009172976870637, 0.6009172976870637, 0.6009172976870637, 0.5981296024943052, 0.6009172976870637, 0.6009172976870637, 0.5981296024943052, 0.5989077913573541, 0.5981296024943052, 0.5981296024943052, 0.6009172976870637, 0.5981296024943052, 0.5981296024943052, 0.5981296024943052, 0.5981296024943052, 0.5981296024943052], "val_losses": [0.15239933133125305, 0.13968566060066223, 0.14042136073112488, 0.14281733334064484, 0.14304473996162415, 0.13630937039852142, 0.14250801503658295, 0.13919901847839355, 0.13697537779808044, 0.13936826586723328, 0.1325557976961136, 0.1374509483575821, 0.13906796276569366, 0.13719451427459717, 0.14177753031253815, 0.1405065357685089, 0.13891559839248657, 0.13594593107700348, 0.13460496068000793, 0.13597626984119415, 0.13443447649478912, 0.13454145193099976, 0.13402919471263885, 0.1412377506494522, 0.13672488927841187, 0.13856227695941925, 0.14101994037628174, 0.14068390429019928, 0.13842692971229553, 0.13960614800453186, 0.1385655403137207, 0.13828632235527039, 0.13784271478652954, 0.13690266013145447, 0.13742303848266602, 0.13735276460647583, 0.13718242943286896, 0.1349141150712967, 0.13613273203372955, 0.13666190207004547, 0.13715636730194092, 0.13803648948669434, 0.13569201529026031, 0.14004197716712952, 0.13634853065013885, 0.13810113072395325, 0.1350173056125641, 0.1377018541097641, 0.13687287271022797, 0.1372845470905304, 0.13719244301319122, 0.13776476681232452, 0.13779477775096893, 0.14088042080402374, 0.13983024656772614, 0.14076030254364014, 0.1403820663690567, 0.1390165090560913, 0.13748471438884735, 0.13789983093738556, 0.13692767918109894, 0.1379915028810501, 0.13924814760684967, 0.13744354248046875, 0.13805441558361053, 0.1398918777704239, 0.13817879557609558, 0.13824976980686188, 0.1399347186088562, 0.13903088867664337, 0.14000259339809418, 0.13853666186332703, 0.13860349357128143, 0.13882756233215332, 0.1385505348443985, 0.1387559026479721, 0.1406847983598709, 0.14058512449264526, 0.1392977088689804, 0.13927868008613586, 0.13836854696273804, 0.13929642736911774, 0.1396537870168686, 0.13916045427322388, 0.13934771716594696, 0.13942569494247437, 0.13881386816501617, 0.13982270658016205, 0.1391887217760086, 0.13950352370738983, 0.1397254317998886, 0.13908755779266357, 0.1396191269159317, 0.13978390395641327, 0.13925309479236603, 0.1396520435810089, 0.13935799896717072, 0.13963940739631653, 0.139627605676651, 0.1406489908695221],