{"training_acc": 0.8898399673011653, "validation_acc": 0.7946759134808361, "classes": ["aerobe", "anaerobe", "facultative"], "confusion_matrix": [285, 12, 40, 11, 203, 22, 19, 9, 59], "f1_score": 0.8367696754876668, "training_losses": [0.4036805033683777, 0.3407301604747772, 0.3138713836669922, 0.2980835437774658, 0.28629058599472046, 0.2761569619178772, 0.26836544275283813, 0.26265767216682434, 0.2574044466018677, 0.25173795223236084, 0.24746356904506683, 0.24426065385341644, 0.24023135006427765, 0.2380586713552475, 0.23585563898086548, 0.235012486577034, 0.23120379447937012, 0.23059961199760437, 0.2280891239643097, 0.22889618575572968, 0.22541730105876923, 0.22404898703098297, 0.22498935461044312, 0.2211751937866211, 0.22069387137889862, 0.21966344118118286, 0.22066330909729004, 0.21883539855480194, 0.2178952395915985, 0.21534645557403564, 0.21627648174762726, 0.21497118473052979, 0.2149987667798996, 0.2156635820865631, 0.21353809535503387, 0.2141648530960083, 0.2120300829410553, 0.2095232754945755, 0.21265728771686554, 0.2085724174976349, 0.20857489109039307, 0.20547786355018616, 0.2078397125005722, 0.2097531408071518, 0.20510463416576385, 0.20332150161266327, 0.20081499218940735, 0.20507928729057312, 0.20219933986663818, 0.20544351637363434, 0.20315520465373993, 0.20327915251255035, 0.1964259296655655, 0.19312602281570435, 0.19133591651916504, 0.1939932405948639, 0.19054731726646423, 0.18559953570365906, 0.18486085534095764, 0.17722487449645996, 0.18105114996433258, 0.17550808191299438, 0.17217713594436646, 0.17192718386650085, 0.16972018778324127, 0.17020264267921448, 0.16987934708595276, 0.16998599469661713, 0.17206153273582458, 0.17367587983608246, 0.17637185752391815, 0.1736990511417389, 0.17457841336727142, 0.1740875095129013, 0.17335842549800873, 0.17234615981578827, 0.17446672916412354, 0.17377643287181854, 0.17619462311267853, 0.1738770753145218, 0.17422030866146088, 0.17443415522575378, 0.17719058692455292, 0.1738387644290924, 0.17430417239665985, 0.1731388121843338, 0.1762358397245407, 0.17376132309436798, 0.17749857902526855, 0.1745346039533615, 0.17475207149982452, 0.17458167672157288, 0.1745375096797943, 0.1729506254196167, 0.17647093534469604, 0.1755800098180771, 0.1709810197353363, 0.17564599215984344, 0.17304597795009613, 0.17316383123397827], "validation_losses": [0.12213779985904694, 0.11004476249217987, 0.10440494865179062, 0.10151404142379761, 0.10006295889616013, 0.09869802743196487, 0.09752169251441956, 0.09626585245132446, 0.09536565840244293, 0.09426390379667282, 0.09333169460296631, 0.09270548075437546, 0.09252946823835373, 0.09221892803907394, 0.09204251319169998, 0.09157080203294754, 0.0912807360291481, 0.09116511046886444, 0.09131456911563873, 0.09064453095197678, 0.0903523787856102, 0.09009476751089096, 0.09091044962406158, 0.08980371057987213, 0.08994253724813461, 0.08956465125083923, 0.08994587510824203, 0.08981508016586304, 0.08978867530822754, 0.08957800269126892, 0.08972062915563583, 0.08979707211256027, 0.0901925340294838, 0.09023158997297287, 0.0902535542845726, 0.09015726298093796, 0.0901220515370369, 0.09019661694765091, 0.09059004485607147, 0.0900714248418808, 0.09026748687028885, 0.08940102905035019, 0.09019661694765091, 0.09058492630720139, 0.08939764648675919, 0.08917351812124252, 0.08918354660272598, 0.08983159065246582, 0.08911273628473282, 0.09090420603752136, 0.08983214944601059, 0.09078794717788696, 0.0890578031539917, 0.08907289803028107, 0.08873765915632248, 0.08940771967172623, 0.08958051353693008, 0.08850043267011642, 0.0882439836859703, 0.08735430240631104, 0.08761686086654663, 0.0869269073009491, 0.08623673766851425, 0.08612971752882004, 0.08576016128063202, 0.08635583519935608, 0.08547528088092804, 0.0857822597026825, 0.0864805206656456, 0.08668630570173264, 0.08731111139059067, 0.08611957728862762, 0.08711567521095276, 0.08599237352609634, 0.08611654490232468, 0.08550526201725006, 0.08603209257125854, 0.08639326691627502, 0.08642444759607315, 0.08558505773544312, 0.08530125021934509, 0.08586138486862183, 0.08570877462625504, 0.08582485467195511, 0.08572418242692947, 0.08535493910312653, 0.08648854494094849, 0.08574768900871277, 0.08697865903377533, 0.08615367114543915, 0.08640750497579575, 0.08604836463928223, 0.08611501008272171, 0.08594571799039841, 0.086737260222435, 0.08649224042892456, 0.08583247661590576, 0.08587075024843216, 0.08595766872167587, 0.08626951277256012], "training_accs": [0.7178021873214989, 0.7706104001455741, 0.7958840691973661, 0.8059515460595286, 0.8104983645357837, 0.8182336394218352, 0.8255407870910441, 0.8319096284032274, 0.8343998474542978, 0.8397158403193493, 0.8450209784414966, 0.8454901316200094, 0.8479012120584173, 0.8494886583050891, 0.8492841228594159, 0.8485204408796633, 0.8524835640872993, 0.8542155935676607, 0.8533918293007416, 0.8519599511058465, 0.8536864881771645, 0.8541010514775543, 0.8546246644590069, 0.8578486544214301, 0.8598997614375711, 0.8562067483718182, 0.8552684420147928, 0.858347848743526, 0.859815260491048, 0.8583233000089864, 0.860139830435871, 0.8614626589497032, 0.8633446339976149, 0.8622318333384994, 0.8630200640527916, 0.8609035124156236, 0.8608789636810839, 0.8635491694432879, 0.8619917643401993, 0.8671877227061007, 0.8650165811908098, 0.8688052100963558, 0.8662140128716315, 0.8646674625114469, 0.8685951822416391, 0.8699180107554713, 0.8727382921604084, 0.8682460635622764, 0.8722991801254789, 0.8689551556639059, 0.8727137434258688, 0.8696042955535521, 0.8743311007409408, 0.877205972024001, 0.877205972024001, 0.873657412116755, 0.8784441695161269, 0.8794370657512754, 0.8809590673769203, 0.8861141298563343, 0.8821319503232022, 0.8859995877662278, 0.8880807359259522, 0.8901318429420932, 0.8937403550613228, 0.8914246303123421, 0.8898127654063136, 0.8890190422829778, 0.8888198691711651, 0.8861304770082818, 0.8848321972289894, 0.8846685576698036, 0.8875978887558037, 0.8868342067760512, 0.8875379365438203, 0.8862151080299882, 0.8870988245088908, 0.8872788112200242, 0.8867196646859448, 0.8889453960793586, 0.8875679776874034, 0.888506284044429, 0.8880017273884725, 0.8880371308659164, 0.8889208473448189, 0.8898237502244006, 0.8879825409877933, 0.890309120479678, 0.8870196858962281, 0.8874888390747407, 0.8866705672168651, 0.8901291337685446, 0.8885171387873331, 0.8905682458034742, 0.888137978964387, 0.887398845719174, 0.8911273923375536, 0.8881080678959868, 0.8870251783052717, 0.8898399673011653],