{"training_acc": 0.8657698463253848, "validation_acc": 0.7835940841512786, "classes": ["aerobe", "anaerobe", "facultative"], "confusion_matrix": [285, 22, 32, 28, 206, 9, 22, 4, 51], "f1_score": 0.8253949829371902, "training_losses": [0.4796382188796997, 0.4389084577560425, 0.4132562279701233, 0.3958275318145752, 0.3802299499511719, 0.36836740374565125, 0.35816851258277893, 0.35105830430984497, 0.34235990047454834, 0.3364727199077606, 0.3299176096916199, 0.3257502317428589, 0.3208935856819153, 0.317966103553772, 0.3137025237083435, 0.3091282844543457, 0.3052496612071991, 0.30256548523902893, 0.2996136248111725, 0.29663199186325073, 0.2944256365299225, 0.2923840284347534, 0.2906022369861603, 0.2880074679851532, 0.28530240058898926, 0.2849859595298767, 0.2830680310726166, 0.27953439950942993, 0.277189701795578, 0.27500852942466736, 0.2741469740867615, 0.27252209186553955, 0.2704823315143585, 0.2687404751777649, 0.26752540469169617, 0.2660728394985199, 0.2653173804283142, 0.26411715149879456, 0.26246440410614014, 0.2632054090499878, 0.2600487172603607, 0.2596711218357086, 0.2584521174430847, 0.25745758414268494, 0.25674769282341003, 0.25578808784484863, 0.25517335534095764, 0.2552899122238159, 0.25378739833831787, 0.25175741314888, 0.2518128454685211, 0.250762015581131, 0.25022730231285095, 0.24881288409233093, 0.2561587691307068, 0.24779744446277618, 0.2478114813566208, 0.25052696466445923, 0.24547065794467926, 0.24588114023208618, 0.24675703048706055, 0.24313798546791077, 0.24091175198554993, 0.2418258637189865, 0.24175234138965607, 0.24087120592594147, 0.23967434465885162, 0.2387160360813141, 0.23765712976455688, 0.23728081583976746, 0.23813660442829132, 0.23593087494373322, 0.23556315898895264, 0.2354719042778015, 0.23506319522857666, 0.2351776510477066, 0.23459768295288086, 0.2347964644432068, 0.23385486006736755, 0.23411354422569275, 0.2336723804473877, 0.23347322642803192, 0.23406054079532623, 0.2315780073404312, 0.23955389857292175, 0.23484492301940918, 0.23275846242904663, 0.2316438853740692, 0.23197835683822632, 0.23226267099380493, 0.22950732707977295, 0.2295352965593338, 0.24461036920547485, 0.23115193843841553, 0.2302781045436859, 0.2298116385936737, 0.22707217931747437, 0.22696244716644287, 0.2242485135793686, 0.2239437997341156], "validation_losses": [0.15613332390785217, 0.14240872859954834, 0.13246208429336548, 0.12650059163570404, 0.120577372610569, 0.11632872372865677, 0.1129670962691307, 0.11016006022691727, 0.10939615219831467, 0.10560135543346405, 0.1049724593758583, 0.10393232852220535, 0.10222316533327103, 0.10155787318944931, 0.10013773292303085, 0.09865628182888031, 0.09753333777189255, 0.09688877314329147, 0.09624214470386505, 0.09617523849010468, 0.0947660356760025, 0.09428280591964722, 0.09435437619686127, 0.09385161846876144, 0.09382974356412888, 0.0932561382651329, 0.0930216833949089, 0.09263217449188232, 0.09153452515602112, 0.09419002383947372, 0.09163887053728104, 0.09041492640972137, 0.0911121740937233, 0.0903279259800911, 0.09034095704555511, 0.09032956510782242, 0.09026917815208435, 0.09017004817724228, 0.09039433300495148, 0.08893388509750366, 0.08900917321443558, 0.08927612006664276, 0.08931766450405121, 0.08956196159124374, 0.09020649641752243, 0.08956336975097656, 0.08888646215200424, 0.08927199989557266, 0.08923652023077011, 0.09140530973672867, 0.09081863611936569, 0.08889498561620712, 0.08893919736146927, 0.08892939984798431, 0.08808910846710205, 0.09083434194326401, 0.09047209471464157, 0.08757340908050537, 0.09085381031036377, 0.09061498939990997, 0.0884614884853363, 0.08888709545135498, 0.09177457541227341, 0.08847253024578094, 0.08771545439958572, 0.08830811828374863, 0.08749526739120483, 0.08809500932693481, 0.08783308416604996, 0.08772528171539307, 0.08752848207950592, 0.0865708515048027, 0.08686739951372147, 0.08676916360855103, 0.08690858632326126, 0.0870978906750679, 0.08750135451555252, 0.08729314059019089, 0.08717311173677444, 0.08762378245592117, 0.0873648151755333, 0.08757141977548599, 0.08843721449375153, 0.08814147114753723, 0.08816461265087128, 0.08834483474493027, 0.08862344175577164, 0.08866435289382935, 0.08873479068279266, 0.0888686403632164, 0.0907246395945549, 0.09146884083747864, 0.09324271231889725, 0.08582412451505661, 0.08631610125303268, 0.08649780601263046, 0.08638989180326462, 0.08614538609981537, 0.08591458201408386, 0.0859701931476593], "training_accs": [0.6447491269173103, 0.6711125175256826, 0.7012799632290599, 0.7189997588444145, 0.7400277583472219, 0.7563280431833759, 0.7631110531262074, 0.7658353613037785, 0.7720444323096478, 0.7763523862693732, 0.7814472287902331, 0.783603648459224, 0.7884162453492962, 0.7905700118369093, 0.7915501224927827, 0.7937940775665702, 0.7977618466800301, 0.8012170133190096, 0.8039250793271862, 0.8068676434916854, 0.8068702966730633, 0.8095332683881526, 0.8120075803056324, 0.8156514067422215, 0.8161189149236145, 0.8194373105520802, 0.8201257279017794, 0.8218172925707553, 0.8254577217603402, 0.8237218068639036, 0.8277016768341277, 0.8281691850155207, 0.8286825315556273, 0.8296175479184137, 0.8316243516545004, 0.8313905975638037, 0.8322805196335029, 0.8330761118043976, 0.8337288825363959, 0.8343392121566852, 0.8348976529898788, 0.8346638988991822, 0.8365312784433772, 0.8376515573567688, 0.8394246070021588, 0.8400807749811614, 0.8418564778079295, 0.8401258692742486, 0.8416227237172329, 0.8435332884387631, 0.842929009246856, 0.8418564778079295, 0.842512645786932, 0.8443341869724135, 0.8371078705617171, 0.8481598787126036, 0.8481598787126036, 0.8441879682865131, 0.8499814198980848, 0.8488611409846932, 0.8488577437376891, 0.8515692069928696, 0.8519310284843203, 0.8509156921952451, 0.850633446564457, 0.8540954076974451, 0.8528807988852486, 0.8543716028998508, 0.854839111081244, 0.854839111081244, 0.853390748178351, 0.8553066192626372, 0.8546053569905475, 0.853952586258549, 0.8543716028998508, 0.8549334409800488, 0.8539984246172624, 0.8548849494399574, 0.8558199658027439, 0.8542321787079589, 0.8551221007776583, 0.8549334409800488, 0.8552615249695501, 0.8568008205242436, 0.8535241219418609, 0.8538582563597443, 0.8570345746149401, 0.8555862117120473, 0.8576873453469386, 0.8572198371655455, 0.8638843154960439, 0.8631796559769499, 0.8482255425041223, 0.8570823220894052, 0.8606810542329071, 0.8630159419584951, 0.8632462988021875, 0.8626878579689938, 0.864785594356881, 0.8657698463253848],