{"n_classes": 3, "train_acc": 0.46200538310457406, "val_acc": 0.47102986028088006, "test_acc": 0.43699041307078973, "confusion_matrix": [176, 109, 28, 32, 130, 36, 18, 51, 7], "val_accs": [0.44438536870935214, 0.44145594652344305, 0.4315532512681257, 0.43189669155857807, 0.4530795146043895, 0.455532659536192, 0.45975206881889247, 0.4528629035757174, 0.46681245356547096, 0.4591913499773376, 0.44627412342623246, 0.45634837194616834, 0.45260256982785263, 0.45260256982785263, 0.45449699848539155, 0.4603525052450575, 0.45402339132100683, 0.45083697299938524, 0.4590605155809748, 0.47102986028088006, 0.45953412274535954, 0.4616438273867098, 0.4674993341463756, 0.4663368438337949, 0.4590605155809748, 0.4569508109396246, 0.46538962950502544, 0.46117022022232507, 0.46620734448229295, 0.4590605155809748, 0.4632799248636752, 0.4632799248636752, 0.4632799248636752, 0.4619879351995925, 0.4632799248636752, 0.46117022022232507, 0.4632799248636752, 0.4569508109396246, 0.4590605155809748, 0.4590605155809748, 0.46538962950502544, 0.4616438273867098, 0.46117022022232507, 0.4632799248636752, 0.46538962950502544, 0.46117022022232507, 0.46117022022232507, 0.4632799248636752, 0.46960903878772586, 0.4628063176992905, 0.4632799248636752, 0.4628063176992905, 0.46538962950502544, 0.4590605155809748, 0.4590605155809748, 0.46702572698199085, 0.4628063176992905, 0.4632799248636752, 0.46117022022232507, 0.4590605155809748, 0.4590605155809748, 0.4582428006037073, 0.46538962950502544, 0.46117022022232507, 0.4603525052450575, 0.46117022022232507, 0.46620801200472334, 0.4628063176992905, 0.4582428006037073, 0.4590605155809748, 0.46117022022232507, 0.4577691934393225, 0.46117022022232507, 0.45613309596235707, 0.4535497841566221, 0.4598788980806727, 0.4623327105349057, 0.4632799248636752, 0.46117022022232507, 0.46117022022232507, 0.4582428006037073, 0.4577691934393225, 0.45858690841659006, 0.4603525052450575, 0.46198860272202297, 0.4623327105349057, 0.46069661305794024, 0.45565948879797236, 0.46117022022232507, 0.4576396940878206, 0.4649160223406406, 0.45471227446920287, 0.46198860272202297, 0.4628063176992905, 0.45940529091628796, 0.4521289626634679, 0.46198860272202297, 0.45423866730481816, 0.4649160223406406, 0.45294667764073543], "train_accs": [0.4097307364743927, 0.40499709561145664, 0.43066307078177185, 0.43620366715922665, 0.46087822312550086, 0.4594625931878437, 0.46122813821171627, 0.4598825896597169, 0.4621345832965025, 0.46148544340685627, 0.46043972453239074, 0.46335011904792994, 0.4634398374574978, 0.4616551090652925, 0.4552563765759204, 0.46439421270510867, 0.46022161853953786, 0.46491689266580843, 0.4620147953122074, 0.46200538310457406, 0.460852236450969, 0.46116754540668453, 0.464601432491567, 0.4609419548605369, 0.4606451678830365, 0.4563375141895292, 0.462276465987616, 0.45852742116554385, 0.46397911174207424, 0.46022161853953786, 0.46169022536738424, 0.4595363985206307, 0.4584552609070218, 0.4593737072438974, 0.4607441472817118, 0.4577071416187002, 0.4582296703608741, 0.4568600429317031, 0.4590499499077178, 0.45989704859471486, 0.46169022536738424, 0.45968056781914884, 0.4577432217479613, 0.46116769662521034, 0.4628979741284654, 0.4591489293063931, 0.4604195773368887, 0.4599960279933902, 0.46333078446107145, 0.464601432491567, 0.4596085587791526, 0.4635287432584223, 0.46176238562590627, 0.45820285122072074, 0.4577071416187002, 0.4619788664014721, 0.46392547346176743, 0.46166340622723084, 0.46198797617205384, 0.4573825716738771, 0.45830183061939617, 0.46012263914086243, 0.46176238562590627, 0.46176238562590627, 0.45973516992662494, 0.4612037767544713, 0.46425004340659043, 0.46479939128891784, 0.460582268613622, 0.4582296703608741, 0.4613388362824076, 0.46141099654092965, 0.4603566780674742, 0.4580048924233699, 0.46270927632022213, 0.4644034736942162, 0.46201494653073305, 0.46214985484014376, 0.4591489293063931, 0.4613388362824076, 0.45760816222002476, 0.4645024530928916, 0.46268164457142524, 0.4618529166441175, 0.4657731011233872, 0.46201494653073305, 0.4631051939149237, 0.4625826651727498, 0.4613388362824076, 0.46374522403398816, 0.4652590207616773, 0.4617540884639679, 0.46451171408199915, 0.4647004118902424, 0.46327714618076454, 0.46485399339639394, 0.464601432491567, 0.46452942345157083, 0.4643758419454193, 0.4637813041632491], "val_losses": [0.20114870369434357, 0.19759833812713623, 0.19586098194122314, 0.19776493310928345, 0.19659455120563507, 0.1945914328098297, 0.19470682740211487, 0.19547031819820404, 0.19629238545894623, 0.19510920345783234, 0.19434373080730438, 0.19415324926376343, 0.1940813660621643, 0.19414742290973663, 0.1945350617170334, 0.19463026523590088, 0.1940954327583313, 0.19350069761276245, 0.1936223804950714, 0.19514000415802002, 0.19412419199943542, 0.19471260905265808, 0.1935661882162094, 0.19493329524993896, 0.19353589415550232, 0.19319048523902893, 0.19279010593891144, 0.1932307481765747, 0.19376718997955322, 0.19256176054477692, 0.19329296052455902, 0.193504199385643, 0.19358469545841217, 0.19338251650333405, 0.19324277341365814, 0.1933891922235489, 0.19371722638607025, 0.1926136016845703, 0.1929481029510498, 0.192658931016922, 0.1932198405265808, 0.19351498782634735, 0.19348874688148499, 0.19313308596611023, 0.19289201498031616, 0.19335709512233734, 0.19330936670303345, 0.19359001517295837, 0.1928255259990692, 0.19323544204235077, 0.19341078400611877, 0.19341130554676056, 0.193373903632164, 0.19374245405197144, 0.19324266910552979, 0.1931622177362442, 0.1927758902311325, 0.19254080951213837, 0.19301854074001312, 0.19351111352443695, 0.19342964887619019, 0.19268649816513062, 0.193672776222229, 0.19327771663665771, 0.19255615770816803, 0.19319786131381989, 0.19240722060203552, 0.1927121877670288, 0.19261395931243896, 0.1936204433441162, 0.19306962192058563, 0.19299988448619843, 0.1934337317943573, 0.19303706288337708, 0.19236518442630768, 0.19286178052425385, 0.19252638518810272, 0.19370633363723755, 0.1943933218717575, 0.19300025701522827, 0.1932707130908966, 0.1926572471857071, 0.1927960067987442, 0.19292573630809784, 0.19254504144191742, 0.19271667301654816, 0.19323334097862244, 0.19295671582221985, 0.19280457496643066, 0.19291026890277863, 0.1928761750459671, 0.19209763407707214, 0.19217529892921448, 0.1926354169845581, 0.19236765801906586, 0.19251197576522827, 0.1923278123140335, 0.19256708025932312, 0.1935693919658661, 0.19268715381622314],