{"n_classes": 3, "train_acc": 0.4243521259927095, "val_acc": 0.4136983612991856, "test_acc": 0.417927948279386, "confusion_matrix": [247, 66, 0, 106, 92, 0, 50, 26, 0], "val_accs": null, "train_accs": null, "val_losses": null, "train_losses": null}