{"training_acc": 0.8390724676134976, "validation_acc": 0.7257483766824966, "classes": ["aerobe", "anaerobe", "facultative"], "confusion_matrix": [295, 18, 26, 30, 204, 9, 31, 10, 36], "f1_score": 0.8102698674471104, "n_iter": 3803, "converged": true, "C": 100, "penalty": "l2", "max_iter": 100000, "feature_type": "cds_4mer", "model_class": "logistic", "binary": 0}