{"training_acc": 0.6971899269006648, "validation_acc": 0.6789062449501649, "classes": ["aerobe", "anaerobe", "facultative"], "confusion_matrix": [293, 26, 20, 32, 206, 5, 40, 12, 25], "f1_score": 0.7861471016024836, "n_iter": 2317, "converged": true, "C": 100, "penalty": "l2", "max_iter": 100000, "feature_type": "cds_3mer", "model_class": "logistic", "binary": 0}