{"training_acc": 0.7074807837862754, "validation_acc": 0.6570166315859657, "classes": ["aerobe", "anaerobe", "facultative"], "confusion_matrix": [302, 21, 14, 32, 194, 10, 45, 20, 22], "f1_score": 0.7689072131589975, "n_iter": 1314, "converged": true, "C": 100, "penalty": "l2", "max_iter": 100000, "feature_type": "cds_3mer", "model_class": "logistic", "binary": 0}