{"training_acc": 0.5324657434386996, "validation_acc": 0.5364408128548176, "classes": ["aerobe", "anaerobe", "facultative"], "confusion_matrix": [194, 74, 69, 35, 149, 52, 24, 28, 35], "f1_score": 0.5925647651457309, "training_losses": [0.6241236329078674, 0.6170874238014221, 0.6126306653022766, 0.6090774536132812, 0.606085479259491, 0.6035357713699341, 0.6013151407241821, 0.5993704199790955, 0.5976600050926208, 0.5961193442344666, 0.594729483127594, 0.5934387445449829, 0.5922702550888062, 0.5911749601364136, 0.590170681476593, 0.5892317891120911, 0.5883636474609375, 0.5875492691993713, 0.586813747882843, 0.5861177444458008, 0.58544921875, 0.5848580002784729, 0.5843044519424438, 0.5838228464126587, 0.5833687782287598, 0.5829356908798218, 0.5825578570365906, 0.582211971282959, 0.5818869471549988, 0.5815903544425964, 0.5813198685646057, 0.5810679793357849, 0.580845296382904, 0.5806376934051514, 0.5804475545883179, 0.5802702903747559, 0.5801055431365967, 0.5799676179885864, 0.5798386931419373, 0.5796791911125183, 0.5795589089393616, 0.5794468522071838, 0.5793489217758179, 0.5792624950408936, 0.5791794061660767, 0.579105019569397, 0.5790377259254456, 0.5789785981178284, 0.5789191722869873, 0.578862726688385, 0.5788100957870483, 0.5787602663040161, 0.5787210464477539, 0.5786854028701782, 0.5786533355712891, 0.5786189436912537, 0.5786089301109314, 0.578575074672699, 0.5785427093505859, 0.5785201191902161, 0.5784972310066223, 0.5784835815429688, 0.5784667730331421, 0.5784567594528198, 0.5784420967102051, 0.5784247517585754, 0.5784146785736084, 0.578404426574707, 0.5784046053886414, 0.5783928036689758, 0.5783787369728088, 0.5783672332763672, 0.5783596038818359, 0.5783548355102539, 0.5783456563949585, 0.5783384442329407, 0.5783330202102661, 0.5783261060714722, 0.5783305168151855, 0.5783213376998901, 0.5783113241195679, 0.5783045887947083, 0.5782994627952576, 0.5782968997955322, 0.5782946944236755, 0.5782891511917114, 0.5782840251922607, 0.5782884359359741, 0.5782814025878906, 0.5782719254493713, 0.5782665610313416, 0.5782601237297058, 0.5782594680786133, 0.5782572031021118, 0.5782554149627686, 0.5782541632652283, 0.5782453417778015, 0.5782448053359985, 0.578241765499115, 0.5782374143600464], "validation_losses": [0.19753818213939667, 0.19387708604335785, 0.19267605245113373, 0.19166556000709534, 0.19078612327575684, 0.19004042446613312, 0.18936944007873535, 0.1887625902891159, 0.1882307231426239, 0.18771794438362122, 0.1872498095035553, 0.18678365647792816, 0.1864052712917328, 0.1859251856803894, 0.18565399944782257, 0.18518809974193573, 0.18500249087810516, 0.18461982905864716, 0.1844472736120224, 0.18400700390338898, 0.18391095101833344, 0.18371900916099548, 0.18340837955474854, 0.1832965612411499, 0.18333499133586884, 0.18301554024219513, 0.18283389508724213, 0.18271473050117493, 0.18259099125862122, 0.18249589204788208, 0.18244841694831848, 0.18232093751430511, 0.1822407990694046, 0.18216334283351898, 0.1821068674325943, 0.18204224109649658, 0.18200597167015076, 0.18191882967948914, 0.18259106576442719, 0.1818757951259613, 0.18191704154014587, 0.18177443742752075, 0.18176278471946716, 0.18169410526752472, 0.18177658319473267, 0.18165016174316406, 0.1816577911376953, 0.18161162734031677, 0.1816537231206894, 0.18157683312892914, 0.1816370040178299, 0.18154408037662506, 0.181559756398201, 0.18152442574501038, 0.18164566159248352, 0.18151986598968506, 0.1814785599708557, 0.18197397887706757, 0.18152379989624023, 0.18159812688827515, 0.1814633160829544, 0.18148097395896912, 0.1815035045146942, 0.18146538734436035, 0.18160521984100342, 0.18150319159030914, 0.18143609166145325, 0.18151462078094482, 0.18140500783920288, 0.18188561499118805, 0.18148402869701385, 0.1815120130777359, 0.18143413960933685, 0.1814291626214981, 0.18148264288902283, 0.1814311295747757, 0.18142671883106232, 0.1814478188753128, 0.1814032942056656, 0.18173083662986755, 0.18148593604564667, 0.18149541318416595, 0.1814202517271042, 0.18140028417110443, 0.1815047562122345, 0.18139071762561798, 0.18146702647209167, 0.1813819855451584, 0.18183809518814087, 0.18148496747016907, 0.18148484826087952, 0.1814229041337967, 0.18140321969985962, 0.18150287866592407, 0.18137656152248383, 0.18154969811439514, 0.18139219284057617, 0.18142664432525635, 0.1814649999141693, 0.18142665922641754], "training_accs": [0.44720129666759395, 0.4623851470442095, 0.47079928679988753, 0.4867822786469363, 0.4980277406388754, 0.5031826730431065, 0.5082230633572312, 0.5096195380746824, 0.508874912420426, 0.5139944413472133, 0.5112124026684514, 0.5144799976909104, 0.5137245172937498, 0.5128408008148472, 0.5125407796045638, 0.5152901239794305, 0.5201805687260049, 0.5201396728395177, 0.5192559563606151, 0.518800497173738, 0.521718973516834, 0.5219780988406302, 0.5237946292675147, 0.524312879915107, 0.5245065606178761, 0.5256739511551145, 0.5247002413206452, 0.526775897071326, 0.5263613337709362, 0.5257121938812899, 0.5275287243081745, 0.5272041543633514, 0.5273732863315809, 0.5279569816002, 0.5279569816002, 0.5288652468136424, 0.530681777240527, 0.530357207295704, 0.5300326373508808, 0.5297080674060578, 0.5292935041056679, 0.5292035107501012, 0.5296972126631537, 0.530605477876596, 0.5302809079317728, 0.5325665915371703, 0.5334748567506127, 0.5334748567506127, 0.5331502868057895, 0.5331502868057895, 0.5328257168609665, 0.5328257168609665, 0.5328257168609665, 0.5328257168609665, 0.5328257168609665, 0.5328257168609665, 0.5328257168609665, 0.5327357235053997, 0.5327357235053997, 0.5327357235053997, 0.5327357235053997, 0.5332048766839125, 0.5332048766839125, 0.5332048766839125, 0.5332048766839125, 0.5332048766839125, 0.5332048766839125, 0.5332048766839125, 0.5335294466287356, 0.5341131418973547, 0.5334394532731689, 0.533764023217992, 0.533764023217992, 0.533764023217992, 0.533764023217992, 0.533764023217992, 0.533764023217992, 0.5334394532731689, 0.5331148833283458, 0.5327903133835227, 0.5327903133835227, 0.5327903133835227, 0.5327903133835227, 0.5327903133835227, 0.5324657434386996, 0.5324657434386996, 0.5324657434386996, 0.5324657434386996, 0.5324657434386996, 0.5324657434386996, 0.5324657434386996, 0.5324657434386996, 0.5324657434386996, 0.5324657434386996, 0.5324657434386996, 0.5324657434386996, 0.5324657434386996, 0.5324657434386996, 0.5324657434386996, 0.5324657434386996],