{"n_classes": 3, "train_acc": 0.6118444522253249, "val_acc": 0.625715500605109, "test_acc": 0.6138972257183121, "confusion_matrix": [284, 29, 0, 13, 185, 0, 46, 30, 0], "val_accs": null, "train_accs": null, "val_losses": null, "train_losses": null}