{"training_acc": 0.8713566503345554, "validation_acc": 0.8344620146631742, "classes": ["aerobe", "anaerobe", "facultative"], "confusion_matrix": [303, 3, 31, 16, 205, 15, 16, 7, 64], "f1_score": 0.8711744833961609, "training_losses": [0.34675267338752747, 0.3217189908027649, 0.3082717955112457, 0.29996010661125183, 0.2941042184829712, 0.2887337803840637, 0.2855847477912903, 0.2823541760444641, 0.2798459529876709, 0.2769010066986084, 0.2748745381832123, 0.27301329374313354, 0.27140289545059204, 0.2693842649459839, 0.26779523491859436, 0.26667889952659607, 0.26483121514320374, 0.26350098848342896, 0.26187458634376526, 0.26068055629730225, 0.2593136727809906, 0.2579030692577362, 0.2566894292831421, 0.2551780939102173, 0.25405851006507874, 0.25282758474349976, 0.25172966718673706, 0.2504231333732605, 0.24941343069076538, 0.24807916581630707, 0.2472558468580246, 0.24618370831012726, 0.24539552628993988, 0.24431011080741882, 0.24367915093898773, 0.24282293021678925, 0.24208799004554749, 0.2407265603542328, 0.23990373313426971, 0.23955394327640533, 0.2381715625524521, 0.23718218505382538, 0.23602358996868134, 0.23621416091918945, 0.234139084815979, 0.2337636947631836, 0.23277415335178375, 0.23229925334453583, 0.23022514581680298, 0.2303968071937561, 0.22983722388744354, 0.22911112010478973, 0.22842203080654144, 0.22756102681159973, 0.22628773748874664, 0.22654561698436737, 0.2247999906539917, 0.2255057990550995, 0.223518967628479, 0.22430412471294403, 0.223090261220932, 0.22311873733997345, 0.2212693840265274, 0.2217864841222763, 0.2202044129371643, 0.22163090109825134, 0.21895819902420044, 0.21892888844013214, 0.21664713323116302, 0.21858587861061096, 0.21681377291679382, 0.21759967505931854, 0.21564850211143494, 0.21626725792884827, 0.21456630527973175, 0.21635524928569794, 0.21393294632434845, 0.2144179344177246, 0.21170632541179657, 0.21453329920768738, 0.21100904047489166, 0.21248175203800201, 0.2103358656167984, 0.2115698903799057, 0.20914939045906067, 0.212407186627388, 0.2095283567905426, 0.21063745021820068, 0.20785772800445557, 0.2090061604976654, 0.2067984789609909, 0.20815406739711761, 0.20781007409095764, 0.2095685750246048, 0.20567287504673004, 0.20907308161258698, 0.20501969754695892, 0.20849870145320892, 0.20389717817306519, 0.2073199599981308], "validation_losses": [0.0919581726193428, 0.08556558191776276, 0.08329808712005615, 0.08150558918714523, 0.0805528536438942, 0.07969186455011368, 0.07943116873502731, 0.07893893867731094, 0.07845812290906906, 0.07802248001098633, 0.07781177759170532, 0.07772207260131836, 0.07749485224485397, 0.07711059600114822, 0.0768727958202362, 0.07693655043840408, 0.07662888616323471, 0.07651954144239426, 0.07629566639661789, 0.07604435086250305, 0.07603023946285248, 0.07598046213388443, 0.0755939781665802, 0.07523445039987564, 0.07560813426971436, 0.07514790445566177, 0.07503243535757065, 0.0749170258641243, 0.07461460679769516, 0.07462470233440399, 0.07442566752433777, 0.0742713063955307, 0.07429216057062149, 0.07415015995502472, 0.07403183728456497, 0.07421332597732544, 0.07392068952322006, 0.07376395910978317, 0.07370764017105103, 0.07377789169549942, 0.07338076829910278, 0.07362151890993118, 0.07338473945856094, 0.07340914756059647, 0.07329139113426208, 0.07320860028266907, 0.07323408126831055, 0.0729006677865982, 0.07301284372806549, 0.07294397801160812, 0.07276622205972672, 0.07252566516399384, 0.0725560262799263, 0.07249507308006287, 0.07240579277276993, 0.07260188460350037, 0.0724191814661026, 0.07236488908529282, 0.07238397002220154, 0.07208231836557388, 0.07219606637954712, 0.07180195301771164, 0.07187867909669876, 0.07194051891565323, 0.0718434751033783, 0.07185040414333344, 0.07170946896076202, 0.07175300270318985, 0.0716434121131897, 0.07169883698225021, 0.07145464420318604, 0.07140064984560013, 0.07120636850595474, 0.07140593975782394, 0.07101298123598099, 0.07126102596521378, 0.07132238894701004, 0.07071851193904877, 0.07090580463409424, 0.0708911195397377, 0.07116736471652985, 0.07056817412376404, 0.07060807943344116, 0.07065103203058243, 0.0706867128610611, 0.07096168398857117, 0.07055369764566422, 0.07034651935100555, 0.07056257128715515, 0.07033611834049225, 0.07048069685697556, 0.0702633410692215, 0.07007962465286255, 0.0702337771654129, 0.07035325467586517, 0.07003912329673767, 0.07047050446271896, 0.07012908160686493, 0.07014787197113037, 0.06987784802913666], "training_accs": [0.7486206691849929, 0.777504521089489, 0.7961281545847244, 0.8034903778914265, 0.8074488985571473, 0.8092654289840319, 0.8143938586734688, 0.8148060684498207, 0.8163881872498885, 0.8208750489501858, 0.8214033899847624, 0.8239826730730401, 0.8255941731669325, 0.8271762919670005, 0.8265913374551425, 0.8287584107670685, 0.8290817214686527, 0.8303132973836792, 0.828407867882027, 0.8305204768270387, 0.8307821206373126, 0.8320136965523393, 0.8327785983240995, 0.8325169545138257, 0.8326603179555075, 0.833425219727268, 0.8368238689542208, 0.83632781351713, 0.8362389144423625, 0.836885535845531, 0.8381171117605574, 0.8402569528890265, 0.8389092457157751, 0.8403458519637939, 0.8419573520576863, 0.8431000288979452, 0.8451509709516468, 0.8442427057382044, 0.8461481352398565, 0.8446821476980132, 0.8457086932800477, 0.8462936477919056, 0.8479940469605656, 0.8489023121740079, 0.8498994764622179, 0.8501338880890345, 0.851365464004061, 0.8501338880890345, 0.8525081408443201, 0.8515109765561103, 0.853093095356178, 0.8521848301427358, 0.8534164060577624, 0.8543246712712048, 0.854793494524838, 0.8551440374098794, 0.8558795578878154, 0.8546479819727889, 0.8573727776131159, 0.8554673481114637, 0.8564645123996736, 0.856933335653307, 0.858253810643101, 0.8596581312936339, 0.8588115329715019, 0.8597197981849444, 0.8590459445983186, 0.8603936517715699, 0.8608624750252032, 0.8617707402386455, 0.8620051518654623, 0.8630023161536721, 0.86109688665202, 0.86458443495374, 0.8635600384820731, 0.8638216822923469, 0.8641449929939311, 0.8663120663058571, 0.8653765689089578, 0.8660504224955834, 0.8687479859524533, 0.865142157282141, 0.8681013645492848, 0.8677780538477005, 0.8687479859524533, 0.8662848341224, 0.8666081448239842, 0.8663465010137105, 0.8693946073556216, 0.868866266321045, 0.870448385121113, 0.8694512208329033, 0.8689551653958126, 0.8689823975792699, 0.8720032717377239, 0.8693057082808541, 0.8707716958226972, 0.8692168092060865, 0.8740542137914251, 0.8713566503345554],