{"n_classes": 2, "train_acc": 0.9473670546535402, "val_acc": 0.8833340205335423, "test_acc": 0.8855911298070681, "confusion_matrix": [170, 28, 34, 355], "val_accs": null, "train_accs": null, "val_losses": null, "train_losses": null}