{"n_classes": 3, "train_acc": 0.6874440050400676, "val_acc": 0.7265440961979924, "test_acc": 0.6887449688862167, "confusion_matrix": [270, 16, 27, 12, 181, 5, 24, 30, 22], "val_accs": [0.6377626116681586, 0.646200762711129, 0.6453830477338615, 0.6774995544287777, 0.6865434820773566, 0.6941645856654898, 0.6975656124484924, 0.6857271021449498, 0.6941645856654898, 0.702259296418008, 0.6930047654426308, 0.7014422489631708, 0.7066102076195016, 0.7108289493797715, 0.7053182179554188, 0.7134129287079368, 0.7091941869476669, 0.7036834555233141, 0.7108289493797715, 0.7108289493797715, 0.7134129287079368, 0.7134129287079368, 0.7121209390438542, 0.7159969080361023, 0.7104861766117496, 0.7189236601322896, 0.7079021972835843, 0.7049754451873969, 0.7036834555233141, 0.7091941869476669, 0.7049754451873969, 0.7079021972835843, 0.7104861766117496, 0.7036834555233141, 0.7036834555233141, 0.7023914658592315, 0.7062674348514796, 0.7147049183720195, 0.7104861766117496, 0.7104861766117496, 0.7049754451873969, 0.7159969080361023, 0.7172888977001849, 0.7159969080361023, 0.7091941869476669, 0.7104861766117496, 0.7134129287079368, 0.7079021972835843, 0.7231424018925595, 0.7147049183720195, 0.7159969080361023, 0.7062674348514796, 0.7036834555233141, 0.7189236601322896, 0.7189236601322896, 0.7036834555233141, 0.7036834555233141, 0.7172888977001849, 0.725726381220725, 0.7010994761951488, 0.7159969080361023, 0.7159969080361023, 0.7049754451873969, 0.7036834555233141, 0.7147049183720195, 0.7134129287079368, 0.7134129287079368, 0.7023914658592315, 0.725726381220725, 0.7053182179554188, 0.7079021972835843, 0.7010994761951488, 0.7168146230133697, 0.7113038915890172, 0.7079021972835843, 0.7057931601646644, 0.7181066126774525, 0.7210333647736399, 0.7265440961979924, 0.7142306436852044, 0.7100119019249345, 0.7236173441018052, 0.7210333647736399, 0.7193986023415352, 0.7057931601646644, 0.7142306436852044, 0.7155226333492871, 0.7168146230133697, 0.7125958812530998, 0.7125958812530998, 0.7100119019249345, 0.7223253544377225, 0.7057931601646644, 0.7100119019249345, 0.7138878709171825, 0.7022599639404383, 0.7155226333492871, 0.7125958812530998, 0.7138878709171825, 0.7125958812530998], "train_accs": [0.618043942851067, 0.6217913624558523, 0.6282182368656133, 0.6347721959354019, 0.6406781668202757, 0.6458160224398516, 0.6507458456643259, 0.655299085880957, 0.6550442383687254, 0.6592343906853421, 0.656022011246412, 0.6598591492607653, 0.665052268377935, 0.6656376963895233, 0.6634294186538194, 0.6661602251316971, 0.6644039410969321, 0.667000500655517, 0.6707102149137545, 0.6710347848585775, 0.6705130687250471, 0.6705130687250471, 0.6705130687250471, 0.6709013505479281, 0.6657022208762245, 0.6765584844751041, 0.6711622086146933, 0.6719387722604552, 0.6746687661296896, 0.6714867785595166, 0.6734341982284552, 0.6723967765159279, 0.6696667826466935, 0.6768133319873356, 0.6768133319873356, 0.6825978896706276, 0.6705070581705134, 0.6822096078477465, 0.672721346460751, 0.6730459164055742, 0.6736950562952204, 0.6778567642543966, 0.6751904822632202, 0.6794159021004544, 0.672785058338809, 0.6808416056358625, 0.6818850379029234, 0.6801287538681584, 0.6849396017169811, 0.6807778937578046, 0.6793814471884803, 0.6765524739205704, 0.6818153154703319, 0.6861741696182156, 0.6846150317721579, 0.6773290375663324, 0.6782390355227439, 0.6782105911653035, 0.6856524534846851, 0.6832125746482998, 0.6830851508921839, 0.6843197187934186, 0.6802217227123002, 0.6826271466367114, 0.6826271466367114, 0.6878959987410065, 0.6859425685175341, 0.6850325705611228, 0.6881568568077717, 0.6882842805638875, 0.6850325705611228, 0.682041718625123, 0.6839951488485955, 0.685617998572711, 0.6851660048717721, 0.6875017063635918, 0.6867251427178297, 0.6884814267525948, 0.6874440050400676, 0.6885451386306527, 0.6867888545958877, 0.6865977189617141, 0.6884814267525948, 0.6861397147062415, 0.685681710450769, 0.6879597106190642, 0.6904288464215335, 0.6878959987410065, 0.6893217022764148, 0.6887362742648264, 0.6865917084071803, 0.689130566642241, 0.6876928419977654, 0.6862034265842993, 0.6846382781837078, 0.6897159946538295, 0.689130566642241, 0.6897797065318872, 0.6865279965291223, 0.690295412110884], "val_losses": [0.14995186030864716, 0.1338251531124115, 0.12745992839336395, 0.12682153284549713, 0.123616524040699, 0.12254501134157181, 0.1226796880364418, 0.11911505460739136, 0.12151533365249634, 0.12287834286689758, 0.11395277082920074, 0.11718049645423889, 0.11691800504922867, 0.11868022382259369, 0.11861864477396011, 0.11816234886646271, 0.11689900606870651, 0.11576155573129654, 0.11884397268295288, 0.11943624913692474, 0.11625245958566666, 0.11715099960565567, 0.11640086770057678, 0.11535520851612091, 0.11382252722978592, 0.11800190061330795, 0.11637937277555466, 0.11512422561645508, 0.11532162129878998, 0.1148618534207344, 0.11509819328784943, 0.11488956958055496, 0.1138913705945015, 0.1151169091463089, 0.1158706396818161, 0.11597245931625366, 0.11227241158485413, 0.11642544716596603, 0.11347423493862152, 0.11380643397569656, 0.11284638941287994, 0.11474683880805969, 0.11431704461574554, 0.11418909579515457, 0.11154135316610336, 0.11414401233196259, 0.11351960152387619, 0.1137906089425087, 0.1161474734544754, 0.11305715143680573, 0.1126197874546051, 0.11419147253036499, 0.11360054463148117, 0.11637995392084122, 0.11480474472045898, 0.11365531384944916, 0.11297401785850525, 0.11149370670318604, 0.11419203132390976, 0.11253613978624344, 0.11209668964147568, 0.11268739402294159, 0.11121143400669098, 0.11116805672645569, 0.11257670819759369, 0.11254933476448059, 0.11295948922634125, 0.11235209554433823, 0.1147669106721878, 0.11240184307098389, 0.11278147995471954, 0.1120108887553215, 0.11212252080440521, 0.11290427297353745, 0.11402081698179245, 0.11164839565753937, 0.11208922415971756, 0.11348295211791992, 0.1149204894900322, 0.11289361864328384, 0.11187383532524109, 0.11338529735803604, 0.11202450841665268, 0.11121892929077148, 0.11184392869472504, 0.11319416016340256, 0.11204000562429428, 0.11251450330018997, 0.11120829731225967, 0.11091641336679459, 0.11208216100931168, 0.11313433945178986, 0.11069601774215698, 0.11297353357076645, 0.11018074303865433, 0.1143542230129242, 0.11282919347286224, 0.11177746951580048, 0.11106213927268982, 0.11122942715883255],