{"training_acc": 0.8570352021024782, "validation_acc": 0.7910351225165302, "classes": ["aerobe", "anaerobe", "facultative"], "confusion_matrix": [275, 16, 46, 16, 202, 18, 12, 14, 61], "f1_score": 0.8233362249429466, "training_losses": [0.4899379312992096, 0.4464779198169708, 0.4204651117324829, 0.4015502333641052, 0.38737213611602783, 0.3767443299293518, 0.36817455291748047, 0.3604961633682251, 0.35420599579811096, 0.34883156418800354, 0.3440084755420685, 0.33966293931007385, 0.3357524275779724, 0.3318959176540375, 0.32843920588493347, 0.32504957914352417, 0.32256048917770386, 0.3193553388118744, 0.3163659870624542, 0.31368860602378845, 0.31108182668685913, 0.30893629789352417, 0.3062084913253784, 0.3043438792228699, 0.30177608132362366, 0.2997244894504547, 0.2969997227191925, 0.29549628496170044, 0.2932213842868805, 0.2912660539150238, 0.28988099098205566, 0.2885453701019287, 0.286179780960083, 0.2848440110683441, 0.2828651964664459, 0.2814694941043854, 0.2799672484397888, 0.2787056267261505, 0.2768136262893677, 0.27595967054367065, 0.27460700273513794, 0.2732049524784088, 0.27190202474594116, 0.2704314887523651, 0.26991066336631775, 0.2689107656478882, 0.26755034923553467, 0.2663991153240204, 0.2656947374343872, 0.26500067114830017, 0.26371312141418457, 0.26254522800445557, 0.26188424229621887, 0.26074764132499695, 0.2597031891345978, 0.259016752243042, 0.2585395872592926, 0.2573169469833374, 0.2572585940361023, 0.25597378611564636, 0.25556880235671997, 0.25487080216407776, 0.2543310225009918, 0.25367307662963867, 0.2532518208026886, 0.2522937059402466, 0.2519271969795227, 0.25122931599617004, 0.25057893991470337, 0.24978524446487427, 0.2497444748878479, 0.24877502024173737, 0.24911227822303772, 0.24826198816299438, 0.24756911396980286, 0.247205913066864, 0.24685239791870117, 0.24646994471549988, 0.24580052495002747, 0.24605903029441833, 0.24540726840496063, 0.24436888098716736, 0.24405401945114136, 0.24378705024719238, 0.24312220513820648, 0.242548406124115, 0.24222329258918762, 0.24201752245426178, 0.2416856437921524, 0.2414259910583496, 0.2412557601928711, 0.24069392681121826, 0.24093912541866302, 0.24021053314208984, 0.2394721508026123, 0.23949562013149261, 0.23915815353393555, 0.239390566945076, 0.23867903649806976, 0.23837992548942566], "validation_losses": [0.16610769927501678, 0.15145151317119598, 0.14283938705921173, 0.1366671472787857, 0.13206318020820618, 0.1287160962820053, 0.12617887556552887, 0.1238933652639389, 0.12205518037080765, 0.12053711712360382, 0.1191774383187294, 0.1179012656211853, 0.11686002463102341, 0.11578298360109329, 0.1150815486907959, 0.11439860612154007, 0.113861083984375, 0.1130196675658226, 0.11241177469491959, 0.11174646019935608, 0.11115622520446777, 0.11064174771308899, 0.11001895368099213, 0.10980556160211563, 0.10900349169969559, 0.10860692709684372, 0.10795561969280243, 0.10768584161996841, 0.10745232552289963, 0.1068909764289856, 0.10659080743789673, 0.10638550668954849, 0.10595452785491943, 0.10560964047908783, 0.1053423210978508, 0.10499631613492966, 0.10498273372650146, 0.10456666350364685, 0.10433494299650192, 0.1041201576590538, 0.10399855673313141, 0.10387475788593292, 0.1036442294716835, 0.10335011035203934, 0.10342452675104141, 0.10337892919778824, 0.10307314246892929, 0.10292275249958038, 0.10262750089168549, 0.10255402326583862, 0.10237570106983185, 0.10207000374794006, 0.10195301473140717, 0.10184541344642639, 0.10186973959207535, 0.10149431228637695, 0.10135354101657867, 0.10143415629863739, 0.10127552598714828, 0.10113300383090973, 0.10110598802566528, 0.10087263584136963, 0.10078859329223633, 0.1008007600903511, 0.10062810778617859, 0.10040158033370972, 0.10066775977611542, 0.10016459226608276, 0.10014762729406357, 0.10007601976394653, 0.0998932421207428, 0.09999566525220871, 0.09997425228357315, 0.09990864992141724, 0.0997682735323906, 0.09975989162921906, 0.09964963048696518, 0.09954533725976944, 0.09942775964736938, 0.09964586794376373, 0.09942957013845444, 0.09925813972949982, 0.09940440207719803, 0.09925468266010284, 0.09916504472494125, 0.0989961326122284, 0.09932886809110641, 0.09911724925041199, 0.09911029785871506, 0.09913961589336395, 0.0990574061870575, 0.09898045659065247, 0.09912654012441635, 0.09907612204551697, 0.09892738610506058, 0.09889253228902817, 0.09902960807085037, 0.09907595068216324, 0.09893164038658142, 0.09906713664531708], "training_accs": [0.6334899520897025, 0.6858791498058086, 0.7117773548885692, 0.7261751284228452, 0.7385761246687371, 0.752161174174685, 0.7619602482317651, 0.7673890207259845, 0.7722550468132022, 0.7792692429427891, 0.7848682790208024, 0.7877683298837761, 0.7914949839660341, 0.7936354534923682, 0.7957466427956756, 0.7976825768763365, 0.799294571857548, 0.799120077555458, 0.8003522818683497, 0.8010001600672484, 0.8013240991666977, 0.8034645686930316, 0.8080694468451487, 0.8079542739096685, 0.8108285143473549, 0.8117367795607974, 0.81220593273931, 0.8116216066253171, 0.8121801223140227, 0.813468178195785, 0.81435063298394, 0.81435063298394, 0.8171054697678501, 0.8178985620458122, 0.8197150924726969, 0.8178985620458122, 0.8188961897694474, 0.8208621649936916, 0.8226193740539665, 0.8223289458958395, 0.8241454763227242, 0.8267550990275709, 0.8272242522060838, 0.8313264662383658, 0.829479894667898, 0.8307120989807896, 0.8305075635351163, 0.8346991400775913, 0.8352876969098803, 0.834963757810431, 0.8375733805152777, 0.8412064413690471, 0.8420253440722965, 0.8399742370561554, 0.8416455534039766, 0.8443110276776938, 0.8405327527448612, 0.8443110276776938, 0.8434027624642515, 0.8455432319905855, 0.8457778085798419, 0.843927767211635, 0.8484432828535593, 0.8463028133272253, 0.8461575992481617, 0.8482980687744958, 0.8479741296750465, 0.8463028133272253, 0.8505837523798933, 0.8506396039487637, 0.8507289664589567, 0.8514026550831426, 0.8513132925729496, 0.8510228644148228, 0.8514920175933356, 0.8516372316723989, 0.8515813801035285, 0.8520505332820413, 0.8518159566927848, 0.8518159566927848, 0.8525196864605539, 0.8511122269250156, 0.8515813801035285, 0.8520505332820413, 0.8518159566927848, 0.8520505332820413, 0.8523744723814906, 0.8522851098712976, 0.8518159566927848, 0.8522851098712976, 0.8529587984954835, 0.8531933750847399, 0.8548947325761443, 0.8549840950863373, 0.8552745232444642, 0.8567413041466122, 0.8552186716755936, 0.8569200291669982, 0.8563615134782924, 0.8570352021024782],