{"training_acc": 0.5157819641191868, "validation_acc": 0.5134473451299296, "classes": ["aerobe", "anaerobe", "facultative"], "confusion_matrix": [279, 57, 1, 75, 160, 1, 57, 27, 3], "f1_score": 0.6278873365132375, "n_iter": 408, "converged": true, "C": 100, "penalty": "l2", "max_iter": 100000, "feature_type": "nt_2mer", "model_class": "logistic", "binary": 0}