{"training_acc": 0.9499099400091421, "validation_acc": 0.7786491107076011, "classes": ["aerobe", "anaerobe", "facultative"], "confusion_matrix": [301, 14, 22, 15, 213, 8, 24, 16, 47], "f1_score": 0.8476049895342593, "training_losses": [0.35564497113227844, 0.33309975266456604, 0.2605324983596802, 0.21978868544101715, 0.21380110085010529, 0.19875697791576385, 0.30537843704223633, 0.18724443018436432, 0.2123107761144638, 0.22391612827777863, 0.23209010064601898, 0.18457062542438507, 0.17334522306919098, 0.17138265073299408, 0.2148735672235489, 0.20697630941867828, 0.20860642194747925, 0.14063423871994019, 0.18721874058246613, 0.16926607489585876, 0.11078890413045883, 0.15839248895645142, 0.14775221049785614, 0.13014602661132812, 0.16202762722969055, 0.16966281831264496, 0.2029777467250824, 0.19483402371406555, 0.15818187594413757, 0.2139120101928711, 0.14304432272911072, 0.15256500244140625, 0.14919887483119965, 0.14638511836528778, 0.11246559023857117, 0.10335245728492737, 0.12791921198368073, 0.1316339671611786, 0.13750150799751282, 0.16023482382297516, 0.125389963388443, 0.10186375677585602, 0.10196761786937714, 0.13032323122024536, 0.08825338631868362, 0.07994487881660461, 0.10762408375740051, 0.1243453249335289, 0.1569104641675949, 0.11512922495603561, 0.08654704689979553, 0.09214365482330322, 0.21403206884860992, 0.11474253237247467, 0.17220982909202576, 0.0806085467338562, 0.09663418680429459, 0.07354414463043213, 0.07422802597284317, 0.12347547709941864, 0.0898997113108635, 0.0833246186375618, 0.11151248961687088, 0.12752467393875122, 0.19147461652755737, 0.16108328104019165, 0.07219824939966202, 0.1024710163474083, 0.19474206864833832, 0.13858135044574738, 0.08170317113399506, 0.07260758429765701, 0.08664543926715851, 0.16259515285491943, 0.08028654009103775, 0.06627398729324341, 0.05524376407265663, 0.09582008421421051, 0.07850892841815948, 0.09371873736381531, 0.07127227634191513, 0.13611453771591187, 0.09634042531251907, 0.07800625264644623, 0.06732431054115295, 0.08466853201389313, 0.10298915207386017, 0.08183964341878891, 0.07187387347221375, 0.08659402281045914, 0.07934343814849854, 0.11500803381204605, 0.09935465455055237, 0.11146708577871323, 0.0921366885304451, 0.07863632589578629, 0.12160602957010269, 0.10398628562688828, 0.18772533535957336, 0.07699299603700638], "validation_losses": [0.10241913795471191, 0.12483806908130646, 0.08176340162754059, 0.0867101177573204, 0.0821245014667511, 0.08141333609819412, 0.11438064277172089, 0.07985860854387283, 0.08091805130243301, 0.08271276950836182, 0.07700619101524353, 0.07690031826496124, 0.08235879242420197, 0.07505778968334198, 0.08279819786548615, 0.0810246467590332, 0.0903870090842247, 0.09477142989635468, 0.08937086910009384, 0.09312888979911804, 0.08659017086029053, 0.0827706828713417, 0.08149655163288116, 0.07988956570625305, 0.07852523028850555, 0.09645751118659973, 0.09566790610551834, 0.12122589349746704, 0.10955092310905457, 0.13989883661270142, 0.08570718765258789, 0.09676076471805573, 0.08665838092565536, 0.07870692759752274, 0.08189468830823898, 0.07679107785224915, 0.08733514696359634, 0.08334718644618988, 0.07856623083353043, 0.08134451508522034, 0.09950968623161316, 0.08356066793203354, 0.0807575061917305, 0.08389554917812347, 0.08269065618515015, 0.07412832230329514, 0.07832036167383194, 0.09713034331798553, 0.0828574150800705, 0.09008091688156128, 0.08188952505588531, 0.08035199344158173, 0.11354253441095352, 0.08110099285840988, 0.13367635011672974, 0.07397657632827759, 0.08328404277563095, 0.0730825737118721, 0.07102891057729721, 0.10303977131843567, 0.0858997032046318, 0.0793820172548294, 0.09657352417707443, 0.09054968506097794, 0.09543084353208542, 0.09946675598621368, 0.08721469342708588, 0.08673431724309921, 0.09132838994264603, 0.08312691003084183, 0.08253980427980423, 0.07678817957639694, 0.08278005570173264, 0.14050057530403137, 0.09321045875549316, 0.08068661391735077, 0.07710189372301102, 0.08735781908035278, 0.09523412585258484, 0.09436668455600739, 0.07700704038143158, 0.12452524155378342, 0.09378344565629959, 0.0759396180510521, 0.08025574684143066, 0.08541932702064514, 0.08651988208293915, 0.08175472915172577, 0.07603012770414352, 0.08624640852212906, 0.08112293481826782, 0.09592197835445404, 0.09111836552619934, 0.08321212977170944, 0.081776924431324, 0.09297200292348862, 0.0918823778629303, 0.09424562752246857, 0.10552451759576797, 0.07623118907213211], "training_accs": [0.7686929808696181, 0.7807567297253811, 0.8382503683741821, 0.8590480261811476, 0.8683215551243632, 0.8749482579531292, 0.8044814442570809, 0.8839340532950947, 0.8572730165169967, 0.8556255713286628, 0.8381458053886259, 0.8780306825333781, 0.8950167261437452, 0.8906646989711992, 0.8724878939572221, 0.8719610633092341, 0.8720040269310182, 0.9123506412745231, 0.8833679185222785, 0.8905071634197562, 0.932033560676004, 0.8950326415791255, 0.9061767973220327, 0.9217808830483492, 0.8961767123364576, 0.8895107543248405, 0.8646477962286926, 0.8685299556390786, 0.8971090161144631, 0.8640699878650288, 0.9062436340968874, 0.9044655850739983, 0.9068975744939672, 0.9021583041486437, 0.9340730695121131, 0.9391274599022997, 0.9162740395666348, 0.9217300781783905, 0.9149112396788355, 0.8993738742578583, 0.9230083936816721, 0.943021525842564, 0.9382064840237074, 0.9206160274386616, 0.9473084106238977, 0.9510016279823889, 0.9343654885332845, 0.9203803383642873, 0.8973709492399696, 0.9271862332596615, 0.9505292617013152, 0.9448868960260937, 0.8563332995782375, 0.9321167186709868, 0.8994842570020739, 0.9499529036309262, 0.939810781593204, 0.9582506243345277, 0.9557544317136945, 0.9233504076527828, 0.9480834192237156, 0.9502497373423474, 0.9242931075740781, 0.9127678555229264, 0.8822416118441249, 0.8941016753419914, 0.9549388415414909, 0.935359109794054, 0.884641131669554, 0.9113326431919807, 0.9528562526140824, 0.9598356474382571, 0.9517557842023131, 0.899399017424262, 0.9518083999254293, 0.9620887155212893, 0.9734287339594792, 0.9408653145519895, 0.9513940410387103, 0.9390375838465435, 0.9598613692351258, 0.9191714746242893, 0.9393543307475106, 0.9544096288441047, 0.9632578693517112, 0.9447113634564414, 0.9305999262591849, 0.9520176120096405, 0.9559645154607154, 0.942470551311834, 0.9471006599842976, 0.9223668932200705, 0.9349341893525525, 0.9234828601311357, 0.945251843959927, 0.9512858674981759, 0.9227359553775848, 0.9331242227262849, 0.8789336725450975, 0.9499099400091421],