{"training_acc": 0.9048007984999892, "validation_acc": 0.8088469080250107, "classes": ["aerobe", "anaerobe", "facultative"], "confusion_matrix": [311, 4, 21, 17, 195, 11, 22, 9, 52], "f1_score": 0.8693586088822658, "training_losses": [0.3188594877719879, 0.29148155450820923, 0.27555835247039795, 0.2645387649536133, 0.25519394874572754, 0.24836872518062592, 0.24206729233264923, 0.2366890013217926, 0.2315993309020996, 0.2275412678718567, 0.22456590831279755, 0.22105719149112701, 0.2180424928665161, 0.21549458801746368, 0.21290968358516693, 0.20979043841362, 0.20786549150943756, 0.20595276355743408, 0.20391765236854553, 0.20217333734035492, 0.2005324512720108, 0.19873231649398804, 0.19756250083446503, 0.19566437602043152, 0.19427485764026642, 0.19344033300876617, 0.1929018646478653, 0.19230499863624573, 0.18883191049098969, 0.18865758180618286, 0.18735283613204956, 0.18558526039123535, 0.18598970770835876, 0.18431061506271362, 0.18477460741996765, 0.1826450228691101, 0.1813751459121704, 0.1803130954504013, 0.17964334785938263, 0.17896756529808044, 0.17752060294151306, 0.17893566191196442, 0.17737442255020142, 0.1766994297504425, 0.17626312375068665, 0.17602480947971344, 0.17619772255420685, 0.1756012737751007, 0.17403055727481842, 0.1735156774520874, 0.17294256389141083, 0.1730252206325531, 0.17348293960094452, 0.1730523705482483, 0.17153440415859222, 0.17049431800842285, 0.16967152059078217, 0.17135359346866608, 0.16874413192272186, 0.16991832852363586, 0.16838674247264862, 0.16868196427822113, 0.16710391640663147, 0.16544266045093536, 0.1652340292930603, 0.16634318232536316, 0.1655111312866211, 0.16743969917297363, 0.16523891687393188, 0.16615502536296844, 0.16316018998622894, 0.16373617947101593, 0.16385343670845032, 0.16070498526096344, 0.1618320792913437, 0.1605854332447052, 0.16000284254550934, 0.15859971940517426, 0.1583700031042099, 0.15887312591075897, 0.1578456163406372, 0.16146987676620483, 0.15739861130714417, 0.1574845314025879, 0.15827688574790955, 0.15844589471817017, 0.15596553683280945, 0.15609769523143768, 0.15617364645004272, 0.15523217618465424, 0.15479019284248352, 0.15303967893123627, 0.15621639788150787, 0.156692773103714, 0.15213613212108612, 0.15672199428081512, 0.15434013307094574, 0.15266358852386475, 0.15065890550613403, 0.15125781297683716], "validation_losses": [0.08196651190519333, 0.07857325673103333, 0.07647905498743057, 0.07475198805332184, 0.0737321674823761, 0.07273543626070023, 0.07282689213752747, 0.07324591279029846, 0.07246949523687363, 0.07136651873588562, 0.07241106778383255, 0.07198388129472733, 0.07197732478380203, 0.07161261886358261, 0.07090306282043457, 0.0706038624048233, 0.07077135145664215, 0.07050447911024094, 0.07030659914016724, 0.0700162723660469, 0.070010706782341, 0.06984513252973557, 0.06971219182014465, 0.06936223804950714, 0.06953515857458115, 0.07029031962156296, 0.06865166872739792, 0.06996472924947739, 0.06981121748685837, 0.06870510429143906, 0.07013028115034103, 0.06977120041847229, 0.06797429919242859, 0.07028684765100479, 0.0680331364274025, 0.06996309757232666, 0.0695347934961319, 0.06855897605419159, 0.07066065073013306, 0.06816810369491577, 0.0698094367980957, 0.06808274984359741, 0.07025336474180222, 0.06798616051673889, 0.07015665620565414, 0.06794264167547226, 0.07027515769004822, 0.0692366510629654, 0.06905912607908249, 0.07013895362615585, 0.06867746263742447, 0.0696573555469513, 0.06833178550004959, 0.0691220760345459, 0.06812689453363419, 0.07033444195985794, 0.06922046840190887, 0.06756836175918579, 0.06943104416131973, 0.06954753398895264, 0.06970631331205368, 0.06949185580015182, 0.07079895585775375, 0.06882047653198242, 0.06864442676305771, 0.06940183788537979, 0.06996412575244904, 0.06788823753595352, 0.06874024122953415, 0.06766481697559357, 0.06950803101062775, 0.06704621762037277, 0.06890787184238434, 0.06923346221446991, 0.07005606591701508, 0.06784595549106598, 0.06841013580560684, 0.06895125657320023, 0.06939979642629623, 0.06932742893695831, 0.06779463589191437, 0.06800282001495361, 0.0692213624715805, 0.06795377284288406, 0.06786476820707321, 0.06896176934242249, 0.06845135986804962, 0.0691891610622406, 0.06682853400707245, 0.06641163676977158, 0.06694607436656952, 0.06845925003290176, 0.0698712021112442, 0.06693858653306961, 0.06699696183204651, 0.07036694139242172, 0.0682990625500679, 0.06888991594314575, 0.06799827516078949, 0.0677286759018898], "training_accs": [0.7827976077231634, 0.7999187266565188, 0.8044043103105197, 0.8130234366537551, 0.8239031896880963, 0.8317061626329241, 0.83782405308374, 0.8428558529017068, 0.8464431794269753, 0.8504652903527563, 0.8513018097573899, 0.8545778273303438, 0.8561190683699316, 0.8563189455587928, 0.8576252793867291, 0.8599680098081603, 0.8624221719930447, 0.8641015524973946, 0.8641015524973946, 0.8663061434540635, 0.8678473844936513, 0.8676888790226629, 0.8698731039731058, 0.8725475093530776, 0.8741651521333283, 0.8755128576791377, 0.872900190023265, 0.8745381988097419, 0.8766460220195217, 0.8758095026148882, 0.8786921075052024, 0.8791886296298141, 0.8787601869243843, 0.8821126062380014, 0.8783521102251806, 0.883149002831496, 0.8834189400659377, 0.8810265156051523, 0.883149002831496, 0.8833075083024845, 0.8848901210599451, 0.8820629121986472, 0.8867630370580736, 0.8850486265309335, 0.8861550831700086, 0.8843088748731892, 0.8862581926119807, 0.8855801786783354, 0.885345271466684, 0.8876880018881153, 0.8860499931016382, 0.8895755819028075, 0.8895405518800173, 0.887514832400563, 0.8903006695439878, 0.8916216673884881, 0.8891324751808135, 0.8913167001312564, 0.8914134678781457, 0.8919183123242386, 0.8904388090087499, 0.8916070033719242, 0.8919386783304648, 0.8925816622413199, 0.8931896161293849, 0.8924848944944307, 0.8907704839672906, 0.8924084927537675, 0.8929133371998605, 0.8914898696188088, 0.8934448893472625, 0.8933684876065994, 0.8940261355340184, 0.8988643998582068, 0.8965070054202117, 0.897660535766822, 0.8977165715012588, 0.8970735875904037, 0.8987879981175437, 0.8983799214183401, 0.899492719752498, 0.8964923414036479, 0.9003292391571316, 0.8990846430532943, 0.9023402946200222, 0.9004877446281198, 0.9022435268731329, 0.9012274962858641, 0.9000446379061261, 0.9010339607920858, 0.9005291163459929, 0.9057137196452857, 0.9009932287796335, 0.9019322179208183, 0.9053260089523083, 0.9019475216428029, 0.9016005429622777, 0.9049886320041054, 0.9060307305872625, 0.9048007984999892],