{"n_classes": 3, "train_acc": 0.886820398169376, "val_acc": 0.823201677884381, "test_acc": 0.7846858812892107, "confusion_matrix": [259, 16, 38, 8, 172, 18, 15, 11, 50], "val_accs": [0.6301635363202291, 0.6807624040686827, 0.6953163956191838, 0.7058642513035044, 0.7004850217979449, 0.7456542620973421, 0.737346277928304, 0.7370846091355784, 0.7344992947625522, 0.7440188321428071, 0.7503479460668577, 0.7615015783567868, 0.7306233257703041, 0.7645604998941978, 0.7478954686574856, 0.7602082536478432, 0.7757121296168354, 0.7579683821325606, 0.7645598323717673, 0.785310100882665, 0.7627929004984391, 0.7712310515414095, 0.7697277910280981, 0.7781659420710684, 0.756333619700456, 0.7731288178111004, 0.7741571361151663, 0.7916392148067155, 0.769464119668081, 0.7710988821001857, 0.77428930555639, 0.7639533882437285, 0.7942225266124505, 0.7618443511248086, 0.793404811635183, 0.7804064811087814, 0.8018429626781534, 0.7776909998618229, 0.8057189316704014, 0.8091206259758343, 0.8092521278946275, 0.7751070205336575, 0.7959894584857787, 0.8104132831623474, 0.7844930534278278, 0.798441935895151, 0.7802756467124187, 0.7895301776877958, 0.7705448384829352, 0.8027928470966446, 0.8165297911923085, 0.8039526673195035, 0.8011580846645399, 0.8131280968868756, 0.8003403696872723, 0.7925877641803459, 0.8061932063572167, 0.7725237087279225, 0.7974129500686548, 0.786259985301156, 0.7909530017482412, 0.7731301528559613, 0.794697468821696, 0.7978872247554699, 0.8031356198646665, 0.8159240145867, 0.7953836818801704, 0.8058517686340555, 0.7576269444093994, 0.8015008574325618, 0.8032671217834597, 0.7971499462310683, 0.7985741053363746, 0.784150280659806, 0.8163989567959457, 0.8155812418186782, 0.8121802150356757, 0.8113618325359777, 0.8134722046997584, 0.7948296382629197, 0.7959894584857787, 0.7955151837989636, 0.7702825021677789, 0.8065379816925299, 0.7832010637637451, 0.8074858635437298, 0.772524376250353, 0.7767424504881925, 0.7961222954494328, 0.7943553635761046, 0.823201677884381, 0.8071437582981381, 0.7889754665481147, 0.8151062996094326, 0.7505605519609473, 0.7959894584857787, 0.8110183922455255, 0.7991805494644133, 0.7870777002784236, 0.8215662479298459], "train_accs": [0.6319544342228358, 0.6946333095095419, 0.7245486688347738, 0.7332067282957005, 0.7372237934438033, 0.7714307223102573, 0.7674500763875036, 0.7818642491742819, 0.7815019738829109, 0.784322176476327, 0.7977927090033631, 0.7945005335340904, 0.7692152823152881, 0.8091442086917078, 0.8133496325519657, 0.8139449829427794, 0.8160767150827145, 0.8247945745970076, 0.8115520704420495, 0.8338700216283734, 0.8322933256312698, 0.8304692666752297, 0.8294944219380872, 0.8194207325395032, 0.8367904897416637, 0.850708479413866, 0.8464658237196155, 0.8498405721412493, 0.830490226479375, 0.8498265867188067, 0.8465804137580203, 0.8565695826929267, 0.8497415927425739, 0.8635927713206702, 0.8532817925609009, 0.8555947379557843, 0.8555606053378398, 0.8636917507193457, 0.8666580701225964, 0.843398426187847, 0.8543845513687729, 0.8684613204930169, 0.8707945841589062, 0.855980581952735, 0.8653069646716407, 0.8804808043432527, 0.8747976638845666, 0.8619983659539953, 0.8768432503435372, 0.867973246662817, 0.8688535141405894, 0.8768591832772962, 0.873781050757659, 0.8685718474882046, 0.8777740568855683, 0.8807364644641277, 0.8697932425756401, 0.8836367853819159, 0.8708178305704563, 0.8621534214589078, 0.878800592391701, 0.8724928445761176, 0.885222742368127, 0.881949750267187, 0.8844746230798055, 0.8748228578074331, 0.8854912362067129, 0.8703382051207207, 0.88263788162458, 0.8833406597945331, 0.8826209848636518, 0.8765506974847579, 0.8899939373590852, 0.8930953162902723, 0.8897030097175928, 0.889829620865065, 0.8887249145458765, 0.8934904212763305, 0.8768003470510989, 0.890870293012166, 0.8915782691280093, 0.8950311883626988, 0.8898733367661467, 0.9015154249998957, 0.895742414913116, 0.8975079599369886, 0.8726976265366456, 0.8989757541561915, 0.8905826158052473, 0.8823617520141736, 0.886820398169376, 0.8976009287811303, 0.8985686280610659, 0.9011755835114313, 0.8618938495133414, 0.9023119846226338, 0.8964837110382605, 0.8871958462745461, 0.9005288814477156, 0.892140128434018], "val_losses": [0.15655359625816345, 0.14301694929599762, 0.13709942996501923, 0.13569867610931396, 0.12373784184455872, 0.12122754752635956, 0.1164136528968811, 0.12351270020008087, 0.12137927860021591, 0.10982482135295868, 0.11142835021018982, 0.10292679816484451, 0.11804072558879852, 0.10397238284349442, 0.10733138024806976, 0.11061044037342072, 0.10135186463594437, 0.10893141478300095, 0.09726037830114365, 0.10968120396137238, 0.10641969740390778, 0.11243364959955215, 0.09791267663240433, 0.0944625586271286, 0.10092819482088089, 0.09813479334115982, 0.10911968350410461, 0.1017875075340271, 0.1009695753455162, 0.10632466524839401, 0.09921804815530777, 0.10650212317705154, 0.09967078268527985, 0.10159404575824738, 0.10314977169036865, 0.09075517952442169, 0.10537523776292801, 0.0978144034743309, 0.09952252358198166, 0.09910983592271805, 0.094517782330513, 0.09679374098777771, 0.09760453552007675, 0.0922936424612999, 0.09510312229394913, 0.09818574786186218, 0.09246645867824554, 0.09488934278488159, 0.09274840354919434, 0.09636056423187256, 0.08967425674200058, 0.10056507587432861, 0.08983588218688965, 0.0930350124835968, 0.08832748234272003, 0.0955546423792839, 0.09637007862329483, 0.09601330012083054, 0.08842231333255768, 0.09263984113931656, 0.09520860016345978, 0.08759532868862152, 0.0966462716460228, 0.08735111355781555, 0.09633371978998184, 0.09557032585144043, 0.09857184439897537, 0.08931030333042145, 0.09212291985750198, 0.09336918592453003, 0.09019608795642853, 0.09925699979066849, 0.09097126871347427, 0.09278920292854309, 0.09161932021379471, 0.09381857514381409, 0.08754601329565048, 0.09202302247285843, 0.08904382586479187, 0.08860767632722855, 0.09632468968629837, 0.09359778463840485, 0.09969600290060043, 0.0932401493191719, 0.09534897655248642, 0.09380210191011429, 0.0941721573472023, 0.09617894887924194, 0.08959297835826874, 0.08673333376646042, 0.0908002182841301, 0.08950537443161011, 0.08458231389522552, 0.09428330510854721, 0.10878533124923706, 0.09257897734642029, 0.08936978876590729, 0.08189406245946884, 0.09165886044502258, 0.08723291009664536],