{"training_acc": 0.6158118517299801, "validation_acc": 0.6155667744427505, "classes": ["aerobe", "anaerobe", "facultative"], "confusion_matrix": [277, 20, 40, 8, 212, 16, 43, 33, 11], "f1_score": 0.7468272523078701, "training_losses": [0.5193287134170532, 0.5009616613388062, 0.49475473165512085, 0.49168485403060913, 0.4898436367511749, 0.4885888695716858, 0.4876568615436554, 0.4869207441806793, 0.4863147437572479, 0.4858008325099945, 0.48535606265068054, 0.4849676191806793, 0.4846237599849701, 0.4843183159828186, 0.484045147895813, 0.48380163311958313, 0.48358437418937683, 0.4833921790122986, 0.48322170972824097, 0.48307088017463684, 0.482936829328537, 0.4828212559223175, 0.48272138833999634, 0.48263677954673767, 0.48256608843803406, 0.4825071394443512, 0.48246151208877563, 0.48242634534835815, 0.4824022054672241, 0.48238953948020935, 0.4823855757713318, 0.4823877215385437, 0.4823998808860779, 0.4824226200580597, 0.4824542999267578, 0.4824945628643036, 0.48254185914993286, 0.4825959801673889, 0.48265552520751953, 0.482719749212265, 0.4827873706817627, 0.48285821080207825, 0.48293131589889526, 0.4830079972743988, 0.4830845892429352, 0.48316341638565063, 0.4832438826560974, 0.4833269715309143, 0.48341289162635803, 0.48349809646606445, 0.48358312249183655, 0.48366743326187134, 0.48374664783477783, 0.4838254749774933, 0.48390111327171326, 0.4839741587638855, 0.48404571413993835, 0.4841139614582062, 0.4841841459274292, 0.48425620794296265, 0.48432835936546326, 0.48440200090408325, 0.48447519540786743, 0.48454850912094116, 0.4846203029155731, 0.4846915304660797, 0.484761118888855, 0.48482853174209595, 0.4848928451538086, 0.4849552810192108, 0.4850161671638489, 0.48507624864578247, 0.4851309657096863, 0.4851829707622528, 0.48523202538490295, 0.4852783679962158, 0.4853251278400421, 0.4853728115558624, 0.48541995882987976, 0.48546791076660156, 0.48551490902900696, 0.4855600893497467, 0.48560580611228943, 0.48565196990966797, 0.4856973886489868, 0.48574113845825195, 0.4857836961746216, 0.4858250021934509, 0.48586535453796387, 0.4859050512313843, 0.48594269156455994, 0.48597317934036255, 0.48600098490715027, 0.48602908849716187, 0.48605236411094666, 0.48607468605041504, 0.4860996901988983, 0.4861261248588562, 0.4861535429954529, 0.4861815273761749], "validation_losses": [0.1316598504781723, 0.12513048946857452, 0.12340936809778214, 0.12272907048463821, 0.12243469804525375, 0.12232249975204468, 0.12231118232011795, 0.12236008793115616, 0.12244804948568344, 0.12256203591823578, 0.1226939707994461, 0.12283739447593689, 0.12298911064863205, 0.12314590066671371, 0.12330655008554459, 0.123467817902565, 0.12362943589687347, 0.12379119545221329, 0.12395071238279343, 0.12410994619131088, 0.12426836788654327, 0.12442348897457123, 0.124577097594738, 0.12472795695066452, 0.12487681955099106, 0.1250239759683609, 0.12516815960407257, 0.12531138956546783, 0.1254519671201706, 0.12559011578559875, 0.12572598457336426, 0.1258612722158432, 0.1259937882423401, 0.12612387537956238, 0.12625297904014587, 0.1263781487941742, 0.126502126455307, 0.12662380933761597, 0.12674227356910706, 0.12685899436473846, 0.12697260081768036, 0.12708288431167603, 0.12719112634658813, 0.12729805707931519, 0.12740176916122437, 0.1275009959936142, 0.12759853899478912, 0.12769420444965363, 0.12778590619564056, 0.12787427008152008, 0.1279609203338623, 0.12804555892944336, 0.12812626361846924, 0.12820398807525635, 0.12827853858470917, 0.1283496916294098, 0.128418430685997, 0.1284850388765335, 0.12854862213134766, 0.1286071091890335, 0.12866385281085968, 0.12871873378753662, 0.1287577748298645, 0.12881796061992645, 0.12887121737003326, 0.12891513109207153, 0.1289599984884262, 0.12900112569332123, 0.12903933227062225, 0.1290769726037979, 0.12911228835582733, 0.12914501130580902, 0.1291767954826355, 0.12920476496219635, 0.12923146784305573, 0.12925802171230316, 0.12928065657615662, 0.12931373715400696, 0.1293385773897171, 0.1293683797121048, 0.1293824017047882, 0.1294194906949997, 0.12941783666610718, 0.1294630616903305, 0.12948791682720184, 0.12950769066810608, 0.12952572107315063, 0.1295185536146164, 0.1295492798089981, 0.1295759081840515, 0.12958937883377075, 0.12960241734981537, 0.12961445748806, 0.12962758541107178, 0.1296406239271164, 0.12965349853038788, 0.12965865433216095, 0.129686176776886, 0.12970010936260223, 0.1297013759613037], "training_accs": [0.6079757703411769, 0.6114288839350439, 0.6196720727441929, 0.6150361554644063, 0.6111027178717755, 0.6142941876553686, 0.6129715635552072, 0.6121794295999896, 0.6146698136134999, 0.6159286217119837, 0.6172763288852349, 0.6181845940986773, 0.6174813592182272, 0.6171580485166429, 0.6166003261882421, 0.6160426038598411, 0.6158081922330244, 0.6158081922330244, 0.6158081922330244, 0.6158081922330244, 0.6158081922330244, 0.6155737806062077, 0.615339368979391, 0.6160132225660168, 0.6157788109392, 0.6155443993123834, 0.6155443993123834, 0.6153099876855667, 0.6162182528990089, 0.6159838412721922, 0.6159838412721922, 0.6159838412721922, 0.6157494296453755, 0.6155150180185588, 0.6155150180185588, 0.6155150180185588, 0.6155150180185588, 0.6152806063917422, 0.6148117831381088, 0.6163666697547197, 0.6163666697547197, 0.6163666697547197, 0.6163666697547197, 0.6163666697547197, 0.6163666697547197, 0.6181832001816042, 0.6190914653950466, 0.6194147760966308, 0.6194147760966308, 0.6194147760966308, 0.6194147760966308, 0.6194147760966308, 0.6194147760966308, 0.6194147760966308, 0.6194147760966308, 0.6194147760966308, 0.6194147760966308, 0.6194147760966308, 0.6194147760966308, 0.6191803644698141, 0.6191803644698141, 0.6191803644698141, 0.6189459528429974, 0.618037687629555, 0.6178032760027384, 0.6178032760027384, 0.6178032760027384, 0.6178032760027384, 0.6178032760027384, 0.6178032760027384, 0.6168950107892961, 0.6168950107892961, 0.6168950107892961, 0.6168950107892961, 0.6168950107892961, 0.6160756446506214, 0.6160756446506214, 0.615606821396988, 0.615606821396988, 0.6165150866104302, 0.6162806749836135, 0.6162806749836135, 0.6153724097701713, 0.6153724097701713, 0.6153724097701713, 0.6153724097701713, 0.6153724097701713, 0.6153724097701713, 0.6151379981433546, 0.6151379981433546, 0.6151379981433546, 0.6151379981433546, 0.6151379981433546, 0.6149035865165379, 0.6149035865165379, 0.6149035865165379, 0.6149035865165379, 0.6149035865165379, 0.6158118517299801, 0.6158118517299801],