{"training_acc": 0.40676697608435824, "validation_acc": 0.41097503730154744, "classes": ["aerobe", "anaerobe", "facultative"], "confusion_matrix": [237, 100, 0, 111, 125, 0, 53, 34, 0], "f1_score": 0.5085440510052484, "n_iter": 111, "converged": true, "C": 100, "penalty": "l2", "max_iter": 100000, "feature_type": "nt_1mer", "model_class": "logistic", "binary": 0}