{"training_acc": 0.7614812118686908, "validation_acc": 0.7316310551315467, "classes": ["aerobe", "anaerobe", "facultative"], "confusion_matrix": [255, 9, 75, 18, 177, 48, 21, 1, 55], "f1_score": 0.7684291519734683, "training_losses": [0.5147671699523926, 0.47600099444389343, 0.4558773934841156, 0.4426819086074829, 0.4330598711967468, 0.4255155920982361, 0.41937729716300964, 0.4142305552959442, 0.4098016619682312, 0.40589216351509094, 0.40238088369369507, 0.3991882801055908, 0.39629629254341125, 0.39364907145500183, 0.3912052810192108, 0.3889283537864685, 0.386823445558548, 0.38485443592071533, 0.3830019533634186, 0.38125428557395935, 0.3796083331108093, 0.37805116176605225, 0.37659165263175964, 0.375200092792511, 0.37387365102767944, 0.3726116418838501, 0.37140965461730957, 0.3702367842197418, 0.36913299560546875, 0.36807990074157715, 0.367086797952652, 0.3661365509033203, 0.36523309350013733, 0.3643832802772522, 0.36356401443481445, 0.3627854287624359, 0.3620239496231079, 0.3612968921661377, 0.36060473322868347, 0.3599422872066498, 0.359303742647171, 0.35869330167770386, 0.35809484124183655, 0.3575262427330017, 0.3569731116294861, 0.3564516007900238, 0.35593274235725403, 0.35543715953826904, 0.3549605906009674, 0.35449934005737305, 0.3540496230125427, 0.3536290228366852, 0.3532119393348694, 0.35282039642333984, 0.35243991017341614, 0.35207000374794006, 0.35170823335647583, 0.3513530194759369, 0.3510132431983948, 0.35069552063941956, 0.35036027431488037, 0.35005247592926025, 0.349744975566864, 0.3494507968425751, 0.34915927052497864, 0.34888923168182373, 0.3486197292804718, 0.3483628034591675, 0.34808823466300964, 0.3478362560272217, 0.3475847840309143, 0.34734025597572327, 0.34710752964019775, 0.3468910753726959, 0.34664884209632874, 0.3464404344558716, 0.346232146024704, 0.34602269530296326, 0.3458263874053955, 0.3456249237060547, 0.3454277217388153, 0.3452298939228058, 0.34504181146621704, 0.34487298130989075, 0.34467175602912903, 0.3444978594779968, 0.34432491660118103, 0.3441738784313202, 0.34400931000709534, 0.34383702278137207, 0.34367403388023376, 0.3435312509536743, 0.34336379170417786, 0.34320899844169617, 0.3430546224117279, 0.3429064452648163, 0.3427586555480957, 0.34261223673820496, 0.3424835205078125, 0.34233999252319336], "validation_losses": [0.16462324559688568, 0.15717816352844238, 0.1518756002187729, 0.14810097217559814, 0.14526498317718506, 0.14297255873680115, 0.1410616636276245, 0.13941703736782074, 0.13794034719467163, 0.1366276890039444, 0.13542595505714417, 0.13434097170829773, 0.13333342969417572, 0.1324230432510376, 0.1315797120332718, 0.13078388571739197, 0.130076065659523, 0.12940096855163574, 0.1287582963705063, 0.12816712260246277, 0.12761220335960388, 0.12708278000354767, 0.1266091912984848, 0.12614578008651733, 0.12570823729038239, 0.12529462575912476, 0.1249031275510788, 0.12449754029512405, 0.12413142621517181, 0.12377912551164627, 0.12343684583902359, 0.12313995510339737, 0.1228509247303009, 0.12256702780723572, 0.12231292575597763, 0.12204883992671967, 0.1218082383275032, 0.12157902866601944, 0.12137507647275925, 0.12118048220872879, 0.12098879367113113, 0.12080777436494827, 0.12064763903617859, 0.12048814445734024, 0.12031783908605576, 0.1201789453625679, 0.1200200617313385, 0.11986538022756577, 0.11972300708293915, 0.1195862665772438, 0.11945358663797379, 0.11931520700454712, 0.11921697854995728, 0.11907908320426941, 0.11898215860128403, 0.11886431276798248, 0.11875955015420914, 0.11864820867776871, 0.1185489296913147, 0.11844994872808456, 0.11836858838796616, 0.11825283616781235, 0.11819189786911011, 0.11808592081069946, 0.11800934374332428, 0.11792013049125671, 0.11785735189914703, 0.11778031289577484, 0.11769205331802368, 0.1176312044262886, 0.11754893511533737, 0.11749039590358734, 0.11741475015878677, 0.11736174672842026, 0.11728864908218384, 0.11723899841308594, 0.1171652227640152, 0.11710461974143982, 0.11706572771072388, 0.11700998246669769, 0.1169532835483551, 0.11689021438360214, 0.11685391515493393, 0.11680653691291809, 0.11674563586711884, 0.1166980117559433, 0.11665802448987961, 0.1166331022977829, 0.1165773794054985, 0.116523876786232, 0.11648275703191757, 0.11645785719156265, 0.11640584468841553, 0.11635515838861465, 0.1163223385810852, 0.11627061665058136, 0.11623820662498474, 0.11618199199438095, 0.1161649152636528, 0.11610108613967896], "training_accs": [0.6413127875921076, 0.6674174512514423, 0.6686334806378672, 0.6736289579323946, 0.684274670536202, 0.6946485572536344, 0.7020277736824863, 0.708239038698117, 0.7140291359816396, 0.7194917938414557, 0.7216419426931356, 0.7222967007078881, 0.7248661938169746, 0.726499381488122, 0.7265472177960038, 0.7281842940818759, 0.7306140460493807, 0.7299611115093301, 0.7304761283825004, 0.7309433089477889, 0.733650719723756, 0.7342117494301069, 0.7349125202780394, 0.7353797008433279, 0.7367334062313114, 0.7356591831264918, 0.7364079111149673, 0.7364079111149673, 0.7379033019518951, 0.7381368922345395, 0.7399577781878114, 0.7414053327168574, 0.7416389229995016, 0.7421061035647901, 0.7432262186701294, 0.7451409537644637, 0.7460274785871587, 0.7462610688698029, 0.7464946591524472, 0.7467282494350914, 0.74896847964577, 0.7484074499394192, 0.7495275650447585, 0.7504140898674535, 0.7515342049727928, 0.751767795255437, 0.7520013855380813, 0.7522349758207255, 0.7520013855380813, 0.7520013855380813, 0.7533550909260648, 0.753588681208709, 0.7540558617739975, 0.7542894520566418, 0.7542894520566418, 0.7538222714913533, 0.7549423865966925, 0.755269826020399, 0.7566235314083826, 0.7566235314083826, 0.7568571216910268, 0.7570907119736711, 0.7568571216910268, 0.7573243022563153, 0.7573243022563153, 0.7584444173616546, 0.7582108270790103, 0.7590973519017054, 0.7591912010427677, 0.7591912010427677, 0.759424791325412, 0.759424791325412, 0.759424791325412, 0.7596583816080562, 0.7598919718907005, 0.7598919718907005, 0.7590054470680054, 0.7602194113144071, 0.7604530015970513, 0.7604530015970513, 0.7613395264197464, 0.7609201821623398, 0.7618067069850349, 0.7609201821623398, 0.7611537724449841, 0.7611537724449841, 0.7611537724449841, 0.7611537724449841, 0.7611537724449841, 0.7611537724449841, 0.7614812118686908, 0.7611537724449841, 0.7614812118686908, 0.7611537724449841, 0.7611537724449841, 0.7611537724449841, 0.7611537724449841, 0.7614812118686908, 0.7611537724449841, 0.7614812118686908],