{"training_acc": 0.4129824780195797, "validation_acc": 0.41113011115022885, "classes": ["aerobe", "anaerobe", "facultative"], "confusion_matrix": [270, 67, 0, 134, 102, 0, 65, 22, 0], "f1_score": 0.5129258367227696, "n_iter": 68, "converged": true, "C": 100, "penalty": "l2", "max_iter": 100000, "feature_type": "cds_1mer", "model_class": "logistic", "binary": 0}