{"training_acc": 0.653591828924613, "validation_acc": 0.6632955643116246, "classes": ["aerobe", "anaerobe", "facultative"], "confusion_matrix": [194, 42, 103, 18, 193, 32, 20, 9, 48], "f1_score": 0.6849593788366083, "training_losses": [0.581476092338562, 0.5563470125198364, 0.542539656162262, 0.5334882736206055, 0.5268779397010803, 0.5217351317405701, 0.5175296664237976, 0.5139400959014893, 0.5108264684677124, 0.5080776810646057, 0.5056219100952148, 0.5033935308456421, 0.5013387203216553, 0.4994693994522095, 0.4977407157421112, 0.49613940715789795, 0.49463358521461487, 0.4932297170162201, 0.49191734194755554, 0.49067121744155884, 0.48951026797294617, 0.4884171783924103, 0.48737871646881104, 0.4863794445991516, 0.48543328046798706, 0.48452678322792053, 0.4836597144603729, 0.4828340709209442, 0.4820411503314972, 0.4812897741794586, 0.4805806577205658, 0.47990068793296814, 0.47924351692199707, 0.478609561920166, 0.4780018925666809, 0.47740235924720764, 0.47682836651802063, 0.47627922892570496, 0.47574537992477417, 0.4752349853515625, 0.47474780678749084, 0.4742697477340698, 0.4738130271434784, 0.4733639359474182, 0.47293272614479065, 0.47252365946769714, 0.4721168875694275, 0.4717300832271576, 0.47136572003364563, 0.4709985554218292, 0.47064048051834106, 0.4703078269958496, 0.46998515725135803, 0.46966031193733215, 0.4693499207496643, 0.4690549373626709, 0.4687586724758148, 0.4684672951698303, 0.46818986535072327, 0.467913419008255, 0.46764540672302246, 0.4673888683319092, 0.46714842319488525, 0.4668971598148346, 0.4666718542575836, 0.46643733978271484, 0.466217041015625, 0.46599867939949036, 0.4657844603061676, 0.4655804932117462, 0.46538668870925903, 0.4651888608932495, 0.46501031517982483, 0.4648211896419525, 0.4646480083465576, 0.46447354555130005, 0.46430039405822754, 0.4641281068325043, 0.4639590084552765, 0.46379876136779785, 0.4636349678039551, 0.46348077058792114, 0.4633188843727112, 0.46316829323768616, 0.46302610635757446, 0.46288108825683594, 0.4627363979816437, 0.4626030921936035, 0.4624652564525604, 0.46233877539634705, 0.4622170925140381, 0.4620843529701233, 0.4619597792625427, 0.46182581782341003, 0.46171024441719055, 0.46158650517463684, 0.46146726608276367, 0.46134692430496216, 0.46124187111854553, 0.46112632751464844], "validation_losses": [0.18045657873153687, 0.17511001229286194, 0.17182330787181854, 0.16962489485740662, 0.16802340745925903, 0.16681216657161713, 0.16586023569107056, 0.16507361829280853, 0.16441035270690918, 0.16383633017539978, 0.1633283793926239, 0.16287030279636383, 0.16245709359645844, 0.16208484768867493, 0.16172465682029724, 0.16139288246631622, 0.16108699142932892, 0.16079671680927277, 0.1605149209499359, 0.16025052964687347, 0.16001200675964355, 0.15977980196475983, 0.15955393016338348, 0.15933381021022797, 0.1591315120458603, 0.1589360386133194, 0.15874110162258148, 0.15855872631072998, 0.15838414430618286, 0.1582258641719818, 0.15805689990520477, 0.15789850056171417, 0.15773902833461761, 0.15757733583450317, 0.1574172079563141, 0.15726974606513977, 0.15711693465709686, 0.15698303282260895, 0.15683825314044952, 0.156707763671875, 0.15656813979148865, 0.15643832087516785, 0.15630391240119934, 0.1561730057001114, 0.15604442358016968, 0.15594089031219482, 0.1558271050453186, 0.15568259358406067, 0.1555868685245514, 0.15546342730522156, 0.15535546839237213, 0.15525315701961517, 0.1551593542098999, 0.1550660878419876, 0.15497851371765137, 0.1548922210931778, 0.15480074286460876, 0.15471316874027252, 0.15462622046470642, 0.154558464884758, 0.15446962416172028, 0.15439708530902863, 0.15432144701480865, 0.15423955023288727, 0.15417057275772095, 0.1540936976671219, 0.1540343016386032, 0.15395137667655945, 0.15388651192188263, 0.15382538735866547, 0.15375834703445435, 0.15369896590709686, 0.15364156663417816, 0.15358462929725647, 0.15354077517986298, 0.15347695350646973, 0.15342062711715698, 0.1533617377281189, 0.15329377353191376, 0.1532447785139084, 0.15319040417671204, 0.15312977135181427, 0.15305696427822113, 0.15301859378814697, 0.1529657244682312, 0.1529119610786438, 0.1528572142124176, 0.15281933546066284, 0.1527724266052246, 0.15272678434848785, 0.1526843160390854, 0.15264761447906494, 0.15261325240135193, 0.15256226062774658, 0.1525328904390335, 0.15249283611774445, 0.15247148275375366, 0.15241308510303497, 0.15237809717655182, 0.15234781801700592], "training_accs": [0.5483063511130645, 0.5774535483270617, 0.5813400178625834, 0.5900738658610356, 0.5938490277785871, 0.5977332410951797, 0.6020849625931655, 0.6045080975795459, 0.6068045238013537, 0.6073670089900123, 0.6090544645559876, 0.6107372286580377, 0.6121815472054658, 0.6137208427601593, 0.6162463316087384, 0.6167138397901316, 0.6199405909108004, 0.6211558468314574, 0.6259610021190604, 0.6269425039490207, 0.6281577598696777, 0.6290442846923727, 0.6304932947037262, 0.6311507568996498, 0.6321760588057762, 0.6341437539296222, 0.6354977869337105, 0.6354977869337105, 0.6360602721223688, 0.635731541024407, 0.6367615343944587, 0.6365324717676873, 0.6377962192284355, 0.6373772025871337, 0.6376109566778302, 0.6373772025871337, 0.637515979670565, 0.6377497337612615, 0.6374210026632997, 0.6381222649353895, 0.6397100520301743, 0.639943806120871, 0.6395247894795689, 0.6399922976609621, 0.6404598058423553, 0.6406935599330519, 0.6406935599330519, 0.6413948222051417, 0.6419573073938001, 0.6428923237565864, 0.643126077847283, 0.6433598319379796, 0.6438273401193728, 0.6446235793987279, 0.645091087580121, 0.6443898253080312, 0.6446235793987279, 0.644294848300766, 0.6467691602182458, 0.6470029143089424, 0.648123193222334, 0.6483569473130307, 0.6490582095851204, 0.6498544488644754, 0.6501831799624372, 0.6501831799624372, 0.6504169340531338, 0.6506506881438305, 0.6508844422345271, 0.6513519504159202, 0.6510232193179584, 0.6513519504159202, 0.6513519504159202, 0.6518194585973135, 0.6517244815900481, 0.6519582356807447, 0.6521919897714413, 0.6523307668548726, 0.6523307668548726, 0.6527982750362659, 0.6527982750362659, 0.6532657832176589, 0.6532657832176589, 0.6523792583949639, 0.6526130124856605, 0.6526130124856605, 0.6528467665763572, 0.6527517895690919, 0.6527517895690919, 0.6528905666525232, 0.6526568125618266, 0.6526568125618266, 0.6526568125618266, 0.6526568125618266, 0.6531243207432197, 0.653591828924613, 0.653591828924613, 0.653591828924613, 0.653591828924613, 0.653591828924613],