{"n_classes": 3, "train_acc": 0.8283195028716932, "val_acc": 0.7993904852687813, "test_acc": 0.776520600885827, "confusion_matrix": [251, 16, 46, 8, 167, 23, 16, 8, 52], "val_accs": [0.5784552462924135, 0.6094923692173366, 0.6261567329316183, 0.6133670031647239, 0.624047028290268, 0.6363604808030562, 0.6369662574086646, 0.6675795035902694, 0.6821328276183399, 0.7011195018680615, 0.696689489258563, 0.7112441483314944, 0.7238226072491601, 0.7279085120457759, 0.7400100261869049, 0.7288570614194064, 0.7198151363381188, 0.7335507453889218, 0.7199473057793425, 0.7201579091061406, 0.7408290762090334, 0.7540917456178821, 0.7600774192514804, 0.7351861753434569, 0.7530627597913858, 0.7357939545163568, 0.7495308986120207, 0.7447050452012814, 0.7580992165289234, 0.747499627856245, 0.7445735432824881, 0.7593918737154365, 0.7801421422263343, 0.7670123097811393, 0.7574941074457455, 0.7606838633795192, 0.760209588692704, 0.7815656338092101, 0.7610266361475411, 0.7793244272490667, 0.7617128492060155, 0.7624494602079867, 0.7694634521456507, 0.7831997287188842, 0.7508222207536729, 0.7564637865743884, 0.7487118485898923, 0.7785073797942296, 0.7832003962413148, 0.7840174436961518, 0.7772147226077165, 0.7744999088831883, 0.7757905635024102, 0.7576256093645387, 0.7495302310895902, 0.7844923859053975, 0.7566763924684778, 0.7632671751852542, 0.7580998840513539, 0.7529312578725927, 0.7874198055240152, 0.7615009108343563, 0.7563329521780257, 0.760209588692704, 0.7908208323070176, 0.7880242470847626, 0.7749735160475729, 0.7564637865743884, 0.7732079192191056, 0.775449125779249, 0.7904767244941349, 0.761369408915563, 0.7891854023524826, 0.789186069874913, 0.7840187787410127, 0.7683036319227917, 0.7661939272814414, 0.784967328114643, 0.7862586502562953, 0.7891854023524826, 0.7652460454302416, 0.770625274935801, 0.7944344649841097, 0.7562021177816628, 0.75163926820851, 0.7855213717318937, 0.7742899730788203, 0.7843608839866042, 0.7810913591223949, 0.7951710759860808, 0.7856535411731173, 0.7898729504558176, 0.7597346464834583, 0.7734715905791224, 0.7993904852687813, 0.787288303605222, 0.7906893303882244, 0.7942225266124505, 0.7678306922808374, 0.7824631177169131], "train_accs": [0.5932186632560321, 0.6275508636876648, 0.635133322576961, 0.6562243416338709, 0.6557343202923546, 0.6724060237578967, 0.6720201797609461, 0.7004092309348074, 0.705438033557957, 0.7130242163943824, 0.7275032527639501, 0.7336055572288878, 0.7501282325461096, 0.7427572275619928, 0.7496517063124218, 0.7604382474787098, 0.7589673540434588, 0.7570022250049485, 0.7566480758000121, 0.7547118646314974, 0.7663863090473785, 0.7711146007458983, 0.7709964379788902, 0.7688261878837638, 0.7831176781498197, 0.7711071161926034, 0.7793739824921634, 0.7686462775520727, 0.7791038634362906, 0.7829617932342052, 0.779644423842066, 0.7882355377924194, 0.8001419056030113, 0.7917212867217961, 0.7862725074837513, 0.7905067147975378, 0.784222535687534, 0.7954809153132111, 0.7991002497717631, 0.7904717695709498, 0.8075210198715044, 0.7936518096298065, 0.7881469542855246, 0.800200419535179, 0.8039379167607391, 0.7978066944258057, 0.8087963923353346, 0.800775925167542, 0.8091409582571342, 0.8047495967085929, 0.8144475157079771, 0.8121984334096773, 0.8225245324945624, 0.8010200376919049, 0.8152409761146672, 0.811177434945523, 0.8113898526778716, 0.8061762640711702, 0.8083929901873382, 0.8137791924499981, 0.8131869412752325, 0.817224475912867, 0.8190704783571997, 0.8075467041089847, 0.817707674091206, 0.8216164988515259, 0.8213913818179336, 0.8173510870603392, 0.8244451330233474, 0.8299576241394502, 0.8302921164634984, 0.8314322415218304, 0.8293369286072442, 0.8224151572041064, 0.8234317703310139, 0.822128292605831, 0.8307065560364152, 0.8199769035850079, 0.8240664512856622, 0.8355994865229849, 0.8231449057327387, 0.8303680006691496, 0.8321571143986018, 0.8354689635508211, 0.8334425604601833, 0.8270676991134424, 0.8197321296705273, 0.8327128119315509, 0.8228118874074514, 0.818832054093341, 0.8403927762207616, 0.8246102621260111, 0.8245137205532661, 0.8210295968411764, 0.8283195028716932, 0.8127502191179351, 0.8338191434680264, 0.8342599286685412, 0.8228856728832602, 0.8306239830840542], "val_losses": [0.17698021233081818, 0.17763613164424896, 0.1638394445180893, 0.16590949892997742, 0.15407246351242065, 0.1512109935283661, 0.14705073833465576, 0.1447676718235016, 0.14165475964546204, 0.14384201169013977, 0.14013390243053436, 0.13651104271411896, 0.13425950706005096, 0.1322256624698639, 0.1246403157711029, 0.13024529814720154, 0.1280619502067566, 0.12600469589233398, 0.11702524125576019, 0.12405725568532944, 0.12612265348434448, 0.1173802837729454, 0.11645983904600143, 0.12401518225669861, 0.11301503330469131, 0.11388416588306427, 0.11539997905492783, 0.11086490005254745, 0.10745197534561157, 0.1318591982126236, 0.11877497285604477, 0.1070583313703537, 0.11878597736358643, 0.11013130843639374, 0.11364521831274033, 0.10771305859088898, 0.1067652553319931, 0.10811381787061691, 0.10915275663137436, 0.10992562770843506, 0.11682004481554031, 0.1038418859243393, 0.1101260706782341, 0.10929029434919357, 0.11085975915193558, 0.10463042557239532, 0.11219990253448486, 0.10852440446615219, 0.11009405553340912, 0.10906811058521271, 0.11096343398094177, 0.11373702436685562, 0.11629949510097504, 0.10755735635757446, 0.10980480909347534, 0.10722917318344116, 0.11345979571342468, 0.10449568927288055, 0.10441292077302933, 0.10877286642789841, 0.10569877922534943, 0.10516443103551865, 0.10830798000097275, 0.10273870825767517, 0.10790981352329254, 0.10419163107872009, 0.1126556321978569, 0.10507208853960037, 0.1131853461265564, 0.10846035927534103, 0.1084284707903862, 0.11109226197004318, 0.10498542338609695, 0.10418464988470078, 0.10543860495090485, 0.10299563407897949, 0.1050335168838501, 0.10052834451198578, 0.10224977880716324, 0.10830678790807724, 0.10561414808034897, 0.111832395195961, 0.11585801839828491, 0.11152710020542145, 0.11025495827198029, 0.11249017715454102, 0.10121674090623856, 0.11055127531290054, 0.10353531688451767, 0.10073012113571167, 0.1070149764418602, 0.10576256364583969, 0.10639820992946625, 0.1009758710861206, 0.10355731099843979, 0.10662614554166794, 0.11181757599115372, 0.10369978100061417, 0.10166098922491074, 0.115955650806427],