{"n_classes": 3, "train_acc": 0.6043777243869459, "val_acc": 0.6345097748647098, "test_acc": 0.5904548823247326, "confusion_matrix": [176, 60, 77, 27, 143, 28, 13, 26, 37], "val_accs": [0.5489207163583714, 0.5568845927145266, 0.5577023076917942, 0.5815114977401028, 0.5580450804598162, 0.5656648490030886, 0.5818542705081248, 0.5664832315027866, 0.5779789690383071, 0.5800886736796573, 0.5707019732630566, 0.5728116779044068, 0.5741036675684895, 0.5821983783210075, 0.5753956572325721, 0.5741036675684895, 0.5783224093287594, 0.5796143989928422, 0.577504694351492, 0.5728116779044068, 0.5762133722098397, 0.5766876468966549, 0.5868907272456623, 0.5783230768511899, 0.5864171200812776, 0.5758685968745265, 0.5838338082755427, 0.5843074154399274, 0.5898188143867105, 0.5885268247226277, 0.5898188143867105, 0.5800880061572269, 0.5838338082755427, 0.58981814686428, 0.5855987375815795, 0.5940375561469805, 0.58981814686428, 0.5881820493873146, 0.5919278515056302, 0.6017874915641853, 0.605533293682501, 0.6131537297482038, 0.6153936012634864, 0.6060069008468857, 0.6246494672837244, 0.6212484405007219, 0.6251237419705395, 0.6209043326878391, 0.6157377090763693, 0.6272334466118897, 0.6255973491349243, 0.62934315125324, 0.6280511615891573, 0.6264150641121918, 0.6272334466118897, 0.6225404301648046, 0.6324000702233596, 0.6345097748647098, 0.6345097748647098, 0.6170296987404519, 0.6234883120160045, 0.6289983759179268, 0.6234883120160045, 0.6264157316346223, 0.6277070537762744, 0.6209056677327, 0.6209043326878391, 0.6132838966221362, 0.6153936012634864, 0.6137581713089514, 0.6137581713089514, 0.620087285233002, 0.6187959630913498, 0.6230153723740502, 0.6192695702557345, 0.6311087480817074, 0.6289997109627876, 0.6217220476651066, 0.6145765538086493, 0.6209056677327, 0.6150501609730341, 0.62818199598552, 0.6247803016800871, 0.6239625867028197, 0.6226712645611674, 0.6205608923973868, 0.6239625867028197, 0.6213792748970847, 0.6184518552784669, 0.6171598656143843, 0.6218528820614695, 0.6281813284630896, 0.6328750124326052, 0.6150501609730341, 0.6213792748970847, 0.62818199598552, 0.6157363740315084, 0.6226712645611674, 0.6273642810082526, 0.6231448717255522], "train_accs": [0.5327620877865088, 0.5445736904601685, 0.5515299167752805, 0.5573773737279868, 0.5570973322928888, 0.5610979741926188, 0.5613235647387663, 0.5642331466456624, 0.5661713053254934, 0.5680273813675772, 0.567900770220105, 0.5676122804045428, 0.5717042659311277, 0.5719014121198349, 0.573136792629713, 0.5717119017029482, 0.5708371712671543, 0.5738288358117973, 0.5748301773950636, 0.5751279281997332, 0.5775970640022025, 0.5757409879601185, 0.5802272658641179, 0.5771466955185504, 0.5767767844553587, 0.577938379489428, 0.5790027715606343, 0.5844182307893779, 0.5818593765773409, 0.5845893704465753, 0.5842295329811346, 0.5847788808634621, 0.5879777651945635, 0.5902388686019308, 0.5890387556126704, 0.5907714709418558, 0.592364251091244, 0.5904636465394351, 0.5932674258844783, 0.5918885374661998, 0.5940784444422144, 0.59850945884862, 0.5971598273964253, 0.5944022017783941, 0.6067907840831778, 0.6049078889009406, 0.6077653065262906, 0.6013307963447091, 0.6012687096839381, 0.6034132755415843, 0.6018725084552158, 0.6053606952105229, 0.6055502056274095, 0.6020704672525666, 0.6071530593745489, 0.6081997420761837, 0.6050252390593053, 0.6064870227239744, 0.6043777243869459, 0.6106043533919515, 0.609029131393609, 0.6040422682357284, 0.607614975454713, 0.6108491273064319, 0.609710288369299, 0.6140411884743561, 0.606982732325995, 0.6073617531597684, 0.6102981542068177, 0.6090206830131449, 0.6110378251146752, 0.6094242363796671, 0.6144622999919244, 0.6125878531901511, 0.6116946007761421, 0.609153304715151, 0.61140611096058, 0.6120175455036783, 0.6140303022679617, 0.6142727895750376, 0.6164986254617874, 0.6141629239699677, 0.6136428330537241, 0.6119125555504691, 0.6168248206238974, 0.6144722223711495, 0.6105144837638578, 0.6168264458411844, 0.617404238080952, 0.6107701438847327, 0.6124594656068661, 0.6134087941271124, 0.6121381460966169, 0.6147347056552017, 0.619330849164271, 0.6159837324914341, 0.6151779118795884, 0.6195348185161555, 0.6148052406964367, 0.6147976049246161], "val_losses": [0.19457878172397614, 0.18674346804618835, 0.18205642700195312, 0.1819877326488495, 0.18050800263881683, 0.1813487708568573, 0.17775793373584747, 0.1797170341014862, 0.1789717674255371, 0.17697793245315552, 0.17905965447425842, 0.17829102277755737, 0.1753036230802536, 0.17479880154132843, 0.17457357048988342, 0.17651833593845367, 0.1769554167985916, 0.17564977705478668, 0.17610765993595123, 0.1753217577934265, 0.1732747107744217, 0.1728069931268692, 0.1737397164106369, 0.17340023815631866, 0.1744665652513504, 0.17437338829040527, 0.1719435602426529, 0.17423444986343384, 0.17331527173519135, 0.17389360070228577, 0.172982320189476, 0.17237576842308044, 0.17318220436573029, 0.17169801890850067, 0.17348630726337433, 0.17205211520195007, 0.17342182993888855, 0.17218491435050964, 0.17058925330638885, 0.17164552211761475, 0.17029991745948792, 0.172130286693573, 0.17082355916500092, 0.1703483909368515, 0.17190863192081451, 0.1711760312318802, 0.17183326184749603, 0.17238464951515198, 0.17094643414020538, 0.17038537561893463, 0.17194218933582306, 0.16988162696361542, 0.16884544491767883, 0.170541912317276, 0.17000547051429749, 0.16894842684268951, 0.17171449959278107, 0.1698947697877884, 0.1701056957244873, 0.16973760724067688, 0.1688890904188156, 0.17126086354255676, 0.16757731139659882, 0.16764578223228455, 0.1707923710346222, 0.16700193285942078, 0.16772697865962982, 0.1677079051733017, 0.16896773874759674, 0.16692814230918884, 0.1679879128932953, 0.16902299225330353, 0.16923391819000244, 0.1688777655363083, 0.1672009378671646, 0.17043468356132507, 0.1700739860534668, 0.17018139362335205, 0.16748656332492828, 0.16829191148281097, 0.16917802393436432, 0.1686360090970993, 0.16766035556793213, 0.16780447959899902, 0.16789419949054718, 0.1671261191368103, 0.1677321195602417, 0.16434532403945923, 0.16458816826343536, 0.16637922823429108, 0.16987638175487518, 0.1679973602294922, 0.1679474264383316, 0.16781654953956604, 0.16763225197792053, 0.16929247975349426, 0.1730303317308426, 0.16812050342559814, 0.16692648828029633, 0.1654248982667923],