{"n_classes": 2, "train_acc": 0.8865003688504113, "val_acc": 0.9127942934894652, "test_acc": 0.8864675027914103, "confusion_matrix": [179, 19, 51, 338], "val_accs": null, "train_accs": null, "val_losses": null, "train_losses": null}