{"training_acc": 0.6664529064632776, "validation_acc": 0.6540758648823587, "classes": ["aerobe", "anaerobe", "facultative"], "confusion_matrix": [223, 37, 77, 29, 174, 33, 16, 22, 49], "f1_score": 0.6942493952018092, "training_losses": [0.5846878886222839, 0.5583769083023071, 0.5446242094039917, 0.5358172655105591, 0.5293904542922974, 0.5243306159973145, 0.5202303528785706, 0.5168041586875916, 0.5138767957687378, 0.5112960338592529, 0.5089777112007141, 0.506879448890686, 0.5049895644187927, 0.5032623410224915, 0.5016638040542603, 0.5001802444458008, 0.4987986385822296, 0.4975024461746216, 0.4962950646877289, 0.4951397478580475, 0.4940512478351593, 0.49302881956100464, 0.4920510947704315, 0.49110791087150574, 0.4902063310146332, 0.4893530309200287, 0.48852500319480896, 0.4877401292324066, 0.4869847297668457, 0.4862601161003113, 0.4855646789073944, 0.4848945140838623, 0.4842449128627777, 0.4836124777793884, 0.48299190402030945, 0.48238974809646606, 0.4817940890789032, 0.48122861981391907, 0.4806719720363617, 0.48013341426849365, 0.4796049892902374, 0.47909605503082275, 0.4786064028739929, 0.4781249761581421, 0.4776662588119507, 0.4772138297557831, 0.47677844762802124, 0.4763544797897339, 0.47595009207725525, 0.47555628418922424, 0.47518259286880493, 0.474800169467926, 0.4744410216808319, 0.47409936785697937, 0.47375553846359253, 0.473422110080719, 0.47309958934783936, 0.4727918207645416, 0.4724826216697693, 0.4721943736076355, 0.47191083431243896, 0.4716266095638275, 0.4713568091392517, 0.4710923135280609, 0.4708397686481476, 0.4705844819545746, 0.47033220529556274, 0.4700847268104553, 0.46985214948654175, 0.469623863697052, 0.469415545463562, 0.469195693731308, 0.4689776599407196, 0.4687744379043579, 0.46857011318206787, 0.46837544441223145, 0.4681788384914398, 0.467987984418869, 0.46781063079833984, 0.4676370620727539, 0.4674680233001709, 0.467313289642334, 0.46715858578681946, 0.46699970960617065, 0.46684619784355164, 0.4667038917541504, 0.46655234694480896, 0.4664069712162018, 0.46626874804496765, 0.4661308526992798, 0.4660012423992157, 0.4658767282962799, 0.4657536745071411, 0.46562495827674866, 0.4655020833015442, 0.4653780460357666, 0.4652581512928009, 0.46515074372291565, 0.4650290608406067, 0.4649236500263214], "validation_losses": [0.1809641718864441, 0.1754235178232193, 0.1723511964082718, 0.17026108503341675, 0.16870392858982086, 0.167465478181839, 0.1664646863937378, 0.1656288355588913, 0.16494067013263702, 0.16431458294391632, 0.16374844312667847, 0.16324356198310852, 0.1627790778875351, 0.16234777867794037, 0.16195574402809143, 0.16160038113594055, 0.16125857830047607, 0.16091853380203247, 0.1606011539697647, 0.16030026972293854, 0.16001813113689423, 0.15973512828350067, 0.15945851802825928, 0.15918990969657898, 0.15894927084445953, 0.15870405733585358, 0.15846198797225952, 0.1582367718219757, 0.15802302956581116, 0.15780693292617798, 0.15760038793087006, 0.15739047527313232, 0.15719839930534363, 0.1570141762495041, 0.15681657195091248, 0.15665017068386078, 0.15646770596504211, 0.15628407895565033, 0.15611471235752106, 0.15593545138835907, 0.1557544320821762, 0.15559960901737213, 0.15544754266738892, 0.15527556836605072, 0.15512044727802277, 0.15497195720672607, 0.15483595430850983, 0.1547057032585144, 0.15459348261356354, 0.15445895493030548, 0.15432611107826233, 0.15419845283031464, 0.15406571328639984, 0.15395186841487885, 0.1538269966840744, 0.15371185541152954, 0.1536230891942978, 0.153507798910141, 0.15340392291545868, 0.15329165756702423, 0.15317925810813904, 0.15309303998947144, 0.15300318598747253, 0.1528976857662201, 0.152811661362648, 0.15273232758045197, 0.15262636542320251, 0.15254762768745422, 0.1524730920791626, 0.15238621830940247, 0.15230564773082733, 0.15223534405231476, 0.1521594375371933, 0.15209287405014038, 0.1520058810710907, 0.1519295871257782, 0.15186040103435516, 0.15179315209388733, 0.15172801911830902, 0.15167492628097534, 0.15161047875881195, 0.15154077112674713, 0.15148358047008514, 0.1514168381690979, 0.1513606309890747, 0.1513146609067917, 0.15125772356987, 0.1512010097503662, 0.15115395188331604, 0.15108954906463623, 0.15104332566261292, 0.15100669860839844, 0.15095829963684082, 0.15090502798557281, 0.1508551687002182, 0.1508147120475769, 0.1507769376039505, 0.15073779225349426, 0.15068621933460236, 0.15065522491931915], "training_accs": [0.5374028727285901, 0.5821254472486578, 0.5928443829484661, 0.6009341388477408, 0.6031406838404757, 0.6058108896026797, 0.6077665108542104, 0.6089202073998132, 0.6117349963957069, 0.6121495596960967, 0.6144106945669545, 0.6154989464915303, 0.6192274931099098, 0.6237442704425816, 0.6235697761404917, 0.624892604654324, 0.6262454743117393, 0.6288311791274201, 0.6316214193887741, 0.6333234077255524, 0.6336479776703755, 0.6362827799551357, 0.6380747616474807, 0.6385439148259935, 0.6405704731075947, 0.6414541895864975, 0.6414787383210371, 0.6428561567129921, 0.6430907333022486, 0.6434153032470716, 0.6442090263704077, 0.644443602959664, 0.644563637458814, 0.6447082206925037, 0.644618227336937, 0.6456465270495292, 0.6462056735836087, 0.6470539865850676, 0.6472885631743239, 0.6475231397635803, 0.647992292942093, 0.6483714527650392, 0.648840605943552, 0.6483115005530556, 0.6485460771423122, 0.6486906603760018, 0.6476924018069927, 0.6476924018069927, 0.6483961315747618, 0.6497735499667171, 0.6496835566111504, 0.6511509683586721, 0.6511509683586721, 0.651620121537185, 0.6523238513049542, 0.6523238513049542, 0.6522338579493875, 0.6527030111279002, 0.6546395760539347, 0.6551987225880143, 0.6554332991772708, 0.6554332991772708, 0.6554332991772708, 0.6561370289450399, 0.6561370289450399, 0.6579836005155077, 0.6584527536940206, 0.6589219068725334, 0.658013641659091, 0.6591564834617897, 0.6598602132295589, 0.6598602132295589, 0.6600947898188153, 0.6600947898188153, 0.6603293664080717, 0.660563942997328, 0.6610330961758408, 0.6612676727650973, 0.6615022493543536, 0.6615022493543536, 0.6628796677463088, 0.6626450911570524, 0.6631142443355651, 0.6633488209248216, 0.6640525506925907, 0.6640525506925907, 0.6640525506925907, 0.664287127281847, 0.663962557337024, 0.6641071405707136, 0.6645762937492264, 0.6645762937492264, 0.6648108703384829, 0.6650454469277393, 0.6650454469277393, 0.6648108703384829, 0.6657491766955085, 0.6659837532847648, 0.6662183298740212, 0.6664529064632776],