{"n_classes": 3, "train_acc": 0.9128901710997904, "val_acc": 0.8205352595360585, "test_acc": 0.781867495084243, "confusion_matrix": [269, 8, 36, 14, 164, 20, 18, 8, 50], "val_accs": [0.658923406473766, 0.7186553161152598, 0.7555139021558972, 0.7242451489476175, 0.7757094595271138, 0.7765291770716726, 0.7276468432530504, 0.7338968557690958, 0.759387868580854, 0.7957768525916893, 0.7843615515090345, 0.781224196086049, 0.7944835278827457, 0.7925877641803459, 0.7953025779048741, 0.793537648598837, 0.7600787542963413, 0.7725237087279225, 0.7867355950328321, 0.7685666357603781, 0.7848364937182802, 0.7749728485251426, 0.7732072516966751, 0.7956446831504657, 0.7953843494026008, 0.8008139768516571, 0.7476331323423295, 0.7806961858435848, 0.7928474304057801, 0.8113618325359777, 0.8055069932987423, 0.7974129500686548, 0.7956466857177568, 0.7968071734630463, 0.7924589323512743, 0.8015008574325618, 0.7819090740996625, 0.8072719226047793, 0.8126538222000604, 0.8084330778724992, 0.781988843030098, 0.7546124131136116, 0.8205352595360585, 0.8042143361122293, 0.7948303057853501, 0.7979689962531965, 0.7909530017482412, 0.7808276877623781, 0.8023192399322597, 0.7866034255916085, 0.7984426034175813, 0.8094633987438563, 0.789318906838567, 0.7523261487894147, 0.76123790699677, 0.7723084327441113, 0.7731268152438092, 0.7662750312567378, 0.7925884317027764, 0.7885011918612994, 0.7953019103824436, 0.8037400614254141, 0.7876808067943103, 0.8140773137829364, 0.7941434252044455, 0.8008146443740874, 0.7855684320632385, 0.7705408333483525, 0.7839376747657164, 0.7901346192485433, 0.7962524623233652, 0.7943546960536741, 0.7930627063895915, 0.7772167251750077, 0.804687943276614, 0.7453932608270469, 0.7954340798236673, 0.7854429378463189, 0.7861264808150716, 0.7860473794070666, 0.802580241202555, 0.805588764796469, 0.7785073797942296, 0.7971499462310683, 0.8022381359569635, 0.7908214998294479, 0.7786395492354532, 0.8110163896782341, 0.7910818335773128, 0.8058517686340555, 0.782041243540886, 0.8066681485664623, 0.782384016308908, 0.7851008326007275, 0.8005536431037924, 0.7949100747157857, 0.7906913329555155, 0.7929305369483678, 0.7800119753524019, 0.8008126418067963], "train_accs": [0.670006156732442, 0.7493841763010051, 0.7906320230217526, 0.7894008399715592, 0.8100425078330815, 0.8260346795402205, 0.8180917049933075, 0.8211635046643813, 0.8169457572580043, 0.8556722840377589, 0.8656299093991769, 0.864475476624373, 0.863690464598147, 0.8637510772601568, 0.8836515834130019, 0.877787380917893, 0.8708683696347151, 0.871592920217457, 0.8738455752443604, 0.8793195484052716, 0.9026105480359471, 0.8465327860322472, 0.8918275795982624, 0.8793414918935643, 0.8953502212655436, 0.896927407577261, 0.8996426034154094, 0.8705426479851606, 0.8972233819461181, 0.9170143249309447, 0.902633794447497, 0.8982617674858145, 0.9092386316776325, 0.9184652223892193, 0.9092194483092998, 0.920239215793556, 0.8994301856830607, 0.9154642968554688, 0.9194758249615932, 0.9109947644938718, 0.911021395756463, 0.877567347270702, 0.9128901710997904, 0.9084518432155938, 0.9023974689134807, 0.9131539405050414, 0.9194204102454737, 0.9074711223403851, 0.9187277056732716, 0.9210425985794716, 0.9231319009395237, 0.9235798315972453, 0.925368623032668, 0.9031904390055571, 0.8808728101132628, 0.9029365919795312, 0.9183309754699266, 0.8924468011317073, 0.925176674789851, 0.9174939503806804, 0.9352006377328195, 0.9210172534380793, 0.9182419184504763, 0.9227239622357546, 0.9233922854937336, 0.9328405549267766, 0.8772695964660322, 0.9028611812864357, 0.923442011949349, 0.9274593993914815, 0.9168035324158829, 0.9166353040971713, 0.9369946271141324, 0.9341248492836267, 0.9268287814800503, 0.8968742428095094, 0.9242369463548004, 0.9312545979405655, 0.9315751048421715, 0.9364737235892453, 0.9386642919553775, 0.9334773346112674, 0.9210510469599357, 0.9382720983078051, 0.934774328269361, 0.9459712459653483, 0.9318777312987018, 0.9221780358635049, 0.909958155389988, 0.9255873904156385, 0.9422322747410271, 0.9268916807494647, 0.9448985567322037, 0.9453437272699654, 0.937596951886649, 0.9215880346371074, 0.910930542444222, 0.9337012999401281, 0.9326455074679116, 0.938771719734517], "val_losses": [0.1666937917470932, 0.1204729974269867, 0.120677649974823, 0.13203008472919464, 0.1053522452712059, 0.09820128232240677, 0.126348614692688, 0.11283019930124283, 0.11234978586435318, 0.09056957066059113, 0.10193544626235962, 0.08703792840242386, 0.09332230687141418, 0.09184303134679794, 0.09425622224807739, 0.08431077748537064, 0.0972723439335823, 0.0875016376376152, 0.0895942822098732, 0.08946793526411057, 0.09318014979362488, 0.10746340453624725, 0.10142795741558075, 0.10186087340116501, 0.09690209478139877, 0.08575420081615448, 0.10088246315717697, 0.11123267561197281, 0.09145338833332062, 0.08599216490983963, 0.08378344774246216, 0.0826149508357048, 0.08000040799379349, 0.0866059735417366, 0.08381881564855576, 0.08961314707994461, 0.0943710133433342, 0.09167730063199997, 0.08513660728931427, 0.09257946163415909, 0.10346424579620361, 0.10691429674625397, 0.08444426953792572, 0.09578567743301392, 0.08044992387294769, 0.08952831476926804, 0.0878724679350853, 0.10805867612361908, 0.0849197581410408, 0.0877944827079773, 0.08997566998004913, 0.09806548058986664, 0.08393465727567673, 0.10522914677858353, 0.1093292310833931, 0.0975329577922821, 0.0929001122713089, 0.10274948924779892, 0.08788096159696579, 0.08146761357784271, 0.09279636293649673, 0.09510667622089386, 0.09393137693405151, 0.07783349603414536, 0.07479914277791977, 0.08468201011419296, 0.11584930866956711, 0.10737965255975723, 0.09042287617921829, 0.09424705058336258, 0.08017456531524658, 0.08976167440414429, 0.08812015503644943, 0.09382673352956772, 0.09244699776172638, 0.10274430364370346, 0.08668854832649231, 0.08511661738157272, 0.10245383530855179, 0.08718191832304001, 0.08140258491039276, 0.09148715436458588, 0.09457103163003922, 0.09450558573007584, 0.07659387588500977, 0.0899893268942833, 0.09003344923257828, 0.09694623202085495, 0.10008669644594193, 0.08298888057470322, 0.08267847448587418, 0.08894719928503036, 0.0910331979393959, 0.07659244537353516, 0.08590696007013321, 0.09702921658754349, 0.09576507657766342, 0.09694558382034302, 0.09690278023481369, 0.09386061877012253],