{"n_classes": 3, "train_acc": 0.5998415137545573, "val_acc": 0.637212163712865, "test_acc": 0.6534506278638638, "confusion_matrix": [279, 22, 40, 8, 209, 9, 38, 34, 20], "val_accs": [0.5958168642951251, 0.6226401462025585, 0.6322657146500064, 0.6275151940158953, 0.6268309320413107, 0.6244066896170682, 0.6297830337030897, 0.6244066896170682, 0.6250909515916528, 0.627886650516384, 0.6280430532534319, 0.6244066896170682, 0.6244066896170682, 0.6299394364401377, 0.6297830337030897, 0.6260034425602449, 0.6302392791873858, 0.6332629946024055, 0.6250909515916528, 0.6200992392366866, 0.6249345488546049, 0.6244066896170682, 0.6347879212886226, 0.6244066896170682, 0.6244066896170682, 0.6335758000765014, 0.627886650516384, 0.6244066896170682, 0.6297830337030897, 0.6237224276424838, 0.6244066896170682, 0.637212163712865, 0.6273587912788473, 0.6244066896170682, 0.6311515576522589, 0.6311515576522589, 0.6244066896170682, 0.6297830337030897, 0.6332629946024055, 0.6273587912788473, 0.6273587912788473, 0.6268309320413107, 0.6311515576522589, 0.6273587912788473, 0.6244066896170682, 0.6285709124909686, 0.6273587912788473, 0.6297830337030897, 0.6292551744655531, 0.6292551744655531, 0.6285709124909686, 0.6237224276424838, 0.6244066896170682, 0.6244066896170682, 0.6268309320413107, 0.6244066896170682, 0.6273587912788473, 0.6244066896170682, 0.6244066896170682, 0.6292551744655531, 0.6244066896170682, 0.6244066896170682, 0.6297830337030897, 0.6268309320413107, 0.6244066896170682, 0.6244066896170682, 0.6256188108291895, 0.6268309320413107, 0.6268309320413107, 0.6275151940158953, 0.6250909515916528, 0.6268309320413107, 0.6244066896170682, 0.6244066896170682, 0.6244066896170682, 0.6244066896170682, 0.6244066896170682, 0.6268309320413107, 0.6268309320413107, 0.6244066896170682, 0.6280430532534319, 0.6250909515916528, 0.6275151940158953, 0.6280430532534319, 0.6280430532534319, 0.6256188108291895, 0.6268309320413107, 0.6292551744655531, 0.6275151940158953, 0.6268309320413107, 0.6292551744655531, 0.6292551744655531, 0.6268309320413107, 0.6268309320413107, 0.6250909515916528, 0.6250909515916528, 0.6250909515916528, 0.6280430532534319, 0.6292551744655531, 0.6292551744655531], "train_accs": [0.5894320407363886, 0.598695350869264, 0.6057229805055893, 0.6075470788514267, 0.6049540510410076, 0.605266202657507, 0.6072475820301908, 0.608824610563741, 0.604424960077134, 0.6145897737202085, 0.607024616589834, 0.6057314170357649, 0.6044412305281871, 0.6031926240621893, 0.6072475820301908, 0.6147940582723191, 0.6138576034228208, 0.612025671156106, 0.607257223778963, 0.6169345264997439, 0.6136533188707102, 0.6059320859320859, 0.6027756184277923, 0.6053969688752298, 0.609216306607611, 0.6008068938503721, 0.6126499743891048, 0.604874506613637, 0.6058013197143632, 0.6118280153062762, 0.6057314170357649, 0.5998415137545573, 0.6098815872728917, 0.6050528789659224, 0.6004724456898369, 0.6013420109072283, 0.6076109554370425, 0.6079707131881046, 0.6135291813552682, 0.6078399469703818, 0.6082732230558318, 0.6049540510410076, 0.6020651420651421, 0.6093277893277894, 0.6082605682605683, 0.6100955135737745, 0.6122962427310253, 0.6079707131881046, 0.6067793546054415, 0.6069227756184278, 0.607391003043177, 0.6098466359335925, 0.6040398927355449, 0.6061677061677062, 0.6043170930127452, 0.6049763475850433, 0.6112832565006479, 0.6060911747868271, 0.605266202657507, 0.6050432372171503, 0.6051101268492572, 0.6057314170357649, 0.6075790171442346, 0.6071680376028201, 0.6070342583386061, 0.6053969688752298, 0.6056325891108499, 0.6045177619090664, 0.6055307481394437, 0.6057091204917292, 0.6050878303052216, 0.6048522100696013, 0.6039922866009823, 0.6058302449606797, 0.60567416915243, 0.6054445750097924, 0.6057314170357649, 0.6053300792431227, 0.605515080297689, 0.6050528789659224, 0.6044635270722227, 0.6050878303052216, 0.6062888306366566, 0.6044635270722227, 0.6044635270722227, 0.6037946307511525, 0.6044605140257314, 0.6043616861008165, 0.6039730031034378, 0.60354936876676, 0.603348699870439, 0.6042182650878303, 0.6030142517099039, 0.6033041067823676, 0.6039730031034378, 0.6056229473620779, 0.6050878303052216, 0.6044635270722227, 0.6025237277411191, 0.6039284100153667], "val_losses": [0.13433711230754852, 0.1291121244430542, 0.13206486403942108, 0.1341659277677536, 0.13255663216114044, 0.1325208991765976, 0.13290175795555115, 0.13289548456668854, 0.12877343595027924, 0.1352328062057495, 0.13050152361392975, 0.13094575703144073, 0.13080550730228424, 0.1289287656545639, 0.1318841427564621, 0.1371174156665802, 0.13634343445301056, 0.1345221996307373, 0.13065211474895477, 0.134788379073143, 0.13350923359394073, 0.13163016736507416, 0.1295616626739502, 0.13174065947532654, 0.1328241527080536, 0.12914693355560303, 0.13437184691429138, 0.13175009191036224, 0.1318512111902237, 0.13381271064281464, 0.13187910616397858, 0.12832000851631165, 0.13233640789985657, 0.13165482878684998, 0.13000421226024628, 0.12954798340797424, 0.1328609585762024, 0.1330910176038742, 0.1361284852027893, 0.1330147385597229, 0.13345281779766083, 0.13173933327198029, 0.13082025945186615, 0.13402602076530457, 0.13329192996025085, 0.13436895608901978, 0.13410484790802002, 0.13375449180603027, 0.13228248059749603, 0.13254298269748688, 0.1341594159603119, 0.1344771683216095, 0.13235774636268616, 0.13313160836696625, 0.1326761692762375, 0.13329394161701202, 0.13456463813781738, 0.1337941735982895, 0.13333968818187714, 0.13268890976905823, 0.13356201350688934, 0.13384045660495758, 0.1348123848438263, 0.1335669308900833, 0.1340140849351883, 0.1341700702905655, 0.13353689014911652, 0.13371266424655914, 0.1338302344083786, 0.13324974477291107, 0.13296248018741608, 0.13379691541194916, 0.13442352414131165, 0.13487941026687622, 0.13433298468589783, 0.13396301865577698, 0.13451194763183594, 0.13390111923217773, 0.13439613580703735, 0.13420440256595612, 0.13345633447170258, 0.1332971602678299, 0.1334129273891449, 0.13329005241394043, 0.13357298076152802, 0.13391143083572388, 0.13416536152362823, 0.13373173773288727, 0.13308505713939667, 0.1337391585111618, 0.13343584537506104, 0.1335468292236328, 0.13372427225112915, 0.13371825218200684, 0.1333705484867096, 0.13387753069400787, 0.13370448350906372, 0.1339976042509079, 0.13330380618572235, 0.13348034024238586],