{"training_acc": 0.6532264798384622, "validation_acc": 0.6544070166797605, "classes": ["aerobe", "anaerobe", "facultative"], "confusion_matrix": [312, 11, 14, 33, 196, 7, 55, 14, 18], "f1_score": 0.7766971489576885, "n_iter": 142, "converged": true, "C": 100, "penalty": "l2", "max_iter": 100000, "feature_type": "aa_1mer", "model_class": "logistic", "binary": 0}