{"training_acc": 0.5419909256602299, "validation_acc": 0.5449873618908161, "classes": ["aerobe", "anaerobe", "facultative"], "confusion_matrix": [296, 39, 2, 69, 165, 2, 54, 28, 5], "f1_score": 0.665707479249146, "n_iter": 476, "converged": true, "C": 100, "penalty": "l2", "max_iter": 100000, "feature_type": "cds_2mer", "model_class": "logistic", "binary": 0}