{"n_classes": 3, "train_acc": 0.6512378542311149, "val_acc": 0.675722609718993, "test_acc": 0.6240753762613525, "confusion_matrix": [199, 34, 80, 4, 138, 56, 19, 16, 41], "val_accs": [0.567138071007031, 0.5902113175757988, 0.6032116506694916, 0.626203793262963, 0.6274964504494762, 0.6368838183885074, 0.6454534713502711, 0.648379555924028, 0.6530732398935436, 0.6504892605653781, 0.6530732398935436, 0.659875960981979, 0.6530732398935436, 0.6666793495928447, 0.6687890542341949, 0.6687890542341949, 0.6671542918020902, 0.6739570128905257, 0.6679713392569274, 0.6679713392569274, 0.66926332892101, 0.6640953702646794, 0.66926332892101, 0.6632776552874119, 0.6645696449514945, 0.6619856656233292, 0.6684456139437426, 0.6632776552874119, 0.6658616346155772, 0.6671536242796599, 0.6645696449514945, 0.6632776552874119, 0.6645696449514945, 0.6645696449514945, 0.6671536242796599, 0.6645696449514945, 0.6697376036078252, 0.6632776552874119, 0.6684456139437426, 0.6645696449514945, 0.6658616346155772, 0.6671536242796599, 0.6697376036078252, 0.6671536242796599, 0.6713723660399299, 0.6658616346155772, 0.6710295932719079, 0.6684456139437426, 0.6684456139437426, 0.6684456139437426, 0.6692626613985797, 0.6697376036078252, 0.6697376036078252, 0.6684456139437426, 0.6684456139437426, 0.6697376036078252, 0.6684456139437426, 0.6736135726000733, 0.6684456139437426, 0.6671536242796599, 0.6697376036078252, 0.6697376036078252, 0.6710295932719079, 0.6723215829359906, 0.6697376036078252, 0.6710295932719079, 0.6710295932719079, 0.6744306200549103, 0.675722609718993, 0.6684456139437426, 0.6723215829359906, 0.6710295932719079, 0.6697376036078252, 0.6710295932719079, 0.6684456139437426, 0.6710295932719079, 0.6723215829359906, 0.6710295932719079, 0.6710295932719079, 0.6731392979132581, 0.6710295932719079, 0.6697376036078252, 0.6718473082491755, 0.6705553185850928, 0.6705553185850928, 0.6697376036078252, 0.6718473082491755, 0.6705553185850928, 0.6710295932719079, 0.6710295932719079, 0.6718473082491755, 0.6731392979132581, 0.6718473082491755, 0.6710295932719079, 0.6718473082491755, 0.6718473082491755, 0.6697376036078252, 0.6718473082491755, 0.6718473082491755, 0.6731392979132581], "train_accs": [0.5593610614037487, 0.5852622669193636, 0.602164097486826, 0.606542947611686, 0.6168815581202524, 0.626904859673103, 0.632422548735096, 0.6367997736426689, 0.6365389155759038, 0.6418446604181033, 0.6429004528903199, 0.6493710432011625, 0.6478127179637482, 0.6495974463559535, 0.6422261190778071, 0.6497954051533044, 0.645633697194128, 0.645273047120044, 0.6500838949688664, 0.6518057240916574, 0.6517780923428605, 0.6536249073958369, 0.6507330348585126, 0.6554449033086599, 0.6542379671562222, 0.6564186131431291, 0.6554104483966857, 0.6555715144561322, 0.6562206543457784, 0.6555723270647755, 0.6563196337444538, 0.6548233951678104, 0.6563196337444538, 0.6573923229775985, 0.6573923229775985, 0.6573923229775985, 0.6504998085405443, 0.657491302376274, 0.6560587756776884, 0.6585279114801575, 0.6575818333944853, 0.6568068949660101, 0.6527072736676048, 0.6557979176109233, 0.6580682820073981, 0.6583928519522212, 0.6517620081905757, 0.6531937222805176, 0.6531669031403643, 0.6517972757111933, 0.6555983335962855, 0.6517972757111933, 0.6531308230111033, 0.6541037202369292, 0.6537799629007495, 0.6512471152202225, 0.653356413557251, 0.6551143228093029, 0.6533916810778685, 0.6563472654932506, 0.6543930226611349, 0.6507522182268455, 0.6519952345085441, 0.6504637284112833, 0.6531584547599002, 0.6507882983561065, 0.6537438827714886, 0.6514642573859061, 0.6512378542311149, 0.6526074816602859, 0.6517611955819324, 0.6532574341585756, 0.652121033047373, 0.6505266276806978, 0.654265598905019, 0.65332033342799, 0.6506256070793732, 0.6533832326974044, 0.6501030783371993, 0.6535811914947552, 0.653356413557251, 0.6507874857474629, 0.6505258150720543, 0.6515347924271412, 0.6520212410400542, 0.6503278562747035, 0.6518601749806078, 0.6526074816602859, 0.6515632367845815, 0.6518878067294046, 0.6515985043051992, 0.651175767570344, 0.6506885063487875, 0.6528615165638739, 0.6526711935383438, 0.6528330722064336, 0.6522468315862019, 0.6506247944707297, 0.6503639364039645, 0.6530594753612248], "val_losses": [0.1775982528924942, 0.171333447098732, 0.16458633542060852, 0.16329321265220642, 0.15872035920619965, 0.1551719307899475, 0.15221092104911804, 0.15514825284481049, 0.15363192558288574, 0.15443110466003418, 0.15351785719394684, 0.152854323387146, 0.15126104652881622, 0.15118925273418427, 0.15005213022232056, 0.15092219412326813, 0.14870640635490417, 0.1485719084739685, 0.14991125464439392, 0.14844459295272827, 0.14873619377613068, 0.14938068389892578, 0.1483336240053177, 0.14964637160301208, 0.1493208408355713, 0.14874586462974548, 0.14740239083766937, 0.14868536591529846, 0.1484730839729309, 0.14731010794639587, 0.1485852599143982, 0.14908447861671448, 0.14858125150203705, 0.14758338034152985, 0.1474853903055191, 0.1473645716905594, 0.14634862542152405, 0.14741896092891693, 0.14699164032936096, 0.14749795198440552, 0.14729763567447662, 0.1471894383430481, 0.14684860408306122, 0.14686179161071777, 0.14759831130504608, 0.14724679291248322, 0.14587527513504028, 0.1465510129928589, 0.14594987034797668, 0.1464204341173172, 0.14810924232006073, 0.1460946649312973, 0.1464090496301651, 0.14644083380699158, 0.1457996815443039, 0.14607170224189758, 0.14597134292125702, 0.14539724588394165, 0.1462886482477188, 0.1467772275209427, 0.14588558673858643, 0.1457398533821106, 0.14585945010185242, 0.1453782618045807, 0.14562131464481354, 0.14539040625095367, 0.1458507627248764, 0.14556322991847992, 0.1460360586643219, 0.14677894115447998, 0.1457022875547409, 0.14540532231330872, 0.14603298902511597, 0.14576192200183868, 0.14636696875095367, 0.14534758031368256, 0.14566507935523987, 0.14558951556682587, 0.14521978795528412, 0.14557978510856628, 0.1450517177581787, 0.14564985036849976, 0.14617228507995605, 0.14599640667438507, 0.14621073007583618, 0.1457323282957077, 0.14571909606456757, 0.1459732949733734, 0.14498284459114075, 0.14517953991889954, 0.14567521214485168, 0.14487424492835999, 0.1453581303358078, 0.14438538253307343, 0.14545445144176483, 0.14580659568309784, 0.1458221822977066, 0.14604489505290985, 0.14550445973873138, 0.14487692713737488],