{"training_acc": 0.653591828924613, "validation_acc": 0.6642788484807495, "classes": ["aerobe", "anaerobe", "facultative"], "confusion_matrix": [195, 42, 102, 18, 193, 32, 20, 9, 48], "f1_score": 0.6863135057290847, "training_losses": [0.581476092338562, 0.5563470125198364, 0.542539656162262, 0.5334882736206055, 0.5268779397010803, 0.5217351317405701, 0.5175296664237976, 0.5139400959014893, 0.5108264684677124, 0.5080776810646057, 0.5056219100952148, 0.5033935308456421, 0.5013387203216553, 0.4994693994522095, 0.497740775346756, 0.49613940715789795, 0.49463358521461487, 0.4932297170162201, 0.49191734194755554, 0.49067121744155884, 0.48951026797294617, 0.4884171783924103, 0.48737871646881104, 0.48637956380844116, 0.48543328046798706, 0.484526664018631, 0.48365962505340576, 0.48283347487449646, 0.48204004764556885, 0.4812924265861511, 0.48058128356933594, 0.4799007773399353, 0.47924044728279114, 0.4786105751991272, 0.4780028462409973, 0.47740209102630615, 0.47682973742485046, 0.47627341747283936, 0.4757445454597473, 0.47523531317710876, 0.474741131067276, 0.47427472472190857, 0.47380685806274414, 0.4733642339706421, 0.4729372560977936, 0.47252416610717773, 0.4721260368824005, 0.47172656655311584, 0.4713653326034546, 0.470994770526886, 0.4706486165523529, 0.4703153073787689, 0.46998849511146545, 0.4696713387966156, 0.46935877203941345, 0.4690603017807007, 0.46876290440559387, 0.46848198771476746, 0.4681982100009918, 0.46792325377464294, 0.4676559567451477, 0.4674031138420105, 0.46715593338012695, 0.4669087827205658, 0.46666231751441956, 0.4664401710033417, 0.4662204086780548, 0.4659968614578247, 0.4657934606075287, 0.4655836522579193, 0.4653838872909546, 0.46519914269447327, 0.4650089144706726, 0.4648262560367584, 0.4646390378475189, 0.46446022391319275, 0.4642825126647949, 0.4641169309616089, 0.46394670009613037, 0.4637796878814697, 0.463613361120224, 0.46345534920692444, 0.4632965624332428, 0.46313905715942383, 0.4629858732223511, 0.46284884214401245, 0.4627040922641754, 0.4625726044178009, 0.4624378979206085, 0.46230649948120117, 0.4621785581111908, 0.4620315432548523, 0.4619113504886627, 0.4617820680141449, 0.46165359020233154, 0.46153298020362854, 0.4614134728908539, 0.46130427718162537, 0.46117305755615234, 0.46107304096221924], "validation_losses": [0.18045657873153687, 0.17511001229286194, 0.17182330787181854, 0.16962489485740662, 0.16802339255809784, 0.16681215167045593, 0.16586023569107056, 0.16507361829280853, 0.16441035270690918, 0.16383633017539978, 0.1633283793926239, 0.16287030279636383, 0.16245709359645844, 0.16208483278751373, 0.16172465682029724, 0.16139288246631622, 0.16108699142932892, 0.16079671680927277, 0.1605149209499359, 0.16025052964687347, 0.16001200675964355, 0.15977977216243744, 0.15955401957035065, 0.15933379530906677, 0.15913152694702148, 0.1589358001947403, 0.15874092280864716, 0.15855833888053894, 0.15838457643985748, 0.15822607278823853, 0.15805698931217194, 0.15789727866649628, 0.1577366292476654, 0.15757977962493896, 0.15741150081157684, 0.15726982057094574, 0.157117560505867, 0.15697936713695526, 0.156836599111557, 0.15670745074748993, 0.15656660497188568, 0.15644946694374084, 0.1563131958246231, 0.15617434680461884, 0.15604765713214874, 0.1559419333934784, 0.15581488609313965, 0.15569713711738586, 0.1555928736925125, 0.15548047423362732, 0.1553700864315033, 0.15527252852916718, 0.15517668426036835, 0.15508291125297546, 0.15499235689640045, 0.15490005910396576, 0.1548118144273758, 0.1547384113073349, 0.15465454757213593, 0.15456610918045044, 0.15447598695755005, 0.15441212058067322, 0.15433214604854584, 0.15425337851047516, 0.1541687250137329, 0.15410558879375458, 0.15402905642986298, 0.1539485901594162, 0.1538943350315094, 0.15384183824062347, 0.15375597774982452, 0.15371036529541016, 0.1536388248205185, 0.1535922735929489, 0.153528094291687, 0.15348176658153534, 0.15340082347393036, 0.15335901081562042, 0.15330152213573456, 0.15324856340885162, 0.15317600965499878, 0.1531250774860382, 0.15307383239269257, 0.15301527082920074, 0.15295742452144623, 0.15292374789714813, 0.15286985039710999, 0.15282709896564484, 0.15277910232543945, 0.15273836255073547, 0.15269452333450317, 0.152627632021904, 0.1526029407978058, 0.15255482494831085, 0.15252408385276794, 0.15248890221118927, 0.152439683675766, 0.15242506563663483, 0.1523694396018982, 0.152334526181221], "training_accs": [0.5483063511130645, 0.5774535483270617, 0.5813400178625834, 0.5900738658610356, 0.5938490277785871, 0.5977332410951797, 0.6020849625931655, 0.6045080975795459, 0.6068045238013537, 0.6073670089900123, 0.6090544645559876, 0.6107372286580377, 0.6121815472054658, 0.6137208427601593, 0.6162463316087384, 0.6167138397901316, 0.6199405909108004, 0.6211558468314574, 0.6259610021190604, 0.6269425039490207, 0.6281577598696777, 0.6290442846923727, 0.6304932947037262, 0.6311507568996498, 0.6321760588057762, 0.6341437539296222, 0.6354977869337105, 0.6354977869337105, 0.6360602721223688, 0.635731541024407, 0.6365277803037621, 0.6365324717676873, 0.6377962192284355, 0.6373772025871337, 0.6373772025871337, 0.6373772025871337, 0.6372822255798684, 0.6377497337612615, 0.6377497337612615, 0.6381222649353895, 0.6397100520301743, 0.639943806120871, 0.6392910353888724, 0.6399922976609621, 0.6404598058423553, 0.6406935599330519, 0.6409273140237485, 0.6413948222051417, 0.6421910614844967, 0.6428923237565864, 0.643126077847283, 0.6438273401193728, 0.6438273401193728, 0.6446235793987279, 0.6448573334894244, 0.6441560712173346, 0.644294848300766, 0.6445286023914626, 0.6449961105728558, 0.6470029143089424, 0.648123193222334, 0.648123193222334, 0.6491531865923856, 0.6499494258717408, 0.6501831799624372, 0.6501831799624372, 0.6504169340531338, 0.6506506881438305, 0.6508844422345271, 0.6513519504159202, 0.6513519504159202, 0.6510232193179584, 0.6514907274993517, 0.6517244815900481, 0.6517244815900481, 0.6519582356807447, 0.6521919897714413, 0.6523307668548726, 0.6523307668548726, 0.6525645209455693, 0.6532657832176589, 0.6523792583949639, 0.6523792583949639, 0.6521455043042673, 0.6526130124856605, 0.6526130124856605, 0.6528467665763572, 0.6527517895690919, 0.6529855436597884, 0.6529855436597884, 0.6529855436597884, 0.6526568125618266, 0.6526568125618266, 0.6526568125618266, 0.6528905666525232, 0.653591828924613, 0.653591828924613, 0.6538255830153096, 0.6538255830153096, 0.653591828924613],