{"training_acc": 0.9493578991454549, "validation_acc": 0.7114980871126398, "classes": ["aerobe", "anaerobe", "facultative"], "confusion_matrix": [316, 3, 20, 69, 147, 27, 31, 0, 46], "f1_score": 0.769695042803858, "training_losses": [0.3946475386619568, 0.3492085337638855, 0.3234923481941223, 0.3050352931022644, 0.2911566197872162, 0.27992528676986694, 0.270289808511734, 0.2622634470462799, 0.2550651431083679, 0.24857331812381744, 0.2429656982421875, 0.23781079053878784, 0.23278893530368805, 0.22839993238449097, 0.22386948764324188, 0.2199380099773407, 0.21636074781417847, 0.21199607849121094, 0.20876553654670715, 0.204829141497612, 0.20202450454235077, 0.19880688190460205, 0.1959596574306488, 0.19306616485118866, 0.19011101126670837, 0.18776555359363556, 0.1848604530096054, 0.18239760398864746, 0.17937980592250824, 0.17707444727420807, 0.17439843714237213, 0.1725108027458191, 0.16982640326023102, 0.16762179136276245, 0.16544073820114136, 0.16272678971290588, 0.16098305583000183, 0.15891525149345398, 0.15654520690441132, 0.15429699420928955, 0.1519930064678192, 0.1498478502035141, 0.14786973595619202, 0.14604073762893677, 0.143925279378891, 0.14150170981884003, 0.13898900151252747, 0.13713954389095306, 0.1349891871213913, 0.133006751537323, 0.13085424900054932, 0.12916448712348938, 0.12738516926765442, 0.1258041113615036, 0.12418749928474426, 0.1224270612001419, 0.12110000848770142, 0.11923400312662125, 0.11752660572528839, 0.11604056507349014, 0.11517839878797531, 0.11382921785116196, 0.11147195845842361, 0.11094963550567627, 0.10949646681547165, 0.10841537266969681, 0.10774511843919754, 0.10622479766607285, 0.10567671805620193, 0.10514213889837265, 0.10410857945680618, 0.10349822044372559, 0.10226979106664658, 0.10157782584428787, 0.10078031569719315, 0.09985999763011932, 0.09919822961091995, 0.09882525354623795, 0.09826088696718216, 0.09732232242822647, 0.09686597436666489, 0.09622959792613983, 0.09562476724386215, 0.09461218863725662, 0.09459502249956131, 0.0943174809217453, 0.09338489919900894, 0.09295109659433365, 0.09226714074611664, 0.09119322896003723, 0.09153354912996292, 0.0899231806397438, 0.0898376926779747, 0.08915340155363083, 0.08890891820192337, 0.08769312500953674, 0.08764244616031647, 0.0875091627240181, 0.08640509098768234, 0.08697282522916794], "validation_losses": [0.26859110593795776, 0.25508376955986023, 0.23120976984500885, 0.20848794281482697, 0.19864368438720703, 0.1913883537054062, 0.1868559867143631, 0.1828245371580124, 0.18078042566776276, 0.17204199731349945, 0.1725941300392151, 0.16776202619075775, 0.1670260727405548, 0.16370032727718353, 0.16042926907539368, 0.1609329730272293, 0.159006267786026, 0.15542343258857727, 0.15680408477783203, 0.1530964970588684, 0.15661145746707916, 0.15760095417499542, 0.15436120331287384, 0.1567138284444809, 0.15475748479366302, 0.15644145011901855, 0.1534019112586975, 0.15530261397361755, 0.15178470313549042, 0.15449461340904236, 0.15156030654907227, 0.15043313801288605, 0.14830425381660461, 0.1508294939994812, 0.14900988340377808, 0.15006497502326965, 0.1471618413925171, 0.14835500717163086, 0.14690300822257996, 0.14585280418395996, 0.1460113823413849, 0.14580103754997253, 0.14562012255191803, 0.14350669085979462, 0.1451513171195984, 0.14203035831451416, 0.14381016790866852, 0.14172324538230896, 0.14271295070648193, 0.140981525182724, 0.1409856528043747, 0.14242613315582275, 0.14352300763130188, 0.14048351347446442, 0.1410401612520218, 0.14243696630001068, 0.14068374037742615, 0.13809630274772644, 0.13981057703495026, 0.13754600286483765, 0.13915236294269562, 0.13783109188079834, 0.13725058734416962, 0.1364462673664093, 0.1371181756258011, 0.13570410013198853, 0.13669295608997345, 0.13607493042945862, 0.1340690702199936, 0.13490146398544312, 0.1349097341299057, 0.13363642990589142, 0.13383615016937256, 0.13435344398021698, 0.13208027184009552, 0.13133728504180908, 0.13271906971931458, 0.13035322725772858, 0.12958498299121857, 0.12968742847442627, 0.1280558705329895, 0.12955781817436218, 0.12810978293418884, 0.12696032226085663, 0.12602782249450684, 0.12698426842689514, 0.12746255099773407, 0.1275530755519867, 0.12453962862491608, 0.12581674754619598, 0.12509003281593323, 0.12525705993175507, 0.12435232102870941, 0.12396817654371262, 0.12466277182102203, 0.12440209090709686, 0.12320196628570557, 0.12307138741016388, 0.12360025942325592, 0.12439972907304764], "training_accs": [0.7051547703811818, 0.7487646117566537, 0.7783000637322717, 0.7974612664924742, 0.812923018668778, 0.8174093120122223, 0.8246451403500893, 0.8284765548461205, 0.8338014158717172, 0.8406678014000829, 0.8472526395052616, 0.8500080074217715, 0.8545841404588925, 0.8601425917671333, 0.8655613019337922, 0.8685980964408283, 0.8720082223720906, 0.876630368242392, 0.8778443324887936, 0.8834449080154899, 0.883866196580259, 0.8872284862036391, 0.8886779850400476, 0.8915730940981392, 0.8932542389098295, 0.8932542389098295, 0.893721419475118, 0.8947955217472768, 0.8978303719469505, 0.8978303719469505, 0.8991860216422963, 0.9016598421356191, 0.9031073966646651, 0.9033409869473094, 0.9051179252074243, 0.9078272802907538, 0.9107223893488455, 0.9114231601967783, 0.9116567504794224, 0.9135714855737569, 0.9145996958453964, 0.917402900069788, 0.9177303394934947, 0.9187126577646145, 0.9199744583188981, 0.9210945734242374, 0.9225899642611654, 0.9234764890838604, 0.9241772599317929, 0.9249718799207881, 0.9246463848044439, 0.9252074145107948, 0.9252074145107948, 0.925862293358208, 0.9264233230645589, 0.9276372873109605, 0.9279647267346672, 0.930298806086408, 0.9313270163580474, 0.9320277872059801, 0.9313270163580474, 0.9330081611697375, 0.9355317622783046, 0.9362325331262373, 0.9369333039741701, 0.9371668942568143, 0.9381472682205718, 0.9386144487858603, 0.9376800876552833, 0.938380858503216, 0.938380858503216, 0.9388480390685044, 0.9396426590574997, 0.9405291838801947, 0.9411821184202455, 0.9423022335255847, 0.9422083843845223, 0.9430030043735175, 0.9427694140908732, 0.942535823808229, 0.9434701849388057, 0.9444983952104452, 0.9447319854930895, 0.9447319854930895, 0.9456663466236664, 0.9453389071999597, 0.9460396780478925, 0.9451531532251974, 0.9458999369063107, 0.9473953277432385, 0.9472555866016567, 0.9472095737684763, 0.9467423932031878, 0.9477706034748271, 0.9476289180258828, 0.9491243088628106, 0.9494517482865171, 0.9488907185801664, 0.9495914894280991, 0.9493578991454549],