{"n_classes": 3, "train_acc": 0.9828538690306123, "val_acc": 0.8610945899309582, "test_acc": 0.8365164735183231, "confusion_matrix": [283, 11, 19, 7, 185, 6, 20, 5, 51], "val_accs": [0.8323280445531172, 0.8465385958131657, 0.8500717920373919, 0.8444302262166764, 0.8027968522312271, 0.8304820112717838, 0.8134748747894802, 0.8240227304738007, 0.8117092779610126, 0.8176942840721805, 0.8466721002992502, 0.8439559515298612, 0.8205379296257802, 0.8505460667242071, 0.8199354906323238, 0.8216977498486392, 0.8159266846764218, 0.8309562859585989, 0.8102053499252708, 0.8275552591755964, 0.8464084289392334, 0.8547661435293379, 0.8389194947923237, 0.8419784163297347, 0.8099423460876843, 0.8278980319436183, 0.8076213705971055, 0.8389194947923237, 0.8165331288044607, 0.8321174412263188, 0.8306919470761516, 0.8223873005192656, 0.8240220629513703, 0.8225181349156285, 0.8431389040750242, 0.7945706395599158, 0.8223873005192656, 0.833884373099647, 0.8241535648701636, 0.8424526910165498, 0.855320854669019, 0.8280281988175507, 0.8329351562035864, 0.7961249655391546, 0.8066721537010447, 0.7873413716384405, 0.7978892273227611, 0.7968105110751984, 0.8212268127739762, 0.8131334370663191, 0.8173501762592977, 0.8285031410267963, 0.8108908954613149, 0.8398687116883844, 0.8257045532372501, 0.8010769806892436, 0.8155852469532606, 0.8278980319436183, 0.824154232392594, 0.7870823729354366, 0.8296642962945162, 0.826606709801966, 0.8432704059938173, 0.8368097901509736, 0.8092561330292102, 0.8361242446149296, 0.8058557737686382, 0.8335402652867643, 0.8335402652867643, 0.7977603954936896, 0.8310360548890344, 0.8154517424671762, 0.8146346950123391, 0.8338830380547863, 0.8356499699281145, 0.8385773895467322, 0.8382332817338495, 0.8157154138271933, 0.8202782634003459, 0.8212248102066849, 0.8610945899309582, 0.8280275312951204, 0.8338830380547863, 0.835992075173706, 0.8259204967434918, 0.8208827049610935, 0.8461978256124351, 0.8259191616986311, 0.8100738480064775, 0.8194605484230784, 0.8293215235264942, 0.8340152074960098, 0.8466721002992502, 0.8119716142761687, 0.8119709467537383, 0.807620703074675, 0.8319048353322293, 0.8084390855743729, 0.8074905362007426, 0.8382339492562799], "train_accs": [0.8915392410012261, 0.9280709851531054, 0.9524535350912289, 0.955333860032041, 0.960034519981764, 0.972064890038394, 0.977680745890419, 0.9793396757437955, 0.974527202677686, 0.978527844577416, 0.9802144061795893, 0.9779700483146244, 0.966363076382967, 0.9732901969505211, 0.9780430211817898, 0.9710573866820683, 0.9827396180882957, 0.9837485954433826, 0.9922379530730422, 0.9875597269262258, 0.9672400567671291, 0.9843416592267916, 0.983601988318934, 0.97972877017532, 0.9731812951726204, 0.9838636589943427, 0.9831639800404376, 0.9799543607214675, 0.9752047869247725, 0.9775894022635642, 0.9647692957473731, 0.9826911777538792, 0.9845396180241424, 0.9815780230542265, 0.9858102660546381, 0.9533784822972521, 0.9894434347171065, 0.9802857538294679, 0.9881107000258401, 0.9941853727419808, 0.9678952072113091, 0.9841989639270347, 0.986973486305994, 0.9882364985646689, 0.9806010627851834, 0.9672746995566656, 0.9797731474665192, 0.9803141981869082, 0.9917162369395118, 0.9937979035277434, 0.9889846178529905, 0.9940150456934269, 0.9915535456627785, 0.9909044057731323, 0.9760809913593276, 0.975288343561281, 0.9879556445209275, 0.9866573647416349, 0.9911023645704832, 0.9903903254114225, 0.9926615024165408, 0.9922740332023032, 0.9927252142945987, 0.9914545662641031, 0.9952580619751257, 0.9955197326505344, 0.9947355332329518, 0.9952856937239226, 0.9949972039083604, 0.9871378028000142, 0.977893976231411, 0.966356877950871, 0.9729379952569012, 0.9851963936856093, 0.9849355356188441, 0.9859092454533135, 0.9817459122768502, 0.98171746791941, 0.9823313402884385, 0.9785822954663663, 0.9828538690306123, 0.9771297727908047, 0.9849984348882584, 0.9783451573237065, 0.990453224680837, 0.9924559078473694, 0.9925986031471264, 0.9921405988916536, 0.9946097346941228, 0.9932477430367727, 0.9953570413738011, 0.9970788704965919, 0.993528597080514, 0.9866612765663264, 0.9909604818793696, 0.9808290911572616, 0.9876871506823415, 0.9884352699706631, 0.9935723129815957, 0.9960061812634473], "val_losses": [0.0747070237994194, 0.07630132883787155, 0.06861806660890579, 0.07076852768659592, 0.07070708274841309, 0.06628909707069397, 0.06983251124620438, 0.06625042110681534, 0.0717015489935875, 0.07171888649463654, 0.06181328743696213, 0.06753876060247421, 0.07322411984205246, 0.06833945214748383, 0.06728113442659378, 0.07500850409269333, 0.07345762848854065, 0.06602239608764648, 0.06441497057676315, 0.06881040334701538, 0.07684262841939926, 0.061098258942365646, 0.06886254251003265, 0.06251396983861923, 0.07659822702407837, 0.06985341012477875, 0.06664495915174484, 0.07231342792510986, 0.07070215046405792, 0.0694773718714714, 0.08558829128742218, 0.07335162907838821, 0.0768258348107338, 0.06816985458135605, 0.06976588815450668, 0.07800658047199249, 0.0714666023850441, 0.06724481284618378, 0.0692422166466713, 0.06255311518907547, 0.07530508190393448, 0.07245854288339615, 0.07187078148126602, 0.07073342055082321, 0.07520555704832077, 0.08074123412370682, 0.07568375021219254, 0.08053015172481537, 0.06737017631530762, 0.06490597128868103, 0.07496625185012817, 0.06618459522724152, 0.07322297990322113, 0.06663068383932114, 0.07484951615333557, 0.07666735351085663, 0.06775502115488052, 0.06968095898628235, 0.06558573246002197, 0.06890054792165756, 0.06777897477149963, 0.06624435633420944, 0.06283531337976456, 0.07254824787378311, 0.06796856224536896, 0.060161713510751724, 0.0629151239991188, 0.06375619769096375, 0.06481067091226578, 0.06986333429813385, 0.08178696781396866, 0.08459363877773285, 0.07797130942344666, 0.07166984677314758, 0.06871577352285385, 0.06723898649215698, 0.06782616674900055, 0.07299268990755081, 0.06921005249023438, 0.07400031387805939, 0.06656018644571304, 0.07839339226484299, 0.06836874037981033, 0.07106160372495651, 0.06469403207302094, 0.07117053866386414, 0.061487361788749695, 0.06736253947019577, 0.06854095309972763, 0.06968197971582413, 0.06352001428604126, 0.061296623200178146, 0.06266190856695175, 0.06478086858987808, 0.06407991796731949, 0.06961648911237717, 0.06728488206863403, 0.06728485226631165, 0.0693996250629425, 0.06290040165185928],