{"training_acc": 0.9086016257214923, "validation_acc": 0.7971327263362662, "classes": ["aerobe", "anaerobe", "facultative"], "confusion_matrix": [254, 27, 58, 16, 216, 11, 13, 6, 58], "f1_score": 0.8103464864743537, "training_losses": [0.4287542998790741, 0.3502148389816284, 0.32708248496055603, 0.3122468888759613, 0.3067953288555145, 0.29649588465690613, 0.2893279492855072, 0.28201815485954285, 0.2713410556316376, 0.27453213930130005, 0.26469409465789795, 0.25575846433639526, 0.2538304626941681, 0.25182878971099854, 0.24870817363262177, 0.24996726214885712, 0.24047404527664185, 0.23781031370162964, 0.23681752383708954, 0.23524101078510284, 0.22943823039531708, 0.22860202193260193, 0.22687765955924988, 0.2223271131515503, 0.22010326385498047, 0.2205984741449356, 0.2107079029083252, 0.21598763763904572, 0.20683789253234863, 0.20614804327487946, 0.21028895676136017, 0.20623376965522766, 0.2020650953054428, 0.2008514702320099, 0.20149366557598114, 0.20084916055202484, 0.20010733604431152, 0.19689567387104034, 0.20154733955860138, 0.1955096423625946, 0.19650335609912872, 0.1905251294374466, 0.19026848673820496, 0.18848629295825958, 0.18922698497772217, 0.18840834498405457, 0.1904100626707077, 0.1871950775384903, 0.18960975110530853, 0.18945148587226868, 0.19005423784255981, 0.1871374398469925, 0.18806390464305878, 0.1850329488515854, 0.18689431250095367, 0.18370002508163452, 0.18210798501968384, 0.18264836072921753, 0.17238789796829224, 0.1805071085691452, 0.17824700474739075, 0.17644484341144562, 0.17106394469738007, 0.16873852908611298, 0.1676047146320343, 0.16705405712127686, 0.16635099053382874, 0.16630685329437256, 0.16512608528137207, 0.16571420431137085, 0.1641375571489334, 0.1637994945049286, 0.16384559869766235, 0.1638103574514389, 0.16458885371685028, 0.16192542016506195, 0.16554874181747437, 0.1616514027118683, 0.16077640652656555, 0.17139387130737305, 0.15779702365398407, 0.15827138721942902, 0.15955907106399536, 0.1572984755039215, 0.1575307995080948, 0.1597142219543457, 0.15845879912376404, 0.1546972692012787, 0.15513786673545837, 0.15605658292770386, 0.1571243405342102, 0.16024985909461975, 0.15508969128131866, 0.15436255931854248, 0.15647637844085693, 0.1584470123052597, 0.16378770768642426, 0.15621903538703918, 0.15621836483478546, 0.15364666283130646], "validation_losses": [0.1516001969575882, 0.13740162551403046, 0.1319187581539154, 0.12855719029903412, 0.12919963896274567, 0.12591108679771423, 0.12384229153394699, 0.12110789120197296, 0.11647278070449829, 0.11903579533100128, 0.11705775558948517, 0.11138234287500381, 0.11157939583063126, 0.11234619468450546, 0.11191350966691971, 0.11278168112039566, 0.10847070813179016, 0.10929872840642929, 0.10990974307060242, 0.10959935188293457, 0.10824523121118546, 0.10841410607099533, 0.10807020217180252, 0.10666579753160477, 0.10593681037425995, 0.10605917870998383, 0.10165683180093765, 0.10605110973119736, 0.10050413012504578, 0.10123046487569809, 0.10482149571180344, 0.10142505168914795, 0.10112306475639343, 0.1005977988243103, 0.10165312141180038, 0.10157036781311035, 0.1025129035115242, 0.10143144428730011, 0.10459817945957184, 0.10248599201440811, 0.10305289924144745, 0.10019088536500931, 0.10054095834493637, 0.1002880334854126, 0.10079659521579742, 0.10112427920103073, 0.10181864351034164, 0.10125192254781723, 0.10181662440299988, 0.10182973742485046, 0.10318886488676071, 0.10290851444005966, 0.10393454879522324, 0.10203318297863007, 0.10425227135419846, 0.10279547423124313, 0.10190713405609131, 0.10342533886432648, 0.09843132644891739, 0.1033351942896843, 0.10030129551887512, 0.10007638484239578, 0.09793262928724289, 0.09739523380994797, 0.09784608334302902, 0.09700864553451538, 0.0973522812128067, 0.09652954339981079, 0.09679451584815979, 0.09774047881364822, 0.0962543860077858, 0.09656453132629395, 0.09721095860004425, 0.09721605479717255, 0.09785843640565872, 0.09691861271858215, 0.0995052382349968, 0.09663933515548706, 0.09665992856025696, 0.10062652081251144, 0.09609198570251465, 0.09629577398300171, 0.09757015109062195, 0.09590549021959305, 0.09609617292881012, 0.0982891246676445, 0.09634210914373398, 0.094998799264431, 0.0944158136844635, 0.09699352830648422, 0.09754646569490433, 0.09868020564317703, 0.09481228142976761, 0.09548020362854004, 0.09883180260658264, 0.09904415905475616, 0.10049572587013245, 0.09618615359067917, 0.09761705994606018, 0.09758192300796509], "training_accs": [0.6815840799308915, 0.756445647166088, 0.7710745243630542, 0.7845931848925699, 0.7938758728599837, 0.8052596622526588, 0.8111964854544214, 0.8169527375695042, 0.8246308786593493, 0.822278584042517, 0.8297155941867324, 0.8320745863404072, 0.8342686587000165, 0.8362289769689292, 0.8400687108912651, 0.8383300783941906, 0.8465242192055201, 0.8472739730177014, 0.8485768290906902, 0.8527823966503115, 0.855270782959567, 0.8569508616706093, 0.8580758320479261, 0.8619135598973447, 0.8624807365499286, 0.8616259434845409, 0.8683831426033756, 0.8634642444528061, 0.8669826241321136, 0.8684363256073923, 0.8677741719475432, 0.8695659874486344, 0.8709638205288887, 0.8709591290649635, 0.8704916208835702, 0.8724081390763169, 0.8753014676350986, 0.8772179858278452, 0.8767895862586927, 0.880659045865419, 0.8784891101435267, 0.8831203918812923, 0.8843309563380242, 0.8853609497080757, 0.8839099336238047, 0.8842824647979327, 0.8825538945467993, 0.8857779602764602, 0.884694783902392, 0.8851158066166112, 0.8847917669825747, 0.8879208557049703, 0.8874048559834856, 0.8873145704401457, 0.8859491484352896, 0.8867520852514873, 0.8898791679009656, 0.8899714595172229, 0.8936306223528789, 0.8873509936613786, 0.8877449760822156, 0.89003402544909, 0.8947555927301959, 0.896065825658118, 0.8976091333586461, 0.8948505697374611, 0.8977459043691601, 0.8953200839917717, 0.896109625734284, 0.8975101442055462, 0.8974218647351235, 0.8963918713650719, 0.8988688686735596, 0.8999891475869513, 0.898255206553802, 0.9007827014752984, 0.8997433251773962, 0.9008823699464891, 0.9028473796793269, 0.896129289172733, 0.9030838191610314, 0.9060256392599045, 0.9022875798816764, 0.9056989142348599, 0.9053701831368981, 0.903599818882516, 0.9052287206624589, 0.9057036056987853, 0.9068723761522682, 0.9074739699531674, 0.9056477373037607, 0.9035850651726495, 0.9071061302429647, 0.9061246284130045, 0.9063563764307837, 0.9057845083142747, 0.9018538095305081, 0.9058517657100671, 0.9078120839789797, 0.9086016257214923],