{"n_classes": 3, "train_acc": 0.8053512226146498, "val_acc": 0.7429193899782135, "test_acc": 0.7394547325102881, "val_accs": [0.5433914306463326, 0.6273602033405955, 0.6450617283950617, 0.6673928830791577, 0.6542302106027597, 0.629720406681191, 0.6797385620915032, 0.6612200435729848, 0.6650326797385621, 0.6546840958605665, 0.6889978213507625, 0.6847312999273784, 0.7301198257080609, 0.7066993464052288, 0.6615831517792302, 0.6634894698620188, 0.6303558460421206, 0.6558641975308642, 0.6411583151779231, 0.6146514161220042, 0.6096586782861294, 0.6785584604212055, 0.6492374727668845, 0.6666666666666666, 0.6693899782135077, 0.7146877269426289, 0.65159767610748, 0.5918663761801016, 0.6092047930283224, 0.6707516339869283, 0.6771060275962237, 0.7125090777051563, 0.7086056644880174, 0.6130174291938998, 0.6122912127814089, 0.7429193899782135, 0.7116920842411038, 0.6624001452432825, 0.6666666666666666, 0.6122912127814089, 0.6349854756717502, 0.6304466230936819, 0.7066993464052288, 0.6396151053013798, 0.6492374727668845, 0.6141067538126361, 0.6512345679012346, 0.7027959331880901, 0.695079883805374, 0.65159767610748, 0.7232207697893972, 0.7132352941176471, 0.6380718954248367, 0.6604030501089325, 0.715958605664488, 0.7094226579520697, 0.6392519970951344, 0.7217683369644154, 0.6023057371096586, 0.5876906318082789, 0.6593137254901961, 0.7304829339143065, 0.6643064633260712, 0.7217683369644154, 0.7035221496005809, 0.6790123456790124, 0.7244008714596949, 0.5944989106753813, 0.5721677559912853, 0.6092047930283224, 0.6743827160493826, 0.6366194625998548, 0.673928830791576, 0.6457879448075526, 0.6808278867102396, 0.6584967320261438, 0.6800108932461875, 0.6931735657225854, 0.7096949891067538, 0.6046659404502541, 0.6543209876543209, 0.7166848220769789, 0.6654865649963689, 0.646877269426289, 0.6546840958605664, 0.6427015250544662, 0.6574074074074073, 0.718228031953522, 0.6843681917211328, 0.6831880900508351, 0.6449709513435004, 0.6931735657225854, 0.6589506172839507, 0.7036129266521424, 0.6435185185185185, 0.6734749455337692, 0.6474219317356572, 0.6230936819172114, 0.6420660856935366, 0.6874546114742194], "train_accs": [0.6125610630725721, 0.6767994154183413, 0.708526502388395, 0.6862792459979161, 0.731926007117823, 0.6918496867345972, 0.7619737750172533, 0.7775247296986428, 0.76325254739577, 0.7651740889592552, 0.7682999769956292, 0.7555271383915884, 0.7843184616841906, 0.7869693771228299, 0.7839070894058106, 0.6821770253995317, 0.765555690875384, 0.7625908334348231, 0.7576922556462199, 0.734920634920635, 0.755923625488843, 0.7861209217986712, 0.807871554418869, 0.7665056360708534, 0.7392731972015859, 0.7830099189434229, 0.7633005859348571, 0.7375864355403997, 0.7931690550616382, 0.7844794922800039, 0.7610278894166361, 0.8115062450100813, 0.8239759671984735, 0.7067876425932692, 0.7594419410276187, 0.8053512226146498, 0.7813725490196078, 0.7290315159880377, 0.7403422238460601, 0.7185246079107971, 0.7050636679792689, 0.7600515568546259, 0.8098945858536651, 0.795143371358205, 0.8068769536800228, 0.7006258542064169, 0.7716985344862582, 0.7940290125712121, 0.8186518085495068, 0.7521840620306094, 0.8098161003531846, 0.7283102613025886, 0.7788522172153886, 0.7644717790497841, 0.7944816573972585, 0.8245483700726668, 0.7469796614297892, 0.811644271235064, 0.7446805775450276, 0.7535717668709996, 0.7978693893016144, 0.8172979336662202, 0.7420810836411859, 0.7344348367366269, 0.7670624771647789, 0.7721214089500535, 0.8174325768954924, 0.7530677005101558, 0.7122207337041098, 0.7353881649278069, 0.7721775666788454, 0.7354443226565989, 0.7824300734786669, 0.8076097105508869, 0.7880201355904681, 0.7789381453064318, 0.6612829672931975, 0.8013545514824288, 0.8063349977672228, 0.711765382481495, 0.8101002719928552, 0.7767885898320682, 0.7686105360018404, 0.743139284699387, 0.785735936886832, 0.8032835356364768, 0.76173764191667, 0.7907725409004182, 0.7472151179312304, 0.7954647559506894, 0.7729630982827914, 0.8201660374294645, 0.7619697154224009, 0.8030967942732649, 0.811146970865641, 0.7112004221978646, 0.7575982083654718, 0.7653540643310462, 0.7562971082152669, 0.7976752053478396], "val_losses": [0.26983365416526794, 0.2169756442308426, 0.19527046382427216, 0.19729618728160858, 0.18580983579158783, 0.23422771692276, 0.19042545557022095, 0.18845602869987488, 0.16685278713703156, 0.19939589500427246, 0.1796630620956421, 0.17790274322032928, 0.1583116054534912, 0.1634533405303955, 0.17678424715995789, 0.19322748482227325, 0.18349547684192657, 0.19543878734111786, 0.18874338269233704, 0.2391604632139206, 0.2194327861070633, 0.16926975548267365, 0.19187402725219727, 0.19152730703353882, 0.1873939484357834, 0.16395872831344604, 0.20352958142757416, 0.2386174201965332, 0.2194673717021942, 0.17546698451042175, 0.19392506778240204, 0.15991105139255524, 0.15633602440357208, 0.22862552106380463, 0.22432486712932587, 0.1591188758611679, 0.16293999552726746, 0.20268577337265015, 0.1972002536058426, 0.22331029176712036, 0.19229450821876526, 0.18942514061927795, 0.1599142998456955, 0.19659054279327393, 0.1854991465806961, 0.2158280462026596, 0.21130797266960144, 0.15523271262645721, 0.15480823814868927, 0.20942404866218567, 0.1441696286201477, 0.16218630969524384, 0.1921577751636505, 0.1815803050994873, 0.15262755751609802, 0.1589885801076889, 0.2086489498615265, 0.16214460134506226, 0.2078624814748764, 0.20939965546131134, 0.16902188956737518, 0.1356537640094757, 0.20819436013698578, 0.16142506897449493, 0.15777215361595154, 0.18230442702770233, 0.16202209889888763, 0.19740071892738342, 0.2304886132478714, 0.22303272783756256, 0.18777786195278168, 0.18514414131641388, 0.1712455004453659, 0.18833670020103455, 0.16748613119125366, 0.1654236614704132, 0.15437552332878113, 0.16833297908306122, 0.1495259404182434, 0.20286889374256134, 0.19248689711093903, 0.16076846420764923, 0.19592872262001038, 0.18497294187545776, 0.18296083807945251, 0.19581738114356995, 0.20312704145908356, 0.15398423373699188, 0.17709723114967346, 0.18100164830684662, 0.17240208387374878, 0.165620356798172, 0.19924286007881165, 0.16439010202884674, 0.1779409795999527, 0.1820264756679535, 0.21492283046245575, 0.20332492887973785, 0.22256167232990265, 0.17322368919849396],