{"n_classes": 3, "train_acc": 0.46851413241754175, "val_acc": 0.47240829409970253, "test_acc": 0.4631374843666755, "confusion_matrix": [181, 130, 2, 33, 158, 7, 18, 57, 1], "val_accs": [0.4309952025162926, 0.43908791070151937, 0.43344767992566474, 0.42578285361833873, 0.45096980996303926, 0.4603551753347792, 0.443606370033049, 0.45273407174664587, 0.4527334042242155, 0.4493317099187826, 0.4470918384034999, 0.47240829409970253, 0.4603525052450575, 0.4521289626634679, 0.45402339132100683, 0.45402339132100683, 0.46457191452775787, 0.46117022022232507, 0.4569508109396246, 0.4715034674452648, 0.45953412274535954, 0.4590605155809748, 0.46375353202805997, 0.4590605155809748, 0.46117022022232507, 0.4632799248636752, 0.4657337373179082, 0.4619879351995925, 0.4619879351995925, 0.4632799248636752, 0.4616438273867098, 0.4632799248636752, 0.46375353202805997, 0.4640976398409427, 0.4624615423639773, 0.4632799248636752, 0.46117022022232507, 0.4632799248636752, 0.4632799248636752, 0.4632799248636752, 0.4619879351995925, 0.4619879351995925, 0.46117022022232507, 0.46117022022232507, 0.46117022022232507, 0.4632799248636752, 0.4632799248636752, 0.4632799248636752, 0.4590605155809748, 0.4632799248636752, 0.4590605155809748, 0.4590605155809748, 0.46117022022232507, 0.46457191452775787, 0.4674993341463756, 0.46246220988640774, 0.4632799248636752, 0.46960903878772586, 0.4590605155809748, 0.46198860272202297, 0.46538962950502544, 0.46246220988640774, 0.4564772037752398, 0.46117022022232507, 0.4632799248636752, 0.4623327105349057, 0.45613309596235707, 0.4632799248636752, 0.4582428006037073, 0.4577691934393225, 0.46117022022232507, 0.4590605155809748, 0.4632799248636752, 0.4590605155809748, 0.4582428006037073, 0.4582428006037073, 0.45565948879797236, 0.4628063176992905, 0.46457191452775787, 0.4590605155809748, 0.46117022022232507, 0.4628063176992905, 0.4590605155809748, 0.4564772037752398, 0.4683177166460735, 0.4576396940878206, 0.45294667764073543, 0.46198860272202297, 0.4623327105349057, 0.4564772037752398, 0.4577691934393225, 0.4649160223406406, 0.46069661305794024, 0.4577691934393225, 0.45613309596235707, 0.4577691934393225, 0.4628063176992905, 0.4623327105349057, 0.46702572698199085, 0.46069661305794024], "train_accs": [0.4266821224219666, 0.41697412982483134, 0.43395137108538967, 0.44226953254183726, 0.45902214708341704, 0.4637431253041459, 0.46027234548135904, 0.46179408041792036, 0.4602693974838368, 0.45760149027537333, 0.4623318807037356, 0.46851413241754175, 0.462700827939758, 0.46215081866731295, 0.45522955743576704, 0.4596001103986886, 0.46492600243639015, 0.4620601364305759, 0.46012263914086243, 0.4605006961474667, 0.45799563143426236, 0.45852742116554385, 0.45799563143426236, 0.4610687172265349, 0.45933843972327987, 0.4610687172265349, 0.4670161174050858, 0.4613380236737643, 0.4606175361342395, 0.45852742116554385, 0.46121207391640967, 0.4581667710914598, 0.45809461083293773, 0.46085157506085134, 0.4591120365684887, 0.4578061210173756, 0.45653547298688, 0.4584552609070218, 0.45957247864989165, 0.45830183061939617, 0.4618881841647351, 0.45852660855690036, 0.45777930187722227, 0.4582296703608741, 0.45887881025052035, 0.45892333876024544, 0.4604195773368887, 0.46087920680964817, 0.4589509705090424, 0.46087920680964817, 0.4596001103986886, 0.4593745198525409, 0.4602576986687989, 0.46244760564481346, 0.46268164457142524, 0.4610418980863815, 0.4596085587791526, 0.46300621451624835, 0.45973516992662494, 0.4640520846092397, 0.46303303365640175, 0.46358319414737253, 0.46222201509866573, 0.4615644268285554, 0.46279899472978997, 0.46201494653073305, 0.4588880712396279, 0.46222201509866573, 0.46221356671820163, 0.46375433380457, 0.4587253799628946, 0.4587253799628946, 0.46303303365640175, 0.4590499499077178, 0.4589870506383033, 0.4600597398714481, 0.462907235117573, 0.4643758419454193, 0.46339368373048595, 0.45950957938047726, 0.46335760360122497, 0.4643758419454193, 0.45866248069348026, 0.46268164457142524, 0.4635380042475299, 0.46205102665999415, 0.4650158720644837, 0.4661337511974712, 0.4612039279729971, 0.4631051939149237, 0.4634297638597469, 0.46568257010517583, 0.4639522926019208, 0.46333078446107145, 0.4588880712396279, 0.462907235117573, 0.465123961233741, 0.4614295185191448, 0.4635380042475299, 0.4639522926019208], "val_losses": [0.20194770395755768, 0.1984562873840332, 0.19802655279636383, 0.19795653223991394, 0.19598793983459473, 0.19531922042369843, 0.1964932531118393, 0.1948331594467163, 0.19618834555149078, 0.1958337277173996, 0.19519902765750885, 0.19334447383880615, 0.1943684220314026, 0.194486603140831, 0.19482865929603577, 0.19427593052387238, 0.19424493610858917, 0.19391551613807678, 0.19353148341178894, 0.19492647051811218, 0.19435076415538788, 0.19380204379558563, 0.19459572434425354, 0.19301477074623108, 0.19425737857818604, 0.19335950911045074, 0.19332656264305115, 0.1941579282283783, 0.1935693621635437, 0.19323468208312988, 0.1941721886396408, 0.19365465641021729, 0.19385570287704468, 0.1941000074148178, 0.19470176100730896, 0.19344499707221985, 0.19358548521995544, 0.19352270662784576, 0.1935524195432663, 0.19350756704807281, 0.19358116388320923, 0.19412170350551605, 0.19365502893924713, 0.19421660900115967, 0.1934424340724945, 0.19418148696422577, 0.19379784166812897, 0.19329600036144257, 0.1929495632648468, 0.19341175258159637, 0.19270718097686768, 0.19307279586791992, 0.19304470717906952, 0.19255685806274414, 0.19334834814071655, 0.19253727793693542, 0.19332988560199738, 0.1931033730506897, 0.19300377368927002, 0.19203171133995056, 0.1932014524936676, 0.1925928294658661, 0.1929817646741867, 0.1934046596288681, 0.19355519115924835, 0.1929086297750473, 0.1928560435771942, 0.19307050108909607, 0.19265644252300262, 0.19240665435791016, 0.19380055367946625, 0.19386255741119385, 0.19324851036071777, 0.19316290318965912, 0.19322682917118073, 0.19257399439811707, 0.19275352358818054, 0.19307635724544525, 0.19276879727840424, 0.19287855923175812, 0.19336877763271332, 0.19258202612400055, 0.19344007968902588, 0.1928703486919403, 0.1929176300764084, 0.19305315613746643, 0.19225190579891205, 0.19240766763687134, 0.19242435693740845, 0.19309887290000916, 0.19282250106334686, 0.1926298886537552, 0.1928301453590393, 0.19254371523857117, 0.19231237471103668, 0.19237454235553741, 0.19262102246284485, 0.19254064559936523, 0.1927228569984436, 0.19304418563842773],