{"n_classes": 3, "train_acc": 0.6921672843411973, "val_acc": 0.6774724807684135, "test_acc": 0.6488904485032029, "confusion_matrix": [258, 21, 62, 10, 210, 6, 32, 36, 24], "val_accs": [0.6456838369671469, 0.6510601810531684, 0.6498480598410473, 0.6529433890093077, 0.6630834289600068, 0.661343448510349, 0.6625555697224701, 0.6625555697224701, 0.6625555697224701, 0.6625555697224701, 0.6625555697224701, 0.6625555697224701, 0.6625555697224701, 0.6632398316970547, 0.6632398316970547, 0.6632398316970547, 0.6620277104849335, 0.6620277104849335, 0.6684597730460283, 0.6620277104849335, 0.6684597730460283, 0.6620277104849335, 0.6684597730460283, 0.6684597730460283, 0.6696718942581494, 0.6696718942581494, 0.6684597730460283, 0.6696718942581494, 0.6696718942581494, 0.6696718942581494, 0.6696718942581494, 0.6684597730460283, 0.6684597730460283, 0.6696718942581494, 0.6696718942581494, 0.6696718942581494, 0.6696718942581494, 0.6696718942581494, 0.6684597730460283, 0.6696718942581494, 0.6708840154702708, 0.6696718942581494, 0.6672476518339071, 0.6684597730460283, 0.6696718942581494, 0.6684597730460283, 0.6684597730460283, 0.6708840154702708, 0.6672476518339071, 0.6684597730460283, 0.6684597730460283, 0.6672476518339071, 0.6684597730460283, 0.6696718942581494, 0.6672476518339071, 0.672096136682392, 0.6672476518339071, 0.6672476518339071, 0.6708840154702708, 0.6708840154702708, 0.6696718942581494, 0.672096136682392, 0.6696718942581494, 0.6708840154702708, 0.6684597730460283, 0.6708840154702708, 0.6660355306217859, 0.6672476518339071, 0.6648234094096647, 0.6701997534956862, 0.6696718942581494, 0.6708840154702708, 0.6672476518339071, 0.6708840154702708, 0.6660355306217859, 0.6726239959199286, 0.6660355306217859, 0.6708840154702708, 0.6701997534956862, 0.6672476518339071, 0.6684597730460283, 0.6714118747078075, 0.6738361171320498, 0.6726239959199286, 0.6726239959199286, 0.6726239959199286, 0.6714118747078075, 0.6726239959199286, 0.6701997534956862, 0.6738361171320498, 0.6738361171320498, 0.6677755110714437, 0.6726239959199286, 0.6726239959199286, 0.6774724807684135, 0.6701997534956862, 0.6714118747078075, 0.6738361171320498, 0.6726239959199286, 0.675048238344171], "train_accs": [0.6496471722558679, 0.6499370273283317, 0.6535942631594805, 0.6641706589532677, 0.6647214438518786, 0.6684895597939077, 0.6714899514899515, 0.6708240682153725, 0.6733779264214047, 0.674247491638796, 0.6778504926331014, 0.6783627105366236, 0.6791461026243635, 0.6849432040736388, 0.6860134381873513, 0.6868830034047425, 0.6860134381873513, 0.6908071951550211, 0.6899822230257012, 0.6896477748651663, 0.6896477748651662, 0.6901828919220224, 0.6910524571394138, 0.6910524571394138, 0.6896477748651662, 0.6924571394136612, 0.6913423122118774, 0.6916321672843413, 0.6893579197927023, 0.6905173400825575, 0.6907626020669498, 0.6862587001717436, 0.6893133267046311, 0.6890680647202386, 0.6901828919220222, 0.6908071951550213, 0.6902274850100937, 0.6902274850100937, 0.6896031817770948, 0.6887782096477748, 0.6901828919220222, 0.6896477748651662, 0.6881984995028473, 0.6884883545753112, 0.6904727469944861, 0.6901828919220222, 0.6862587001717436, 0.6902274850100937, 0.6903835608183435, 0.6884883545753112, 0.6879086444303836, 0.690963270963271, 0.6896031817770948, 0.6898930368495586, 0.6887336165597034, 0.6910524571394138, 0.6887336165597034, 0.690963270963271, 0.6904727469944861, 0.687128265389135, 0.6890680647202386, 0.6913423122118774, 0.6915429811081985, 0.6893579197927023, 0.6912531260357347, 0.687128265389135, 0.6945976076410859, 0.6926578083099822, 0.6943077525686222, 0.6945530145530147, 0.6896031817770948, 0.6910524571394138, 0.6901382988339511, 0.6905173400825575, 0.6917882430925909, 0.6937726355117659, 0.6917882430925909, 0.6907626020669498, 0.692613215221911, 0.6887336165597034, 0.6893133267046311, 0.6931929253668385, 0.6907180089788785, 0.6940624905842298, 0.6915429811081985, 0.6918328361806623, 0.6934827804393023, 0.6934827804393023, 0.6948428696254784, 0.6937726355117659, 0.6946422007291573, 0.6956678417547982, 0.6937726355117659, 0.6915429811081985, 0.6921672843411973, 0.6965374069721896, 0.6934827804393023, 0.6923679532375185, 0.693148332278767, 0.690963270963271], "val_losses": [0.14961639046669006, 0.1364993155002594, 0.1346217840909958, 0.1259564310312271, 0.12762390077114105, 0.12504035234451294, 0.12256014347076416, 0.12457318603992462, 0.1255505532026291, 0.12514005601406097, 0.1257723867893219, 0.12522517144680023, 0.12414330244064331, 0.12138590961694717, 0.12235276401042938, 0.1232285276055336, 0.12249419838190079, 0.1228557899594307, 0.12232907116413116, 0.12236900627613068, 0.12342189252376556, 0.12276120483875275, 0.12236840277910233, 0.12293821573257446, 0.12197517603635788, 0.12197397649288177, 0.12185753881931305, 0.121368907392025, 0.12164393812417984, 0.120648093521595, 0.12182003259658813, 0.12198252975940704, 0.12215548753738403, 0.12106220424175262, 0.12256751954555511, 0.12122825533151627, 0.12122597545385361, 0.12079562991857529, 0.12315579503774643, 0.12205589562654495, 0.12140005826950073, 0.12041474878787994, 0.12126663327217102, 0.12060203403234482, 0.12118347734212875, 0.1213415339589119, 0.12023145705461502, 0.12047398090362549, 0.12268878519535065, 0.12051885575056076, 0.12049126625061035, 0.12186676263809204, 0.12169352173805237, 0.12113000452518463, 0.12190524488687515, 0.11943825334310532, 0.121000275015831, 0.12120941281318665, 0.12027845531702042, 0.11948138475418091, 0.12049179524183273, 0.11931777745485306, 0.1204734668135643, 0.11995038390159607, 0.12129613012075424, 0.11964769661426544, 0.12091455608606339, 0.12078648805618286, 0.12071231007575989, 0.1222471222281456, 0.12055761367082596, 0.12034783512353897, 0.12011485546827316, 0.11926951259374619, 0.12231866270303726, 0.12149139493703842, 0.12123946845531464, 0.11898906528949738, 0.12086345255374908, 0.12225881963968277, 0.11986943334341049, 0.1211017444729805, 0.12078479677438736, 0.12001019716262817, 0.12073899060487747, 0.12104485929012299, 0.12103814631700516, 0.12148553133010864, 0.12179055064916611, 0.12013417482376099, 0.11965767294168472, 0.12104093283414841, 0.12163081765174866, 0.1215440183877945, 0.11913423240184784, 0.12162749469280243, 0.12143374234437943, 0.12083827704191208, 0.12116220593452454, 0.1213705837726593],