{"n_classes": 3, "train_acc": 0.7816233870844927, "val_acc": 0.7448352120752136, "test_acc": 0.7226179739211519, "confusion_matrix": [233, 38, 42, 17, 162, 19, 17, 13, 46], "val_accs": [0.5925342956336691, 0.6089363230327948, 0.6217240502323981, 0.628053831678879, 0.6458780156160197, 0.6319291331486966, 0.654447001055353, 0.6620681046434863, 0.6711106972472042, 0.6702929822699367, 0.6767535981127807, 0.6985852529609625, 0.6904905422084445, 0.7045702590721304, 0.6869573459842183, 0.6879078979251401, 0.6974261002605341, 0.6896721597087465, 0.6969498230064275, 0.7053886415718283, 0.7102144949825676, 0.7102131599377067, 0.712322864579057, 0.7183085382126553, 0.7168850466297795, 0.7093967800053002, 0.7202874084576427, 0.7087896683548309, 0.7289878958157692, 0.717492825802679, 0.7045729291618521, 0.7111637118786284, 0.7178342635258401, 0.7178355985707009, 0.7223160091236966, 0.728170848360932, 0.7191282557572141, 0.728170848360932, 0.717359988839025, 0.7200754700859836, 0.7199453032120511, 0.7073688468616766, 0.7183105407799465, 0.7160693342198031, 0.7192597576760074, 0.7260624787644426, 0.7165436089066182, 0.7231337241009642, 0.7059970882671585, 0.7327343654565152, 0.7213681272724966, 0.7289892308606299, 0.7304120549210754, 0.7351057388905909, 0.7139589620560226, 0.7363977285546737, 0.7204182428540055, 0.7278287431153405, 0.7323902576436324, 0.7236079987877794, 0.7380324909867784, 0.7221858422497641, 0.738031823464348, 0.7230042247494621, 0.7183092057350858, 0.7230022221821709, 0.7349742369717979, 0.7272229665097321, 0.7286437880028864, 0.7410900774793285, 0.7310976004571192, 0.7361353922395177, 0.737083941613148, 0.7414341852922113, 0.7230035572270316, 0.7354491791810434, 0.7336822473077151, 0.7251119268235211, 0.7341565219945303, 0.7323902576436324, 0.7393244806508611, 0.7318342114590907, 0.7234778319138467, 0.728170848360932, 0.7327330304116543, 0.7304107198762146, 0.7191269207123532, 0.7251132618683819, 0.7414341852922113, 0.7179650979222029, 0.7438873302240139, 0.7286451230477473, 0.7302798854798519, 0.7202880759800733, 0.7430689477243159, 0.7448352120752136, 0.7291187302121319, 0.7298062783154671, 0.730754160166667, 0.7221858422497641], "train_accs": [0.5958210821506249, 0.6144892703506035, 0.6228796485815878, 0.6316943887647141, 0.6557879585726615, 0.6517704199120034, 0.6617199359890453, 0.6713962337941664, 0.6701286849797189, 0.6744730801926048, 0.6858835673256723, 0.6976101760230992, 0.6950128038558708, 0.7015310218924865, 0.6968327997686937, 0.717566909500707, 0.7207897016334762, 0.6947374868541077, 0.7079879658769745, 0.7098164101702616, 0.7237469112661453, 0.7220855435868382, 0.7277743723060287, 0.7268651869582606, 0.7189740910579002, 0.732706633356433, 0.7338618787398805, 0.7323571917827731, 0.7426124335323934, 0.7423816450403553, 0.7464219397979498, 0.7525382296853301, 0.7435284420433387, 0.7383746534900038, 0.756127682446717, 0.7598490955199924, 0.7427206739201764, 0.7566033960717613, 0.7580947589965438, 0.7479742544808302, 0.746358227919892, 0.7581337504642907, 0.7702281714950665, 0.7565954212038525, 0.7645357700472729, 0.7699183995813293, 0.7704958527250091, 0.7588661246964156, 0.7711750621893824, 0.7714367328647911, 0.7613177023478387, 0.7592436715314278, 0.7625799019978702, 0.7722248441070653, 0.7623187048350167, 0.7686570125399413, 0.7694945111417427, 0.7753960966893697, 0.7817920889157599, 0.7807870233853645, 0.7792255989319022, 0.7878599384687236, 0.7779196833807891, 0.783620533209047, 0.7766057929617673, 0.7761838688355559, 0.7801071525308734, 0.7884614506325969, 0.772572982757468, 0.7708921094157987, 0.7791058109476072, 0.7732988194614087, 0.7810163378786413, 0.7810756644194524, 0.7943734320720043, 0.7882774772576884, 0.7931664959195667, 0.7812763833367633, 0.77945118947805, 0.7647121076503606, 0.7899632262512183, 0.7855942985055838, 0.7954024054040674, 0.7860022372093529, 0.7850875148196065, 0.7838147680592686, 0.7881697103824609, 0.7915428335868077, 0.7764671607052277, 0.7749600359221899, 0.7782964176071582, 0.7903414344763483, 0.7932209468085171, 0.7765228977153767, 0.7866614506967501, 0.7816233870844927, 0.7919065828769397, 0.7913019714970186, 0.7767993664218714, 0.7928695577235404], "val_losses": [0.18064384162425995, 0.1698836237192154, 0.16396182775497437, 0.1556915044784546, 0.15950579941272736, 0.15382477641105652, 0.15122868120670319, 0.154231458902359, 0.14859144389629364, 0.1480196714401245, 0.1459657996892929, 0.14454084634780884, 0.1451408714056015, 0.14376604557037354, 0.14483238756656647, 0.1418888419866562, 0.13785551488399506, 0.13757610321044922, 0.13624010980129242, 0.13435494899749756, 0.13152527809143066, 0.1334705650806427, 0.13382604718208313, 0.12997154891490936, 0.1331380158662796, 0.12789788842201233, 0.13557255268096924, 0.1362999975681305, 0.12828634679317474, 0.12507978081703186, 0.13291221857070923, 0.12939001619815826, 0.1312992423772812, 0.12400539964437485, 0.12636320292949677, 0.1257723718881607, 0.12412157654762268, 0.12415609508752823, 0.1320381909608841, 0.12572726607322693, 0.12815813720226288, 0.13505792617797852, 0.12598785758018494, 0.13054031133651733, 0.1227782666683197, 0.12234777957201004, 0.12897266447544098, 0.12311220914125443, 0.12673524022102356, 0.12314543128013611, 0.12213332951068878, 0.12215442955493927, 0.11860815435647964, 0.11986818164587021, 0.12886497378349304, 0.11720207333564758, 0.1272016167640686, 0.11830750852823257, 0.12311964482069016, 0.12200865149497986, 0.12011401355266571, 0.12458700686693192, 0.11876500397920609, 0.1225259006023407, 0.126417338848114, 0.12520398199558258, 0.12069538980722427, 0.12292195856571198, 0.12444523721933365, 0.11783263832330704, 0.12210501730442047, 0.12302423268556595, 0.12100476771593094, 0.1169862151145935, 0.12351005524396896, 0.11754314601421356, 0.12266171723604202, 0.12507577240467072, 0.1180962324142456, 0.11980970203876495, 0.11730683594942093, 0.11715518683195114, 0.12278217822313309, 0.12598441541194916, 0.12353293597698212, 0.11982596665620804, 0.12685011327266693, 0.12309522181749344, 0.11727384477853775, 0.12188216298818588, 0.11722409725189209, 0.11852635443210602, 0.12160692363977432, 0.12482831627130508, 0.11799151450395584, 0.11672455072402954, 0.12101886421442032, 0.12183066457509995, 0.11941283196210861, 0.11990197002887726],