{"n_classes": 2, "train_acc": 0.6474093769318112, "val_acc": 0.6376221498371335, "test_acc": 0.685096465944795, "confusion_matrix": [113, 85, 78, 311], "val_accs": null, "train_accs": null, "val_losses": null, "train_losses": null}