{"n_classes": 3, "train_acc": 0.942556995904376, "val_acc": 0.8431375690301633, "test_acc": 0.8181138779759932, "confusion_matrix": [273, 13, 27, 9, 183, 6, 17, 9, 50], "val_accs": [0.7619247875776746, 0.8053774939472403, 0.820961138846668, 0.8161346179134985, 0.8425815228456214, 0.829662293727225, 0.818379162085794, 0.8101509468471914, 0.8212241426842546, 0.8083042460434277, 0.7723404738207716, 0.8431375690301633, 0.8199348231098936, 0.7942245291797417, 0.8139484819538648, 0.7728644789286533, 0.8383117156194242, 0.7901339517261129, 0.8404738207715625, 0.786736930077693, 0.7912997796508456, 0.8117072753937215, 0.8332765939267475, 0.7940930272609484, 0.8172180068180741, 0.7950415766345788, 0.7987089448673199, 0.7569427339182165, 0.8312983912041904, 0.813684810593848, 0.7822545169574061, 0.7915627834884322, 0.8165297911923085, 0.7812268661757708, 0.8233345148480352, 0.8051675581428724, 0.7830722319346736, 0.7871594717761504, 0.8270796494439204, 0.8160581865952151, 0.8348309199059862, 0.7933277127944692, 0.7916425524188676, 0.8024540794632052, 0.8232036804516724, 0.7610573421793405, 0.8293195209592031, 0.8053801640369621, 0.8111008312656827, 0.8016350294410769, 0.8019791372539595, 0.8238081220124199, 0.7982346701805048, 0.8000002670089722, 0.7972834507171527, 0.8073570317146582, 0.7806204220477319, 0.79599146105307, 0.824154232392594, 0.8134755423119104, 0.8303491743081297, 0.8145549260819037, 0.8186421659233805, 0.8196711517498767, 0.7925924368373588, 0.8241535648701636, 0.7787743887663985, 0.8057236043274143, 0.7942265317470331, 0.8098619096348184, 0.8145549260819037, 0.8214374161007746, 0.8183778270409331, 0.8089133602611881, 0.8314305606454141, 0.7854469429809016, 0.8338817030099254, 0.8226496368344218, 0.8427947962621415, 0.8319055028546596, 0.8108384949505266, 0.7874244781810281, 0.7966743364993922, 0.8124438863956925, 0.8274230897343728, 0.8343573127416014, 0.8053801640369621, 0.8158482507908472, 0.8220438602288134, 0.8044309471409014, 0.7920630915500336, 0.8087811908199646, 0.8035334632331983, 0.7943587011882567, 0.8244963376381854, 0.804220343814103, 0.7948316408302111, 0.786212257447381, 0.8008179819862397, 0.8301392385037617], "train_accs": [0.7983915954637437, 0.8519892010421125, 0.8545257726697688, 0.8731821108361837, 0.8890166547960124, 0.9105445472287457, 0.9102838403805061, 0.9037991134286955, 0.9244786210532329, 0.9207263257965866, 0.8922239707055195, 0.942556995904376, 0.9544578434750481, 0.9381779945609905, 0.9512305147865064, 0.9264749545691434, 0.9347424455997846, 0.8978601616306087, 0.960956878143331, 0.9292137359149298, 0.9504784836734933, 0.9346631398840556, 0.9580048664565523, 0.9483038482411201, 0.9544162263038087, 0.9450880671490904, 0.9725292439444885, 0.9350109562404288, 0.9595456335429207, 0.9407682044689535, 0.9312823809078883, 0.9669686515900574, 0.9427010139843685, 0.9711219111687696, 0.9689765327024803, 0.9329668437802193, 0.9538283604662902, 0.9495384161423547, 0.9704451395303266, 0.9690579539501097, 0.9792237995841918, 0.9764232706737225, 0.9530521359166162, 0.9621277341665078, 0.9792951472340703, 0.9082151419264527, 0.953602296407587, 0.9824218713066498, 0.9729019151276401, 0.977664661738134, 0.981385262202766, 0.9734644358237664, 0.9861840889425211, 0.9407826802060097, 0.9443724552614263, 0.9754011205048364, 0.9656963783422748, 0.9649843391832144, 0.9825777394202059, 0.9849478958239996, 0.9713704090303793, 0.987571274522738, 0.9712124421869811, 0.9710190199454027, 0.972733213296373, 0.9804608053113567, 0.9744145769526562, 0.9752124226965933, 0.9744005915302137, 0.9886447763645262, 0.9766587835990953, 0.9796626204713316, 0.9768404703665992, 0.984065529616385, 0.9936904757486039, 0.9748818421972364, 0.9833242334912407, 0.9857244594697616, 0.9925188071167836, 0.9878069386666367, 0.9754432111886313, 0.9710551000746639, 0.9064008709331706, 0.9736034071763943, 0.9865154820505214, 0.9851450420127069, 0.9869574021537092, 0.9949258562584818, 0.9885887002582888, 0.9857028382754983, 0.9395701902095354, 0.981729015515922, 0.9881851468917665, 0.9899591402961033, 0.9860274082203215, 0.9952504262033051, 0.9785839206836532, 0.9501989157509506, 0.9826053711690027, 0.9928157453128099], "val_losses": [0.11163464933633804, 0.08677735924720764, 0.07857757806777954, 0.09885487705469131, 0.0708828866481781, 0.07120708376169205, 0.07374140620231628, 0.09139080345630646, 0.07392892986536026, 0.08656427264213562, 0.11671723425388336, 0.06796567887067795, 0.06373343616724014, 0.07959018647670746, 0.06795957684516907, 0.09981273859739304, 0.08754529058933258, 0.09938269108533859, 0.06128699332475662, 0.07709064334630966, 0.07734090834856033, 0.07688635587692261, 0.07225453108549118, 0.0913562923669815, 0.07796701043844223, 0.09006980061531067, 0.06620076298713684, 0.07830774784088135, 0.06926623731851578, 0.08581984043121338, 0.09186293929815292, 0.06480731070041656, 0.0809815302491188, 0.0713067278265953, 0.06881782412528992, 0.06961673498153687, 0.09161501377820969, 0.09453359246253967, 0.07100896537303925, 0.06488262861967087, 0.06484457850456238, 0.06631927192211151, 0.08088595420122147, 0.06513461470603943, 0.06978659331798553, 0.1244170144200325, 0.06849920004606247, 0.07291672378778458, 0.08249165862798691, 0.07076705247163773, 0.071565642952919, 0.07070756703615189, 0.0675438642501831, 0.06701231002807617, 0.0778830498456955, 0.08070957660675049, 0.08064153045415878, 0.08148141950368881, 0.06315288692712784, 0.06396555155515671, 0.07882370799779892, 0.06428015232086182, 0.06926606595516205, 0.07477671653032303, 0.07194626331329346, 0.06220391392707825, 0.06852737814188004, 0.07433722168207169, 0.07864740490913391, 0.06283999979496002, 0.06531993299722672, 0.07432006299495697, 0.08219210803508759, 0.06329791247844696, 0.06387697905302048, 0.06768520921468735, 0.06811359524726868, 0.05818293243646622, 0.06826519966125488, 0.05779099091887474, 0.08874111622571945, 0.07870341837406158, 0.10356920212507248, 0.06767909228801727, 0.07201854139566422, 0.06698725372552872, 0.06718304753303528, 0.05721301957964897, 0.06583549827337265, 0.0748959556221962, 0.11199894547462463, 0.06951619684696198, 0.06263478845357895, 0.06512010097503662, 0.06967301666736603, 0.06183510646224022, 0.08062040060758591, 0.09442368149757385, 0.06694448739290237, 0.06056665629148483],