{"training_acc": 0.6865747690907171, "validation_acc": 0.6738431004967449, "classes": ["aerobe", "anaerobe", "facultative"], "confusion_matrix": [213, 25, 93, 6, 166, 63, 15, 7, 45], "f1_score": 0.7144595562380632, "training_losses": [0.5587377548217773, 0.5261540412902832, 0.5069373846054077, 0.49458813667297363, 0.486142635345459, 0.47997787594795227, 0.47524383664131165, 0.47144395112991333, 0.4682948589324951, 0.46563613414764404, 0.4633570909500122, 0.4613567888736725, 0.45960351824760437, 0.45802196860313416, 0.4565921127796173, 0.455272376537323, 0.4540725350379944, 0.4529663622379303, 0.4519353210926056, 0.45096325874328613, 0.450044721364975, 0.44915837049484253, 0.44832348823547363, 0.4475191831588745, 0.4467664957046509, 0.4460669159889221, 0.4453992545604706, 0.4447614252567291, 0.4441434442996979, 0.44354167580604553, 0.44295963644981384, 0.44240057468414307, 0.4418571889400482, 0.4413343071937561, 0.4408412277698517, 0.4403696358203888, 0.43991249799728394, 0.43946436047554016, 0.4390358328819275, 0.4386240541934967, 0.43822672963142395, 0.43784376978874207, 0.43747761845588684, 0.4371301233768463, 0.43678930401802063, 0.4364496171474457, 0.4361169636249542, 0.4358064830303192, 0.43550461530685425, 0.4352092146873474, 0.4349232614040375, 0.4346441924571991, 0.4343874156475067, 0.43414542078971863, 0.43390485644340515, 0.4336739182472229, 0.4334541857242584, 0.43324014544487, 0.4330321252346039, 0.43283572793006897, 0.4326406419277191, 0.4324460029602051, 0.4322590231895447, 0.4320780634880066, 0.43190109729766846, 0.4317397475242615, 0.43157073855400085, 0.43140989542007446, 0.4312579035758972, 0.43111279606819153, 0.4309651851654053, 0.43083029985427856, 0.43069374561309814, 0.4305747449398041, 0.4304506778717041, 0.4303315281867981, 0.4302111566066742, 0.43009769916534424, 0.4299876391887665, 0.4298804998397827, 0.42977508902549744, 0.42966923117637634, 0.4295673966407776, 0.4294699728488922, 0.42937445640563965, 0.42928546667099, 0.429193913936615, 0.4291011691093445, 0.4290110766887665, 0.4289272427558899, 0.4288400113582611, 0.4287605881690979, 0.4286743402481079, 0.4285995662212372, 0.42852240800857544, 0.42844390869140625, 0.4283701479434967, 0.42829492688179016, 0.4282298684120178, 0.4281582236289978], "validation_losses": [0.18588322401046753, 0.1756303310394287, 0.16875480115413666, 0.1643800288438797, 0.1614876389503479, 0.15941950678825378, 0.15784138441085815, 0.1565646231174469, 0.15550017356872559, 0.1545971781015396, 0.15381669998168945, 0.15313726663589478, 0.15253861248493195, 0.15198415517807007, 0.15147922933101654, 0.15099886059761047, 0.15056858956813812, 0.15016937255859375, 0.14979571104049683, 0.14943921566009521, 0.14909617602825165, 0.1487835943698883, 0.14849062263965607, 0.14820070564746857, 0.14793981611728668, 0.14770019054412842, 0.14747732877731323, 0.1472695916891098, 0.14707337319850922, 0.14688745141029358, 0.14670580625534058, 0.14653296768665314, 0.14636129140853882, 0.1461961567401886, 0.1460494101047516, 0.14589671790599823, 0.1457444131374359, 0.14559617638587952, 0.1454528570175171, 0.14530783891677856, 0.14515914022922516, 0.14502772688865662, 0.14489270746707916, 0.1447850465774536, 0.1446734517812729, 0.14456051588058472, 0.1444527953863144, 0.14434830844402313, 0.1442471444606781, 0.14414283633232117, 0.14405713975429535, 0.14396227896213531, 0.1438945233821869, 0.1438220590353012, 0.14373713731765747, 0.14365440607070923, 0.143595352768898, 0.14352193474769592, 0.14345994591712952, 0.14339885115623474, 0.1433398425579071, 0.14327161014080048, 0.1432231217622757, 0.14316131174564362, 0.14310680329799652, 0.14306335151195526, 0.14300744235515594, 0.14295056462287903, 0.14290252327919006, 0.14286057651042938, 0.14281247556209564, 0.1427716463804245, 0.14271892607212067, 0.14268521964550018, 0.14265084266662598, 0.14261606335639954, 0.14258374273777008, 0.14255337417125702, 0.14252404868602753, 0.14249537885189056, 0.14246585965156555, 0.14243268966674805, 0.14240872859954834, 0.14237284660339355, 0.14234215021133423, 0.14231672883033752, 0.14228615164756775, 0.1422579139471054, 0.14222827553749084, 0.14220945537090302, 0.14218226075172424, 0.14216521382331848, 0.14213895797729492, 0.14212462306022644, 0.14210359752178192, 0.14208510518074036, 0.1420578807592392, 0.14204417169094086, 0.14202743768692017, 0.14199477434158325], "training_accs": [0.5666816333264326, 0.6035692398810527, 0.611495308694784, 0.6294154274043882, 0.6357731045239529, 0.6451150650512728, 0.6518927683384996, 0.6537002381412642, 0.6579654162765052, 0.6582378780338334, 0.6636912033057353, 0.6654564237132213, 0.6673483923065427, 0.6689029826839173, 0.6691022791823588, 0.6706682030914036, 0.6734531900007176, 0.6758913160012558, 0.6733478749856617, 0.6731063290919419, 0.6745556044542607, 0.6742087435454852, 0.6741034285304294, 0.6745978538495391, 0.6745978538495391, 0.6750809456369787, 0.6764683892720811, 0.6776874522723503, 0.6772043604849106, 0.6778350166826844, 0.6780765625764041, 0.6788125337892338, 0.6780765625764041, 0.6788125337892338, 0.678570987895514, 0.6780878961080744, 0.6786763029105697, 0.6784234234851798, 0.6791480611663392, 0.6791480611663392, 0.6801255782728886, 0.6802618091515527, 0.68416054404608, 0.6848965152589095, 0.6848965152589095, 0.6851380611526293, 0.6851380611526293, 0.6852742920312932, 0.6849274311225177, 0.6841914599096882, 0.6844330058034079, 0.6846745516971278, 0.6856520688036771, 0.6851689770162376, 0.6851689770162376, 0.6849274311225177, 0.6839499140159684, 0.6841914599096882, 0.6844330058034079, 0.6844330058034079, 0.6844330058034079, 0.6844330058034079, 0.6849160975908476, 0.6848107825757919, 0.684569236682072, 0.6850523284695117, 0.6840748113629623, 0.684705467560736, 0.6844639216670162, 0.684705467560736, 0.684705467560736, 0.684705467560736, 0.684705467560736, 0.6849470134544559, 0.6849470134544559, 0.6851885593481756, 0.6844948375306245, 0.6844948375306245, 0.6847363834243443, 0.6847363834243443, 0.6847363834243443, 0.6849779293180641, 0.6849779293180641, 0.6849779293180641, 0.6849779293180641, 0.6849779293180641, 0.6849779293180641, 0.6849779293180641, 0.6846310684092884, 0.6851141601967282, 0.6853557060904479, 0.6851141601967282, 0.6851141601967282, 0.6841366430901789, 0.6841366430901789, 0.6851141601967282, 0.6853557060904479, 0.6855972519841678, 0.6855972519841678, 0.6865747690907171],