{"n_classes": 2, "train_acc": 0.8753599108097172, "val_acc": 0.8438234445223272, "test_acc": 0.8742047726623562, "confusion_matrix": [166, 32, 35, 354], "val_accs": null, "train_accs": null, "val_losses": null, "train_losses": null}