{"n_classes": 3, "train_acc": 0.6328126207409283, "val_acc": 0.6557686954675894, "test_acc": 0.6281404652432061, "confusion_matrix": [297, 12, 4, 29, 167, 2, 52, 17, 7], "val_accs": null, "train_accs": null, "val_losses": null, "train_losses": null}