{"n_classes": 3, "train_acc": 0.7899312091651746, "val_acc": 0.7475513608446027, "test_acc": 0.7172351280304871, "confusion_matrix": [246, 36, 31, 26, 161, 11, 20, 14, 42], "val_accs": [0.5485288806917135, 0.5901635897220237, 0.6159516500153196, 0.6251237419705395, 0.6275762193799117, 0.6311107506489987, 0.6549199406973073, 0.6683952160002457, 0.6532838432203417, 0.6727461272017393, 0.6647809158007232, 0.6685273854414694, 0.6769662040068702, 0.6857961907164986, 0.6802847917697155, 0.6981109782741474, 0.6780449202544329, 0.7021191167076193, 0.7062580895374536, 0.6842935977256176, 0.7091331086452833, 0.7129293087070959, 0.6919126987464596, 0.7031971654327513, 0.7014322361267146, 0.7083147261455852, 0.6974247652156732, 0.7142212983711786, 0.7160700017422336, 0.7036243797882218, 0.7087098994243956, 0.7137463561619329, 0.7124563690651415, 0.7029361641624563, 0.7244270488099076, 0.7214989616688595, 0.7111630443561979, 0.7238199371594384, 0.700693622557452, 0.7239514390782317, 0.7329953667268105, 0.7174921582802485, 0.7006962926471737, 0.709265278086507, 0.7081034552963565, 0.716462504931322, 0.7156441224316241, 0.7202069720047768, 0.7199943661106873, 0.7251119268235211, 0.7376903857411868, 0.701169232289128, 0.726061143719582, 0.7059944181774368, 0.7065497968395483, 0.7204182428540055, 0.7158560608032832, 0.7097388852508916, 0.7304133899659364, 0.7149068439072224, 0.7185715420502419, 0.7299377802342603, 0.7272202964200104, 0.7108182690208847, 0.7294628380250147, 0.727140527489575, 0.7137463561619329, 0.7259316443680799, 0.7329960342492408, 0.731359269249845, 0.6981109782741474, 0.7080223513210603, 0.7352359057645236, 0.7202069720047768, 0.718309873257516, 0.7237381656617116, 0.7308849945630298, 0.7125845333717825, 0.7308849945630298, 0.7259800397442856, 0.7134035833939111, 0.7281701808385016, 0.719600527876738, 0.7333381394948324, 0.7051760356777388, 0.7221845072049033, 0.7475513608446027, 0.741565019688574, 0.72993711271183, 0.7302812205247126, 0.7349735694493673, 0.7341558544721, 0.727695238629256, 0.7289878958157692, 0.726878191174419, 0.7152496166752443, 0.7157245588844899, 0.7260604761971514, 0.7366096669263329, 0.7289892308606299], "train_accs": [0.595592543606955, 0.6163999485001636, 0.6400784173450765, 0.6492359470141894, 0.6564169512668058, 0.6526544113369048, 0.6702353001502149, 0.6744330882386523, 0.6651795271683861, 0.676862571183257, 0.6937372801735145, 0.6889129372168633, 0.698605980564387, 0.711042529691032, 0.7182511656924451, 0.7209928583767174, 0.7177170893537591, 0.7330380264644335, 0.7378163837146569, 0.7309194671382974, 0.7263623150969748, 0.7459847441280968, 0.7352537887534322, 0.7413131899259318, 0.7396106953899994, 0.7427554511261801, 0.7482755780141033, 0.7602778428093812, 0.7448736881582865, 0.7381006226094393, 0.7618462416445464, 0.7581769928528167, 0.7581581485805721, 0.7635440117471438, 0.7575811689494477, 0.7702706012749493, 0.772859998574269, 0.7691738530216111, 0.746436247514422, 0.7724917127283643, 0.7757666691426791, 0.7718242020790287, 0.7620999374520464, 0.7652113899809846, 0.7706307610344196, 0.7740940929629482, 0.7752841323544576, 0.7790123685909102, 0.7743741343980463, 0.7793642311884422, 0.7688505860000454, 0.7451304831818345, 0.7786754384409315, 0.7625473945972127, 0.757951063210581, 0.779526109856532, 0.7716169822925704, 0.7762527786595039, 0.7770069253044177, 0.7820321383969056, 0.7849804261365549, 0.7805255039284816, 0.7952440994645812, 0.775095756840244, 0.795169179086099, 0.7884509035222903, 0.7823069818861134, 0.7806473906426191, 0.7825927115817154, 0.7907365394624065, 0.7672085361055386, 0.7850945258603459, 0.7858644175614565, 0.7911072631342417, 0.7867472572816264, 0.7929724489469073, 0.7918805763454299, 0.7800793695635507, 0.7879152019663174, 0.7866248970549337, 0.782336238852197, 0.790273810773599, 0.7856015951813163, 0.7889963395799263, 0.7777690132131235, 0.7951467452831925, 0.7899312091651746, 0.7967960918534319, 0.7926179606458827, 0.7926264090263468, 0.7944455923305264, 0.7968012897993222, 0.8023025556129423, 0.7872889693921331, 0.7876873248127652, 0.7956123853104856, 0.8010655498857773, 0.7893714485890082, 0.8037375201374579, 0.7996824273487776], "val_losses": [0.18465638160705566, 0.17057687044143677, 0.16894850134849548, 0.1656385064125061, 0.1637134701013565, 0.15304705500602722, 0.1542692482471466, 0.1554364562034607, 0.15664979815483093, 0.14519712328910828, 0.15455183386802673, 0.1456700712442398, 0.14890404045581818, 0.14513275027275085, 0.14560584723949432, 0.14154435694217682, 0.14458374679088593, 0.1379799246788025, 0.13011819124221802, 0.13594219088554382, 0.14334550499916077, 0.13368836045265198, 0.14074964821338654, 0.13638415932655334, 0.1320050209760666, 0.14325526356697083, 0.13849325478076935, 0.13177376985549927, 0.13177962601184845, 0.1330389827489853, 0.13017061352729797, 0.12999293208122253, 0.12492500990629196, 0.13699659705162048, 0.12488435208797455, 0.12791907787322998, 0.12803538143634796, 0.13645312190055847, 0.139089435338974, 0.12798799574375153, 0.1245712861418724, 0.12803417444229126, 0.13407811522483826, 0.13257114589214325, 0.13720490038394928, 0.12482376396656036, 0.12612803280353546, 0.1255422681570053, 0.12311366200447083, 0.1307125687599182, 0.11648209393024445, 0.13283897936344147, 0.1227269247174263, 0.13132508099079132, 0.13606014847755432, 0.13133801519870758, 0.12740300595760345, 0.13580851256847382, 0.11878565698862076, 0.13103727996349335, 0.12536713480949402, 0.12306967377662659, 0.1327841430902481, 0.1313551515340805, 0.12442117184400558, 0.12237469851970673, 0.1262214183807373, 0.12135770171880722, 0.1202179417014122, 0.12478990107774734, 0.13581490516662598, 0.1284642219543457, 0.11866886913776398, 0.12172132730484009, 0.12515485286712646, 0.12683872878551483, 0.12490831315517426, 0.12987373769283295, 0.12360778450965881, 0.11728861182928085, 0.1209515780210495, 0.12223409116268158, 0.12887609004974365, 0.12090622633695602, 0.1296847015619278, 0.1332814246416092, 0.11585911363363266, 0.11773163080215454, 0.12116637825965881, 0.12215312570333481, 0.12464705854654312, 0.12138073891401291, 0.1309906542301178, 0.1276167780160904, 0.12356296926736832, 0.13521845638751984, 0.13194948434829712, 0.12268540263175964, 0.12396705895662308, 0.1223938837647438],