{"training_acc": 0.6673367530173632, "validation_acc": 0.6685200376223898, "classes": ["aerobe", "anaerobe", "facultative"], "confusion_matrix": [227, 34, 76, 29, 176, 31, 15, 21, 51], "f1_score": 0.7056760967273296, "training_losses": [0.5931907892227173, 0.5667741298675537, 0.5513224005699158, 0.5413225293159485, 0.5343203544616699, 0.5290142297744751, 0.5247716307640076, 0.5214030742645264, 0.5181019306182861, 0.515331506729126, 0.5128415822982788, 0.510539710521698, 0.508370578289032, 0.5063485503196716, 0.5044729113578796, 0.5027333498001099, 0.5010914206504822, 0.49951258301734924, 0.4980517327785492, 0.4966929256916046, 0.4956952631473541, 0.494096577167511, 0.4928823709487915, 0.4917137920856476, 0.49059754610061646, 0.48953065276145935, 0.48852571845054626, 0.4875558614730835, 0.48665931820869446, 0.4857528805732727, 0.4849970042705536, 0.48412197828292847, 0.4833902418613434, 0.48261532187461853, 0.48201414942741394, 0.481214314699173, 0.4806218147277832, 0.4805198013782501, 0.47973668575286865, 0.47878298163414, 0.47819948196411133, 0.4776512682437897, 0.47711092233657837, 0.4766112267971039, 0.4761192500591278, 0.47565513849258423, 0.4751984775066376, 0.47476375102996826, 0.4743323028087616, 0.47390231490135193, 0.47360894083976746, 0.4739221930503845, 0.47279858589172363, 0.4723007380962372, 0.4719352722167969, 0.4715777039527893, 0.47123798727989197, 0.47089654207229614, 0.47057434916496277, 0.47026318311691284, 0.4699678421020508, 0.4696689546108246, 0.46938982605934143, 0.46909499168395996, 0.46885499358177185, 0.4685584604740143, 0.46838513016700745, 0.4680320620536804, 0.467932790517807, 0.46754729747772217, 0.4673188328742981, 0.467074990272522, 0.4669169485569, 0.46661806106567383, 0.46671023964881897, 0.46616828441619873, 0.46613410115242004, 0.4659174978733063, 0.46638789772987366, 0.4653503894805908, 0.4651552438735962, 0.4649457335472107, 0.4647676944732666, 0.46457406878471375, 0.46439555287361145, 0.4642176628112793, 0.46404021978378296, 0.46388640999794006, 0.4637164771556854, 0.4635647237300873, 0.4634053707122803, 0.4632764458656311, 0.4631189703941345, 0.4630011022090912, 0.46286287903785706, 0.4627004861831665, 0.46270129084587097, 0.4624154567718506, 0.46249890327453613, 0.462192565202713], "validation_losses": [0.18667973577976227, 0.17783144116401672, 0.17367158830165863, 0.1710478812456131, 0.16924163699150085, 0.16811513900756836, 0.16712979972362518, 0.16704276204109192, 0.16531066596508026, 0.16460324823856354, 0.16400417685508728, 0.16355755925178528, 0.16345907747745514, 0.16347543895244598, 0.16293276846408844, 0.16255797445774078, 0.16115927696228027, 0.1617365926504135, 0.16135306656360626, 0.1609681397676468, 0.1609121561050415, 0.15938356518745422, 0.1590106338262558, 0.15909001231193542, 0.15931473672389984, 0.1590203493833542, 0.15871582925319672, 0.15844391286373138, 0.15815289318561554, 0.1578836739063263, 0.157627671957016, 0.15702980756759644, 0.15710091590881348, 0.15680760145187378, 0.15661954879760742, 0.1563461869955063, 0.15614211559295654, 0.1549406200647354, 0.156005397439003, 0.1546272188425064, 0.15442118048667908, 0.154277041554451, 0.15437421202659607, 0.15440627932548523, 0.15458650887012482, 0.15447840094566345, 0.1542847752571106, 0.15411376953125, 0.1539444774389267, 0.15378770232200623, 0.15362271666526794, 0.15358738601207733, 0.1527133733034134, 0.1534419059753418, 0.15323834121227264, 0.15307839214801788, 0.1529407799243927, 0.15280389785766602, 0.1526687890291214, 0.1525527536869049, 0.15242426097393036, 0.1523198038339615, 0.1521657258272171, 0.15206222236156464, 0.1519349068403244, 0.15182402729988098, 0.1517145186662674, 0.15160641074180603, 0.15150557458400726, 0.15140365064144135, 0.15128616988658905, 0.15119212865829468, 0.15109269320964813, 0.15100057423114777, 0.15089930593967438, 0.15080860257148743, 0.15070655941963196, 0.15059147775173187, 0.15102121233940125, 0.15064749121665955, 0.15061061084270477, 0.15055078268051147, 0.15046656131744385, 0.15040086209774017, 0.1503371298313141, 0.1502695381641388, 0.15017306804656982, 0.15010899305343628, 0.15004634857177734, 0.149962916970253, 0.14989633858203888, 0.1498243361711502, 0.14974986016750336, 0.14968833327293396, 0.14961811900138855, 0.14954517781734467, 0.14948493242263794, 0.14942488074302673, 0.14935241639614105, 0.1492762714624405], "training_accs": [0.5442923396496019, 0.5737029758352045, 0.5859657527216489, 0.5949036915471994, 0.5974238216666702, 0.599510332160255, 0.5994203388046883, 0.6012722727090166, 0.6031296990223886, 0.6041034088568579, 0.607338253562185, 0.609454805199353, 0.6099593618553096, 0.6112167457481147, 0.6154989464915303, 0.6157580718153263, 0.618019206686184, 0.6216878010925802, 0.6232206574611289, 0.6245735271185443, 0.6256263755656764, 0.6263955499544726, 0.6269546964885521, 0.6321997523235329, 0.6338117473047443, 0.635628277731629, 0.636626536300638, 0.6375648426576636, 0.6395668522047252, 0.641034263952247, 0.6419425291656894, 0.6420325225212561, 0.6409442705966804, 0.640036005383238, 0.6423216889886354, 0.6437891007361572, 0.6442882950582534, 0.6439637251134301, 0.6448719903268725, 0.6463694432179776, 0.6462549011278712, 0.6455812125036853, 0.6461403590377648, 0.6463749356270211, 0.6498335021787005, 0.6492498069100813, 0.6498089534441608, 0.6494843834993377, 0.6500735711770004, 0.6507773009447696, 0.6519201427474682, 0.6518301493919015, 0.6537667143179362, 0.6532975611394234, 0.654909556120635, 0.6554687026547144, 0.6561724324224837, 0.65640700901174, 0.6573453153687656, 0.6575798919580219, 0.6574898986024552, 0.657959051780968, 0.6578690584254013, 0.658338211603914, 0.6588073647824269, 0.6590419413716834, 0.6598356644950192, 0.6607439297084615, 0.6605393942627883, 0.6612431240305575, 0.6613877072642472, 0.6613877072642472, 0.6618568604427599, 0.6618869015863432, 0.6618869015863432, 0.6624460481204227, 0.662356054764856, 0.6626806247096791, 0.6608586018737509, 0.6629697911770586, 0.6629697911770586, 0.6629697911770586, 0.6634389443555713, 0.6641426741233404, 0.6641426741233404, 0.6643772507125968, 0.6648464038911096, 0.6655501336588788, 0.6653155570696224, 0.6655501336588788, 0.6661638700710812, 0.6661638700710812, 0.6658393001262581, 0.6660738767155145, 0.6663084533047708, 0.6667776064832838, 0.6673367530173632, 0.6673367530173632, 0.6673367530173632, 0.6673367530173632],