{"training_acc": 0.46094494584543616, "validation_acc": 0.45643682207581016, "classes": ["aerobe", "anaerobe", "facultative"], "confusion_matrix": [193, 138, 6, 40, 188, 8, 25, 62, 0], "f1_score": 0.5467126337714573, "training_losses": [0.6310068368911743, 0.6271846294403076, 0.6252806782722473, 0.6240759491920471, 0.6231294870376587, 0.622360348701477, 0.621737539768219, 0.6212252974510193, 0.6208003759384155, 0.620445966720581, 0.6201468706130981, 0.6198970675468445, 0.6196883916854858, 0.6195079684257507, 0.6193575859069824, 0.6192247271537781, 0.6191190481185913, 0.6190270185470581, 0.6189490556716919, 0.6188791990280151, 0.6188198328018188, 0.6187722682952881, 0.6187204718589783, 0.618687629699707, 0.6186590790748596, 0.6186396479606628, 0.6186203956604004, 0.6186084151268005, 0.6186013221740723, 0.618598997592926, 0.6186037063598633, 0.6186091899871826, 0.6186200976371765, 0.6186332106590271, 0.6186489462852478, 0.6186652779579163, 0.6186829805374146, 0.618703305721283, 0.6187232732772827, 0.618744432926178, 0.6187664270401001, 0.6187874674797058, 0.6188083291053772, 0.6188293099403381, 0.6188511252403259, 0.6188735961914062, 0.6188960075378418, 0.6189200282096863, 0.6189423203468323, 0.6189666986465454, 0.6189888715744019, 0.6190115213394165, 0.6190327405929565, 0.6190537810325623, 0.6190750598907471, 0.6190947890281677, 0.6191152930259705, 0.6191356182098389, 0.6191554069519043, 0.6191742420196533, 0.6191919445991516, 0.6192094087600708, 0.6192247867584229, 0.6192386746406555, 0.6192533373832703, 0.6192672848701477, 0.6192800998687744, 0.6192917823791504, 0.6193040013313293, 0.6193156838417053, 0.6193265914916992, 0.6193361878395081, 0.6193459033966064, 0.6193537712097168, 0.6193622350692749, 0.6193689107894897, 0.6193792223930359, 0.6193844079971313, 0.6193910241127014, 0.6193971037864685, 0.6194025874137878, 0.6194078922271729, 0.6194136142730713, 0.6194191575050354, 0.6194231510162354, 0.6194273829460144, 0.6194344758987427, 0.619438886642456, 0.6194413304328918, 0.6194426417350769, 0.6194460391998291, 0.6194485425949097, 0.6194499135017395, 0.6194538474082947, 0.6194560527801514, 0.6194590926170349, 0.6194602251052856, 0.6194624900817871, 0.6194624900817871, 0.6194648742675781], "validation_losses": [0.20332813262939453, 0.20183134078979492, 0.20141124725341797, 0.20108088850975037, 0.20070192217826843, 0.2003324329853058, 0.2000068724155426, 0.19972163438796997, 0.19946345686912537, 0.19924351572990417, 0.1990492045879364, 0.19887344539165497, 0.19871675968170166, 0.1985759437084198, 0.1984487771987915, 0.19832392036914825, 0.19821834564208984, 0.19812074303627014, 0.1980307549238205, 0.197941392660141, 0.19787034392356873, 0.19780735671520233, 0.19772449135780334, 0.19767402112483978, 0.19761614501476288, 0.19756579399108887, 0.19751788675785065, 0.197479709982872, 0.19744069874286652, 0.19740186631679535, 0.19737407565116882, 0.19733358919620514, 0.1973050832748413, 0.19727005064487457, 0.1972443163394928, 0.19721704721450806, 0.19719254970550537, 0.19717033207416534, 0.19714747369289398, 0.19713178277015686, 0.19711007177829742, 0.19708961248397827, 0.19706980884075165, 0.19705235958099365, 0.1970364898443222, 0.1970231533050537, 0.1970066875219345, 0.1969948410987854, 0.19697509706020355, 0.1969684511423111, 0.19695793092250824, 0.19694747030735016, 0.19694367051124573, 0.19692936539649963, 0.19692003726959229, 0.19691088795661926, 0.1969025880098343, 0.19689525663852692, 0.19688713550567627, 0.19688498973846436, 0.19687961041927338, 0.196879044175148, 0.1968771517276764, 0.1968718320131302, 0.19687066972255707, 0.19686612486839294, 0.19686314463615417, 0.19685521721839905, 0.1968529224395752, 0.1968512386083603, 0.19685092568397522, 0.19684842228889465, 0.1968449354171753, 0.19684037566184998, 0.19683390855789185, 0.19682903587818146, 0.19684171676635742, 0.19683125615119934, 0.19682744145393372, 0.19682623445987701, 0.19682075083255768, 0.19681723415851593, 0.1968153417110443, 0.19681835174560547, 0.19681154191493988, 0.19681544601917267, 0.19681738317012787, 0.19682279229164124, 0.19681662321090698, 0.19680453836917877, 0.1967988759279251, 0.196795254945755, 0.1967933624982834, 0.19678820669651031, 0.19680196046829224, 0.19679874181747437, 0.19679082930088043, 0.19678819179534912, 0.1967897117137909, 0.19678974151611328], "training_accs": [0.4311823296228108, 0.4378251965206695, 0.4469436423580855, 0.45500166930751756, 0.45767983573612264, 0.4617912721255533, 0.45909380875162736, 0.4589940368482172, 0.462412152863096, 0.46248340546403655, 0.46434537806657455, 0.46540655787511537, 0.4637429420433292, 0.4642197957378769, 0.4617630876281287, 0.4627349049264766, 0.4627349049264766, 0.4637325326501119, 0.4640564717495612, 0.46461498743826696, 0.4651735031269726, 0.4645891770129795, 0.464823753602236, 0.46561684588019797, 0.4659407849796473, 0.465032519766205, 0.465032519766205, 0.465032519766205, 0.4641242545527627, 0.4641242545527627, 0.4638003154533134, 0.4640348920425698, 0.4640348920425698, 0.4640348920425698, 0.4631266268291275, 0.4621289991054922, 0.4621289991054922, 0.46168988707056274, 0.4606922593469274, 0.46125077503563316, 0.4614853516248896, 0.4614853516248896, 0.4614853516248896, 0.4617199282141459, 0.46107205001524737, 0.46107205001524737, 0.46107205001524737, 0.46107205001524737, 0.46107205001524737, 0.46107205001524737, 0.460163784801805, 0.460163784801805, 0.460163784801805, 0.460163784801805, 0.460163784801805, 0.460163784801805, 0.460163784801805, 0.460163784801805, 0.45983984570235564, 0.45983984570235564, 0.45983984570235564, 0.45951590660290637, 0.45951590660290637, 0.4591919675034571, 0.4591919675034571, 0.4591919675034571, 0.45942654409271344, 0.4591026049932641, 0.4591026049932641, 0.4600108702067065, 0.4600108702067065, 0.4600108702067065, 0.4600108702067065, 0.4600108702067065, 0.4600108702067065, 0.45968693110725717, 0.45977629361745015, 0.45945235451800087, 0.45977629361745015, 0.45945235451800087, 0.45945235451800087, 0.45912841541855154, 0.45912841541855154, 0.45912841541855154, 0.45912841541855154, 0.45945235451800087, 0.45912841541855154, 0.45912841541855154, 0.45912841541855154, 0.45912841541855154, 0.45912841541855154, 0.45912841541855154, 0.45912841541855154, 0.45912841541855154, 0.45912841541855154, 0.45912841541855154, 0.45912841541855154, 0.45912841541855154, 0.45912841541855154, 0.46094494584543616],