{"training_acc": 0.6202504213901952, "validation_acc": 0.6066924940017878, "classes": ["aerobe", "anaerobe", "facultative"], "confusion_matrix": [191, 67, 79, 24, 171, 41, 12, 29, 46], "f1_score": 0.6368929837733073, "training_losses": [0.6160584092140198, 0.5918284058570862, 0.5800945162773132, 0.5735297799110413, 0.5689080953598022, 0.5654076933860779, 0.5625619292259216, 0.5601619482040405, 0.5580483675003052, 0.5562286972999573, 0.5544599294662476, 0.5529455542564392, 0.5513626337051392, 0.550707221031189, 0.5490999221801758, 0.5477210283279419, 0.546431839466095, 0.5452602505683899, 0.5441021919250488, 0.5431188941001892, 0.5420771241188049, 0.5410400032997131, 0.5401949882507324, 0.5392699241638184, 0.5382999777793884, 0.5375185012817383, 0.5367324352264404, 0.5359176397323608, 0.5351513624191284, 0.5343348383903503, 0.5340504050254822, 0.5331690311431885, 0.5325363278388977, 0.531912088394165, 0.5313892960548401, 0.5307227373123169, 0.5302306413650513, 0.5309650301933289, 0.5297014713287354, 0.5289825797080994, 0.5284068584442139, 0.5278276205062866, 0.5274050235748291, 0.5268526673316956, 0.526549756526947, 0.5260791778564453, 0.5257077217102051, 0.5253748893737793, 0.5248541831970215, 0.5246946215629578, 0.524322509765625, 0.5239706039428711, 0.5236155390739441, 0.523255467414856, 0.5228780508041382, 0.5227388739585876, 0.5224339365959167, 0.5220919847488403, 0.5219377279281616, 0.5216148495674133, 0.5213575959205627, 0.5215019583702087, 0.5206143856048584, 0.5205866694450378, 0.5203845500946045, 0.5201689600944519, 0.519970178604126, 0.5197432041168213, 0.5195547342300415, 0.5193553566932678, 0.5191600918769836, 0.5190366506576538, 0.5187500715255737, 0.5185933709144592, 0.5183428525924683, 0.5182557702064514, 0.5180720090866089, 0.5184503793716431, 0.5175998210906982, 0.5175703167915344, 0.5174134969711304, 0.517253041267395, 0.5171590447425842, 0.5169415473937988, 0.51680988073349, 0.5167151093482971, 0.5166081786155701, 0.5164982676506042, 0.5165050029754639, 0.5161707401275635, 0.5161963701248169, 0.5160118937492371, 0.5159363746643066, 0.5158159136772156, 0.515762984752655, 0.5154797434806824, 0.5159310698509216, 0.5154581665992737, 0.5153465867042542, 0.5152177810668945], "validation_losses": [0.19939666986465454, 0.19057996571063995, 0.18657423555850983, 0.184707909822464, 0.18345493078231812, 0.1825813353061676, 0.18184491991996765, 0.1813703030347824, 0.18078838288784027, 0.18053793907165527, 0.1800614297389984, 0.17997349798679352, 0.17946329712867737, 0.17927756905555725, 0.17858999967575073, 0.17834171652793884, 0.17808686196804047, 0.17804664373397827, 0.17768891155719757, 0.17774665355682373, 0.1776665598154068, 0.1772746592760086, 0.17729172110557556, 0.17724747955799103, 0.176711305975914, 0.17672985792160034, 0.17674817144870758, 0.1764996498823166, 0.17650188505649567, 0.17590543627738953, 0.17605304718017578, 0.1760168969631195, 0.1759408414363861, 0.17568939924240112, 0.17572546005249023, 0.17539791762828827, 0.17548207938671112, 0.17541655898094177, 0.17438139021396637, 0.17414551973342896, 0.1741216778755188, 0.1740095317363739, 0.1741502732038498, 0.17390640079975128, 0.1739954650402069, 0.17401465773582458, 0.17398665845394135, 0.1740185022354126, 0.17358386516571045, 0.17372187972068787, 0.17381377518177032, 0.17383497953414917, 0.17366226017475128, 0.173773393034935, 0.17325642704963684, 0.1735249161720276, 0.17354123294353485, 0.1732456535100937, 0.17338353395462036, 0.17331168055534363, 0.17312513291835785, 0.1732742041349411, 0.1721692532300949, 0.17234641313552856, 0.17233620584011078, 0.17238849401474, 0.17246738076210022, 0.17252609133720398, 0.17264333367347717, 0.17264330387115479, 0.1726677119731903, 0.17251454293727875, 0.17230160534381866, 0.17231790721416473, 0.17217965424060822, 0.17240995168685913, 0.1722632199525833, 0.17246878147125244, 0.17131587862968445, 0.17146535217761993, 0.17148640751838684, 0.1716168075799942, 0.17173649370670319, 0.17182333767414093, 0.1717732697725296, 0.17184415459632874, 0.17177554965019226, 0.17186541855335236, 0.17171768844127655, 0.17119795083999634, 0.1713133603334427, 0.17150548100471497, 0.17147602140903473, 0.17155015468597412, 0.17153503000736237, 0.17100587487220764, 0.1714061200618744, 0.1710342913866043, 0.17119258642196655, 0.17130576074123383], "training_accs": [0.5215492549507242, 0.550352928650823, 0.554892732876921, 0.5656578716729396, 0.566855804123952, 0.566356609801856, 0.5709949988952956, 0.5709391473264249, 0.571914434422512, 0.571534643754192, 0.5740626044648809, 0.5751796358422924, 0.574945059253036, 0.5765863344572738, 0.5771490808642755, 0.5764495818148022, 0.5779799148018558, 0.5788623695900108, 0.5818036319103419, 0.5821275710097912, 0.5818929944205348, 0.5823956585403699, 0.582979984654363, 0.5854443932801462, 0.5857683323795956, 0.5888806192042774, 0.5913450278300606, 0.5931057066880747, 0.598384273464378, 0.6002643559761681, 0.6009380446003542, 0.602404825502502, 0.6018463098137964, 0.6021702489132457, 0.6025500395815655, 0.6040168204837135, 0.6043665700084503, 0.6018378483772046, 0.6028439375374316, 0.60387160640465, 0.6055729638960545, 0.6058969029955038, 0.6055729638960545, 0.6074530464078447, 0.6066599541298826, 0.6062466525202405, 0.6072442802438757, 0.6082677183927983, 0.6086810200024404, 0.6096150956411701, 0.6101736113298758, 0.6099390347406194, 0.6099390347406194, 0.6098496722304264, 0.6109366624642546, 0.6114616672116379, 0.6123699324250803, 0.6145104019514142, 0.6150053655552145, 0.6159136307686567, 0.6174697741809977, 0.6158535484814901, 0.6158319687744989, 0.6169412996358752, 0.6167067230466188, 0.6167067230466188, 0.6167067230466188, 0.6176149882600611, 0.6176149882600611, 0.6176149882600611, 0.6185232534735033, 0.618288676884247, 0.618288676884247, 0.6185232534735033, 0.618288676884247, 0.6194315186869458, 0.6194315186869458, 0.6208047063606049, 0.6193756671180751, 0.6196660952762022, 0.6194315186869458, 0.6201052073111316, 0.6197812682116823, 0.6201052073111316, 0.6201052073111316, 0.6197812682116823, 0.6197812682116823, 0.6200158448009389, 0.6206895334251247, 0.6198706307218753, 0.6204849979794514, 0.6200158448009389, 0.6197812682116823, 0.6197812682116823, 0.6197812682116823, 0.6207788959353177, 0.6198964411471626, 0.6202504213901952, 0.6202504213901952, 0.6202504213901952],