{"n_classes": 3, "train_acc": 0.8328184602199582, "val_acc": 0.7834660701686228, "test_acc": 0.7234424566272556, "confusion_matrix": [275, 20, 18, 12, 175, 11, 36, 9, 31], "val_accs": null, "train_accs": null, "val_losses": null, "train_losses": null}