{"training_acc": 0.5874632551569446, "validation_acc": 0.5964877052067921, "classes": ["aerobe", "anaerobe", "facultative"], "confusion_matrix": [302, 30, 0, 29, 195, 1, 52, 23, 1], "f1_score": 0.7392186881661147, "n_iter": 102, "converged": true, "C": 100, "penalty": "l2", "max_iter": 100000, "feature_type": "chemical", "model_class": "logistic", "binary": 0}