{"n_classes": 3, "train_acc": 0.6705340514410905, "val_acc": 0.6449791966634558, "test_acc": 0.6616849510745593, "confusion_matrix": [197, 43, 73, 24, 159, 15, 15, 19, 42], "val_accs": [0.5471531169626128, 0.5690672108309519, 0.5804321139701097, 0.5762120371649788, 0.5885254896777669, 0.5744464403365114, 0.5974379154075525, 0.5838324732306818, 0.583358866066297, 0.59825563038482, 0.6042413040184184, 0.594855271124248, 0.591453576818815, 0.5987305725940656, 0.6016573246902529, 0.5974392504524134, 0.597095810161961, 0.6013145519222309, 0.6034242565635811, 0.606825950869014, 0.6026065415863137, 0.6060082358917466, 0.6038985312503963, 0.6060082358917466, 0.6000225622581482, 0.6026065415863137, 0.6068252833465837, 0.6060075683693161, 0.6115189673160993, 0.613628004435019, 0.6145772213310798, 0.6187959630913498, 0.6090664899067271, 0.6210371696514932, 0.6278398907399286, 0.6273656160531135, 0.6291318804040112, 0.6265479010758459, 0.6144457194122865, 0.6273656160531135, 0.6209056677327, 0.632059300022629, 0.6299495953812788, 0.6325335747094442, 0.6273656160531135, 0.630423870068094, 0.6346432793507943, 0.6330078493962593, 0.6317158597321767, 0.6338255643735269, 0.6341690046639792, 0.6299495953812788, 0.6338255643735269, 0.6341690046639792, 0.6380449736562273, 0.6338255643735269, 0.6325335747094442, 0.6299495953812788, 0.6341690046639792, 0.6330078493962593, 0.6351175540376096, 0.634299839060342, 0.6377008658433445, 0.6364095437016922, 0.6364095437016922, 0.6338255643735269, 0.6445049219766407, 0.6286576057171961, 0.6385192483430424, 0.637701533365775, 0.6411032276712078, 0.6364095437016922, 0.6406282854619623, 0.6385192483430424, 0.6411032276712078, 0.6385192483430424, 0.630423870068094, 0.6411032276712078, 0.6394684652391032, 0.6436872069993732, 0.6436872069993732, 0.6368844859109378, 0.6428694920221057, 0.6389935230298577, 0.6402855126939403, 0.6291318804040112, 0.6411032276712078, 0.6368838183885074, 0.641577502358023, 0.6389935230298577, 0.6360667709336704, 0.6449791966634558, 0.6394684652391032, 0.6436872069993732, 0.641577502358023, 0.641577502358023, 0.6420517770448382, 0.6428694920221057, 0.6381764755750204, 0.6420524445672685], "train_accs": [0.572236565834001, 0.577695892182352, 0.5889136184639593, 0.5920756100571561, 0.5959488282007702, 0.6000861548457236, 0.6030669331839723, 0.6052860971260706, 0.6082501299219167, 0.6141973788819418, 0.6133510928035882, 0.6124495432276409, 0.6188564216604256, 0.6176142179873704, 0.6211544178056972, 0.6216148598871002, 0.6231302818320763, 0.6238860368922184, 0.6274639420570934, 0.6261380305290041, 0.6295800635572991, 0.6320508245770551, 0.6327275962154982, 0.6339353449765793, 0.6377364028616715, 0.6354575900847327, 0.6486243612525654, 0.6464076351363973, 0.6482721595589453, 0.6487930630838323, 0.6454002829985974, 0.6533378549199993, 0.6451402375404757, 0.653430823764141, 0.6571252664787371, 0.6601882786732588, 0.6566396304744676, 0.6609648423190208, 0.6550733303691447, 0.658206404092346, 0.6561315606672916, 0.656676523212372, 0.6598653339457226, 0.6595607599778756, 0.6603157024293745, 0.6619653712936435, 0.6589897909012853, 0.6620927950497593, 0.6597502703947624, 0.6625516119138752, 0.6598677717716529, 0.6600272126138124, 0.6623820974739648, 0.6588940619371836, 0.6592462636308035, 0.6658342041000108, 0.6662645766066865, 0.6635045131627249, 0.6590198604760124, 0.6636551833303906, 0.66324609292189, 0.6666159656916631, 0.6669528958416416, 0.6631042102307765, 0.6658686590119849, 0.6626798482786345, 0.6663859898082685, 0.668956865129373, 0.6668147370976573, 0.6696637063425434, 0.6688526877848074, 0.6637156447738749, 0.6720398733008709, 0.6712028482116249, 0.668564197969245, 0.6690590949626222, 0.6710653508577581, 0.6685365662204483, 0.670398991913154, 0.6696368872023899, 0.6742153213418876, 0.6717762551141456, 0.6716403829775657, 0.6789548215408315, 0.6736290807216557, 0.6718996158270442, 0.6725648398689751, 0.674933371055482, 0.6729178541712386, 0.6730797328393284, 0.6762909773755855, 0.6705340514410905, 0.6720218416372695, 0.6719381337822354, 0.6727130722107105, 0.6740518174565108, 0.6778047741032746, 0.6763101607439181, 0.6779835495322927, 0.6759026955527044], "val_losses": [0.19211876392364502, 0.18362276256084442, 0.1798519641160965, 0.17863285541534424, 0.17701007425785065, 0.17374226450920105, 0.17429323494434357, 0.17042364180088043, 0.16886325180530548, 0.17046155035495758, 0.16715960204601288, 0.16673675179481506, 0.1671740859746933, 0.1657736897468567, 0.16752144694328308, 0.16487650573253632, 0.16412268579006195, 0.16508905589580536, 0.16473957896232605, 0.16487032175064087, 0.16510340571403503, 0.16321487724781036, 0.16231442987918854, 0.16199401021003723, 0.1638517826795578, 0.16272425651550293, 0.16233815252780914, 0.16211536526679993, 0.16158878803253174, 0.16291964054107666, 0.15948788821697235, 0.16077765822410583, 0.15747356414794922, 0.15725812315940857, 0.15840712189674377, 0.15917634963989258, 0.1568426787853241, 0.15756340324878693, 0.162050262093544, 0.15747377276420593, 0.15909343957901, 0.15525345504283905, 0.15586917102336884, 0.1544584184885025, 0.1568719446659088, 0.15642662346363068, 0.15680867433547974, 0.15500859916210175, 0.1533138006925583, 0.15599119663238525, 0.15481792390346527, 0.15739397704601288, 0.15418998897075653, 0.15433093905448914, 0.15396320819854736, 0.15354439616203308, 0.1558409333229065, 0.15652397274971008, 0.15345965325832367, 0.15053300559520721, 0.1549348086118698, 0.15526308119297028, 0.15234726667404175, 0.1526651829481125, 0.15487371385097504, 0.15259042382240295, 0.15174797177314758, 0.15716451406478882, 0.15497350692749023, 0.15404458343982697, 0.15396593511104584, 0.15364858508110046, 0.15630723536014557, 0.15474174916744232, 0.15357665717601776, 0.1546149104833603, 0.1572801172733307, 0.15389181673526764, 0.15013036131858826, 0.15348301827907562, 0.1530919075012207, 0.15087176859378815, 0.15091630816459656, 0.15382197499275208, 0.15287207067012787, 0.15192262828350067, 0.1541098803281784, 0.15487098693847656, 0.15265735983848572, 0.15321773290634155, 0.15102748572826385, 0.14899785816669464, 0.1482740342617035, 0.15059155225753784, 0.15087637305259705, 0.1534692496061325, 0.1514264941215515, 0.14955441653728485, 0.15217071771621704, 0.15084044635295868],