{"n_classes": 3, "train_acc": 0.5611690331525844, "val_acc": 0.5317567121049184, "test_acc": 0.5434663036395002, "confusion_matrix": [264, 46, 3, 50, 148, 0, 49, 24, 3], "val_accs": null, "train_accs": null, "val_losses": null, "train_losses": null}