{"n_classes": 3, "train_acc": 0.7473084886128364, "val_acc": 0.7352033405954975, "test_acc": 0.6569958847736626, "confusion_matrix": [52, 6, 22, 18, 47, 16, 5, 2, 20], "val_accs": [0.5709876543209876, 0.6507806826434277, 0.5779774872912128, 0.6909041394335511, 0.6716594045025417, 0.6342592592592593, 0.6150145243282498, 0.6150145243282498, 0.6442447349310094, 0.6261801016702977, 0.6751089324618736, 0.6092047930283224, 0.6126543209876543, 0.5968591140159768, 0.5918663761801016, 0.6449709513435004, 0.6492374727668845, 0.6905410312273058, 0.5625453885257806, 0.6392519970951344, 0.6346223674655047, 0.6850944081336238, 0.6670297748729123, 0.5875998547567175, 0.6118373275236021, 0.6219135802469137, 0.6103848946986202, 0.6318990559186638, 0.7001633986928105, 0.6839143064633261, 0.6519607843137255, 0.6734749455337692, 0.66820987654321, 0.6962599854756717, 0.6510530137981118, 0.7204974582425563, 0.715958605664488, 0.6454248366013072, 0.71940813362382, 0.6889978213507625, 0.7047930283224401, 0.710511982570806, 0.6874546114742194, 0.6261801016702977, 0.5296840958605664, 0.6900871459694988, 0.6365286855482934, 0.6377087872185911, 0.6546840958605665, 0.6604030501089325, 0.650871459694989, 0.6831880900508351, 0.6635802469135803, 0.6584967320261438, 0.6720225127087872, 0.7005265068990559, 0.7128721859114017, 0.6732026143790849, 0.7248547567175018, 0.6828249818445897, 0.6920842411038489, 0.6948075526506899, 0.6723856209150328, 0.7008896151053015, 0.6662127814088598, 0.6831880900508351, 0.6800108932461875, 0.6920842411038489, 0.6608569353667394, 0.713689179375454, 0.6963507625272332, 0.6912672476397966, 0.7166848220769789, 0.6335330428467684, 0.7113289760348583, 0.6569535221496006, 0.7039760348583878, 0.6955337690631808, 0.6273602033405955, 0.6299019607843137, 0.7008896151053015, 0.6924473493100943, 0.6824618736383442, 0.7124183006535948, 0.6604030501089325, 0.5956790123456789, 0.6353485838779956, 0.6670297748729123, 0.6695715323166304, 0.6815541031227306, 0.6855482933914306, 0.6474219317356572, 0.6562273057371097, 0.6222766884531591, 0.6709331880900509, 0.7352033405954975, 0.6766521423384169, 0.7244008714596949, 0.6486020334059549, 0.6743827160493826], "train_accs": [0.613936589128405, 0.7026258812703826, 0.7287588465337826, 0.761072544960013, 0.7645834179082259, 0.7636490344930241, 0.7311553606950026, 0.7369017172086226, 0.7443402481765653, 0.7749712445364619, 0.7714184224414403, 0.76791499208379, 0.786072206660442, 0.7916250558194292, 0.7357433794773948, 0.7912698412698412, 0.7728879957780214, 0.7731126266931893, 0.700908672647803, 0.7546712404768671, 0.7607240964018458, 0.740275240530995, 0.7536089798238136, 0.7572436704150259, 0.7617829740591889, 0.7538708236917956, 0.7458578600522335, 0.7638844909944654, 0.7873848089960621, 0.8048579818400791, 0.7629271032084332, 0.7652938470074021, 0.7588363847954641, 0.8180496353130624, 0.7479072788535704, 0.7996684664203846, 0.7433821837913909, 0.7983707492658899, 0.7792487043126428, 0.806719982679062, 0.8002510182817089, 0.7642545907251789, 0.7897326080190531, 0.766295890336811, 0.6659643567571957, 0.7758122572700579, 0.7712316810782284, 0.7616821607870202, 0.7725138364524554, 0.7479072788535704, 0.8045961379720971, 0.807815396690077, 0.7843786790078351, 0.7914200462793813, 0.7718785098580495, 0.8030406365444729, 0.7950615028620144, 0.7958274130908403, 0.7623059851960109, 0.7326804151612336, 0.7789753582592458, 0.7818691727898889, 0.7639968064520494, 0.7970845342968104, 0.7739089838834085, 0.8116632160110422, 0.7992828049094033, 0.8045102098810539, 0.7704468260734245, 0.7799584568126767, 0.7979742621686355, 0.7963998159650334, 0.807310653730091, 0.7159366161923706, 0.7936853002070393, 0.7847826086956523, 0.7836641903138067, 0.7681430059946684, 0.7069033410465635, 0.7158885776532835, 0.7881703406000081, 0.7758386446365986, 0.7988267770876467, 0.788712296512808, 0.7221031407732174, 0.7200131260233563, 0.765705219285782, 0.7224279083614121, 0.7316228907021746, 0.7475026725666112, 0.7945263129406351, 0.7602193534418599, 0.7386825261505569, 0.7696389666977902, 0.761719373739834, 0.7473084886128364, 0.7722709373604514, 0.8001461454146876, 0.6853556881689874, 0.7541319909606354], "val_losses": [0.2708281874656677, 0.19838544726371765, 0.24742862582206726, 0.1824575811624527, 0.1964113414287567, 0.20820799469947815, 0.20657792687416077, 0.22953708469867706, 0.19736367464065552, 0.2169332206249237, 0.18652504682540894, 0.2137344628572464, 0.20872806012630463, 0.2169531285762787, 0.2028822898864746, 0.20139747858047485, 0.1888178139925003, 0.16164042055606842, 0.267159640789032, 0.1910305768251419, 0.20840442180633545, 0.1806306391954422, 0.19955313205718994, 0.22359788417816162, 0.22010481357574463, 0.22487124800682068, 0.2213519960641861, 0.2090234011411667, 0.1688106209039688, 0.16416344046592712, 0.20721738040447235, 0.17375633120536804, 0.18890734016895294, 0.16770236194133759, 0.17655721306800842, 0.15550623834133148, 0.17556937038898468, 0.18909785151481628, 0.14674557745456696, 0.17724020779132843, 0.15906447172164917, 0.1647423356771469, 0.18087813258171082, 0.21178744733333588, 0.25708723068237305, 0.1763211041688919, 0.21203553676605225, 0.20429785549640656, 0.20771607756614685, 0.17902643978595734, 0.20200389623641968, 0.17081695795059204, 0.19331298768520355, 0.17545077204704285, 0.17770731449127197, 0.1625785082578659, 0.16707743704319, 0.1851639598608017, 0.16195419430732727, 0.19860967993736267, 0.18434230983257294, 0.18566739559173584, 0.16416241228580475, 0.16129162907600403, 0.19180557131767273, 0.17507216334342957, 0.16391882300376892, 0.1561765819787979, 0.18257446587085724, 0.17429496347904205, 0.16892652213573456, 0.15978305041790009, 0.14925312995910645, 0.20380741357803345, 0.17173799872398376, 0.18059635162353516, 0.16766870021820068, 0.1738864630460739, 0.22367173433303833, 0.21734198927879333, 0.17415060102939606, 0.16916018724441528, 0.17845407128334045, 0.1566447764635086, 0.18122851848602295, 0.21708150207996368, 0.1876230090856552, 0.1909150928258896, 0.1952996701002121, 0.19388896226882935, 0.17602801322937012, 0.213496595621109, 0.19475111365318298, 0.21078714728355408, 0.20962722599506378, 0.1589706689119339, 0.18248820304870605, 0.16168087720870972, 0.20596879720687866, 0.2082434743642807],