{"training_acc": 0.6463093536011155, "validation_acc": 0.62872785226112, "classes": ["aerobe", "anaerobe", "facultative"], "confusion_matrix": [305, 20, 14, 33, 205, 5, 57, 9, 11], "f1_score": 0.7684824665566679, "n_iter": 314, "converged": true, "C": 100, "penalty": "l2", "max_iter": 100000, "feature_type": "aa_1mer", "model_class": "logistic", "binary": 0}