{"training_acc": 0.7900180027301719, "validation_acc": 0.7733602205083647, "classes": ["aerobe", "anaerobe", "facultative"], "confusion_matrix": [271, 5, 61, 17, 195, 24, 18, 9, 60], "f1_score": 0.8119648174124209, "training_losses": [0.5175689458847046, 0.48052433133125305, 0.4592984914779663, 0.4452018439769745, 0.4348667860031128, 0.42676079273223877, 0.420139878988266, 0.4146125018596649, 0.40979519486427307, 0.40550538897514343, 0.40166762471199036, 0.39815670251846313, 0.3948902189731598, 0.3918454945087433, 0.389011412858963, 0.3863770365715027, 0.3839311897754669, 0.3816244304180145, 0.37944120168685913, 0.3773844540119171, 0.3754352927207947, 0.37358203530311584, 0.37181326746940613, 0.3701391816139221, 0.36856359243392944, 0.36707428097724915, 0.3656519949436188, 0.36429375410079956, 0.36298149824142456, 0.36174651980400085, 0.36056575179100037, 0.35943174362182617, 0.35833173990249634, 0.3572814166545868, 0.3562842309474945, 0.35531729459762573, 0.3543992042541504, 0.3535274267196655, 0.35268765687942505, 0.3518870770931244, 0.3511112630367279, 0.35036665201187134, 0.3496392071247101, 0.3489468991756439, 0.34827348589897156, 0.3476376235485077, 0.3470037281513214, 0.34640637040138245, 0.3458141088485718, 0.3452640175819397, 0.3447329103946686, 0.34421706199645996, 0.3437242805957794, 0.3432394862174988, 0.34279167652130127, 0.342337965965271, 0.34190019965171814, 0.3414839506149292, 0.3410695791244507, 0.3406684994697571, 0.340283066034317, 0.33990809321403503, 0.3395356833934784, 0.339193195104599, 0.33884716033935547, 0.3385273218154907, 0.33819571137428284, 0.3378933370113373, 0.3375769853591919, 0.33727341890335083, 0.33696916699409485, 0.33668971061706543, 0.33641037344932556, 0.33613964915275574, 0.3358655869960785, 0.33560463786125183, 0.3353694677352905, 0.33511435985565186, 0.33487647771835327, 0.33463922142982483, 0.3344067335128784, 0.33417293429374695, 0.3339630961418152, 0.3337406516075134, 0.3335273563861847, 0.33330532908439636, 0.3331057131290436, 0.3328942060470581, 0.33270779252052307, 0.3325014114379883, 0.33231043815612793, 0.3321262001991272, 0.3319411873817444, 0.3317737877368927, 0.33160385489463806, 0.33143502473831177, 0.3312664031982422, 0.3311116397380829, 0.3309539258480072, 0.33079585433006287], "validation_losses": [0.1662392020225525, 0.1558789610862732, 0.14915570616722107, 0.1445290595293045, 0.14117617905139923, 0.13864463567733765, 0.1365869641304016, 0.1347629576921463, 0.133143812417984, 0.1317049115896225, 0.13041764497756958, 0.12919951975345612, 0.1280897706747055, 0.1270461082458496, 0.12609229981899261, 0.1252259910106659, 0.1244192123413086, 0.12366943061351776, 0.1229555755853653, 0.12227839231491089, 0.12162308394908905, 0.1210259348154068, 0.12047997862100601, 0.1199759915471077, 0.11946657299995422, 0.11900792270898819, 0.1185673251748085, 0.1181505098938942, 0.11771553009748459, 0.11736093461513519, 0.11700328439474106, 0.116663858294487, 0.11632577329874039, 0.11599374562501907, 0.11571214348077774, 0.11543036252260208, 0.11515804380178452, 0.11489992588758469, 0.1146593764424324, 0.11440480500459671, 0.11419111490249634, 0.11397203058004379, 0.11376450955867767, 0.11357907205820084, 0.11341221630573273, 0.11322475969791412, 0.11304997652769089, 0.11289483308792114, 0.11271484196186066, 0.11256176233291626, 0.1124388724565506, 0.1122816726565361, 0.11217585951089859, 0.11202701926231384, 0.11192886531352997, 0.11181311309337616, 0.11170285195112228, 0.11159118264913559, 0.11147214472293854, 0.11135334521532059, 0.1112779825925827, 0.11118049174547195, 0.11107499152421951, 0.11098872125148773, 0.1109149381518364, 0.11083603650331497, 0.11075955629348755, 0.11067681759595871, 0.11061625927686691, 0.11052373051643372, 0.11044828593730927, 0.11038703471422195, 0.11032680422067642, 0.11024957150220871, 0.11019657552242279, 0.11012869328260422, 0.11010050028562546, 0.11000323295593262, 0.10998109728097916, 0.10991144925355911, 0.1098487377166748, 0.10977775603532791, 0.10975147038698196, 0.10970201343297958, 0.10965830832719803, 0.10959892719984055, 0.10955735296010971, 0.10949774086475372, 0.10948218405246735, 0.10939961671829224, 0.10934752970933914, 0.10931325703859329, 0.10928791761398315, 0.10923466831445694, 0.10922449082136154, 0.10916168987751007, 0.10912492126226425, 0.10908466577529907, 0.10906387120485306, 0.10899035632610321], "training_accs": [0.6166942904478936, 0.6445537948226998, 0.6663027489924299, 0.6865504092496542, 0.6989728315538657, 0.7067377965326408, 0.7113400342978685, 0.7138590444119091, 0.7177580472966868, 0.7198082341570938, 0.7219502243959299, 0.7232384137882382, 0.7238255174104635, 0.7264635630863902, 0.729982641792302, 0.7302758160067676, 0.7300707856737754, 0.7314772554346755, 0.7327382126435266, 0.7339991698523773, 0.7342335814791939, 0.7350257154344119, 0.7384243646613643, 0.7416796504466351, 0.7423828853270851, 0.7443176961225616, 0.7452553426298284, 0.7463980194700874, 0.7480984186387474, 0.7502676410610407, 0.7517952954941943, 0.751768063310737, 0.7541150838825654, 0.7555538392409514, 0.7561732284606627, 0.7577897819685839, 0.7612228659033896, 0.7637476846247532, 0.7634860408144792, 0.7649247961728652, 0.7658352104966748, 0.7661312890148019, 0.7663384684581613, 0.7672195014881464, 0.7681005345181317, 0.7702131434631433, 0.7710052774183609, 0.772621830926282, 0.7731795532546829, 0.7742060988367173, 0.7750871318667022, 0.7758226523446382, 0.7766147862998559, 0.7762914755982718, 0.7766147862998559, 0.7778191300314253, 0.7794306301253177, 0.7798428399016695, 0.7805460747821195, 0.7808693854837037, 0.7808693854837037, 0.781777650697146, 0.781777650697146, 0.781777650697146, 0.782335373025547, 0.782335373025547, 0.7831275069807645, 0.7831275069807645, 0.784035772194207, 0.784035772194207, 0.784739007074657, 0.7854422419551069, 0.7863505071685494, 0.7866738178701335, 0.7867627169449012, 0.7867627169449012, 0.7867627169449012, 0.7869971285717178, 0.7869971285717178, 0.7869971285717178, 0.7869971285717178, 0.7881398054119768, 0.7881398054119768, 0.7892824822522359, 0.7892824822522359, 0.7892824822522359, 0.7904251590924948, 0.790748469794079, 0.790748469794079, 0.790748469794079, 0.7898402045806368, 0.7898402045806368, 0.7896057929538202, 0.7896057929538202, 0.7902524143569885, 0.7900180027301719, 0.7900180027301719, 0.7897835911033552, 0.7897835911033552, 0.7900180027301719],