{"n_classes": 3, "train_acc": 0.9159732035912276, "val_acc": 0.8646125887371023, "test_acc": 0.8505705986728103, "confusion_matrix": [281, 6, 26, 8, 172, 11, 13, 5, 55], "val_accs": [0.8003297754270516, 0.8302792610185606, 0.8428198980728164, 0.8324353409956523, 0.8210272074085303, 0.8393035412490666, 0.8311467463218435, 0.8312015841198721, 0.8220127904952808, 0.8490483864024719, 0.8462265793005092, 0.8231917095730324, 0.8167066252669365, 0.8238025988998752, 0.8401710265523495, 0.8367095075266282, 0.8577528106710987, 0.8166517874689081, 0.8508381948070665, 0.8646125887371023, 0.8212634029754652, 0.828123181041469, 0.8044310063765318, 0.8472037401998492, 0.819363918974814, 0.8462265793005092, 0.8438054811595667, 0.8222145486736926, 0.8367179297140387, 0.8358420222233452, 0.8137378977845904, 0.8402258643503778, 0.8389288474891586, 0.823136871775004, 0.8163319315070288, 0.8319045560290697, 0.8328184569429705, 0.8340606360061614, 0.8044310063765318, 0.8246616620157475, 0.8159023999490925, 0.8033069250968085, 0.8202862420761253, 0.8301147476244752, 0.8032436651113694, 0.8149800768477812, 0.8241140326743439, 0.8166602096563186, 0.829685216066539, 0.811948089379996, 0.8220127904952808, 0.8006032157783131, 0.8265983908007254, 0.8279586676473837, 0.8171445790122833, 0.8179572265175378, 0.8337407800442819, 0.8080570387963384, 0.8407186558937533, 0.8250363557756554, 0.8266532285987539, 0.8008598117547535, 0.793562079943403, 0.8371474612719748, 0.8332564106883172, 0.8554153729251005, 0.8506019992401316, 0.8210356295959409, 0.8232465473710611, 0.8054630050739, 0.8580178288349495, 0.8135185465924765, 0.8480712255031321, 0.8214651611538771, 0.8027044579573763, 0.7953518883479974, 0.8275755517000652, 0.8135733843905051, 0.8179488043301273, 0.8301695854225039, 0.8366082541179818, 0.825044777963066, 0.8362251381706635, 0.8567756497717586, 0.8101202875521941, 0.822442322053217, 0.8296767938791284, 0.808065460983749, 0.8348732835114158, 0.8004851179948456, 0.8179572265175378, 0.840920414072165, 0.8275755517000652, 0.8433126896161917, 0.8175276949596015, 0.8323340875870059, 0.7804822357351541, 0.8441169149340356, 0.8154180305931279, 0.8079473632002815], "train_accs": [0.7907166131374481, 0.8238252721510267, 0.8422170212314901, 0.861471979309102, 0.8686501521077793, 0.8740337711069418, 0.8831926733869685, 0.8810670228214668, 0.8838608452316596, 0.893433650268706, 0.9001239757899535, 0.9019392204873808, 0.8926472689498733, 0.8879820650618501, 0.9163102362705504, 0.9035327164223402, 0.9134277567547514, 0.9261373103952683, 0.912150602601202, 0.9159732035912276, 0.9162393021061893, 0.9288246679598479, 0.9218564144963484, 0.938568936093533, 0.9288306038731834, 0.9364314985001219, 0.9366443433925865, 0.9417411729788744, 0.9438461326464633, 0.945211943905619, 0.9436805206643983, 0.9517869855100116, 0.9405349529896864, 0.9496672708578454, 0.953841701911152, 0.9511099945940789, 0.9538535313384425, 0.9508734908470337, 0.9481979627097444, 0.9436480427385759, 0.9599171092102056, 0.9520383290403961, 0.9567241814269511, 0.9439436936220731, 0.9570198323104483, 0.9347049957070627, 0.956597068082806, 0.9639319065941637, 0.952449263840748, 0.9474884090692276, 0.9574573939220489, 0.956597068082806, 0.9661698731198524, 0.9636067033421312, 0.9652327196022937, 0.9629237765128629, 0.9633080845019663, 0.9607625952661092, 0.9572829628687421, 0.9592696706628083, 0.9647981259473611, 0.9574248735968455, 0.9568720280683901, 0.9636037353854633, 0.9554204428615343, 0.9623117838479557, 0.9609636531306642, 0.936632556364677, 0.9573243446645678, 0.9659451988000974, 0.9658032880719941, 0.9637249552156538, 0.9538890196203136, 0.9698476378244877, 0.9447862965200708, 0.9573628009031068, 0.9680531264243543, 0.9719585334054123, 0.9639112156962509, 0.9693894277143554, 0.9701876384604784, 0.9519732883899895, 0.9701107683827815, 0.964073817322267, 0.9655608908109942, 0.9601920267964088, 0.9673790610657084, 0.9651144677287712, 0.9725291018751125, 0.9755978418715087, 0.9691706469085551, 0.9619984100232136, 0.9676451171812891, 0.9626281256293657, 0.9670775166682567, 0.971370199595086, 0.9663295491885818, 0.9669444250113948, 0.9718047932500186, 0.9712223529536468], "val_losses": [0.09417947381734848, 0.08843784779310226, 0.0801740363240242, 0.08037777245044708, 0.07853018492460251, 0.07225820422172546, 0.07930023968219757, 0.08173581212759018, 0.0809292420744896, 0.08633330464363098, 0.06852740794420242, 0.06990378350019455, 0.06875649094581604, 0.08331773430109024, 0.07121774554252625, 0.07342647761106491, 0.0815008282661438, 0.0719611719250679, 0.08609545230865479, 0.07138688117265701, 0.08983533084392548, 0.07593286782503128, 0.06460823863744736, 0.07173051685094833, 0.07742185890674591, 0.06656917929649353, 0.0793125182390213, 0.06537649035453796, 0.073573999106884, 0.07462914288043976, 0.07763604074716568, 0.06972230225801468, 0.06870656460523605, 0.06718716025352478, 0.0730777233839035, 0.07011757045984268, 0.06933506578207016, 0.06457649171352386, 0.06936782598495483, 0.08262160420417786, 0.07425583153963089, 0.08215998858213425, 0.07379844784736633, 0.06506801396608353, 0.0696413666009903, 0.07590502500534058, 0.07284287363290787, 0.06974818557500839, 0.06873433291912079, 0.0741228386759758, 0.07360845059156418, 0.07534626126289368, 0.06584376841783524, 0.06766828894615173, 0.07102252542972565, 0.07071030139923096, 0.0726742222905159, 0.07766229659318924, 0.07290156930685043, 0.07571215182542801, 0.06969790160655975, 0.0603138729929924, 0.07053525000810623, 0.07206789404153824, 0.07255895435810089, 0.06757046282291412, 0.06544896215200424, 0.07134480029344559, 0.06938564777374268, 0.07235754281282425, 0.06695210933685303, 0.06723292917013168, 0.07019352167844772, 0.07203712314367294, 0.07197302579879761, 0.0733984112739563, 0.0720725953578949, 0.06742127984762192, 0.06894369423389435, 0.0708819255232811, 0.06587826460599899, 0.08398842066526413, 0.0662163645029068, 0.07417178899049759, 0.07412001490592957, 0.07690383493900299, 0.0631752461194992, 0.08064888417720795, 0.06559358537197113, 0.0661366805434227, 0.07350330799818039, 0.060264404863119125, 0.07111755013465881, 0.07197267562150955, 0.07288210839033127, 0.06973949819803238, 0.0719551295042038, 0.06904390454292297, 0.07522914558649063, 0.07044185698032379],