{"n_classes": 3, "train_acc": 0.6530162467198372, "val_acc": 0.5910056692680016, "test_acc": 0.6026035819208847, "confusion_matrix": [260, 45, 8, 36, 157, 5, 43, 19, 14], "val_accs": null, "train_accs": null, "val_losses": null, "train_losses": null}