{"n_classes": 3, "train_acc": 0.9579066996665203, "val_acc": 0.8559259637521969, "test_acc": 0.8343405468846868, "confusion_matrix": [280, 8, 25, 9, 183, 6, 16, 8, 52], "val_accs": [0.7774797290125942, 0.7893993432914329, 0.7757408330813437, 0.818978263467098, 0.7891867373973435, 0.787633078940535, 0.8385740519345801, 0.8285018059819356, 0.797759727971259, 0.7876841444064624, 0.8412915357488299, 0.8257869922574074, 0.7841516157046667, 0.787081705413006, 0.79599146105307, 0.7891854023524826, 0.8009768523246802, 0.8559259637521969, 0.7974169552032372, 0.8066688160888926, 0.7761904094382333, 0.7985767754260963, 0.8374155667565818, 0.7855200366870326, 0.7889768015929756, 0.7834170072699868, 0.797759727971259, 0.7723431439104932, 0.7902707938243495, 0.7772711282530871, 0.8085705874931662, 0.7935409862109891, 0.7916425524188676, 0.8253127175705922, 0.7954380849582497, 0.8045087135040454, 0.7761930795279549, 0.8004698690387744, 0.8058551062462076, 0.818036389317772, 0.7980233993312761, 0.8168738990051914, 0.7702060708494957, 0.7730797549124645, 0.7953876870147529, 0.8266858112099712, 0.8468022671731826, 0.8173515113041585, 0.8150298682911492, 0.8029290216724507, 0.8022408060466851, 0.7618463536920999, 0.8173495087368674, 0.8045631165821249, 0.8145031930935459, 0.8004758767406481, 0.8011620897991225, 0.8045637841045554, 0.8264752078831729, 0.8193290465042851, 0.8242830642216655, 0.7966005752708306, 0.8301385709813314, 0.8432690709489566, 0.8139491494762954, 0.8316431665395037, 0.8155852469532606, 0.7940159284202347, 0.7890585730907024, 0.815846248223556, 0.8371525629189955, 0.8492560796274157, 0.8104172882969299, 0.8372840648377887, 0.8285835774796623, 0.7962564674579476, 0.8035341307556286, 0.8341427042802204, 0.8079641433651275, 0.8317746684582968, 0.8280302013848421, 0.8487818049406005, 0.8079654784099883, 0.7809645298606146, 0.8280288663399812, 0.8231225764763761, 0.8374169018014427, 0.8448227294057649, 0.8191137705204738, 0.8317740009358664, 0.8342258108228081, 0.8361242446149296, 0.8445623956579, 0.8188547718174699, 0.8236779551384875, 0.7981031682617115, 0.8053801640369621, 0.8301392385037617, 0.8246278395569787, 0.7907457360335951], "train_accs": [0.7935165790263663, 0.8529557486173166, 0.8119645288995327, 0.8721102708707189, 0.9088555478006418, 0.9224266849436402, 0.925403077944642, 0.932384175888591, 0.8985383874108347, 0.9371873879655928, 0.9324779573413761, 0.9453430658798476, 0.9465329540528314, 0.9261341293965316, 0.9509280395485019, 0.912014628055353, 0.9192620676469506, 0.9579066996665203, 0.9605508869508784, 0.9537401160554834, 0.968589876096886, 0.9289631026644414, 0.9606414179690898, 0.9187925524540025, 0.9360935678527987, 0.9361085003003522, 0.9732565546471905, 0.9570064362117718, 0.9842005891443214, 0.9641681226795881, 0.9807484825182753, 0.9857312826329387, 0.9765198122464676, 0.9821602006312412, 0.9739273157310997, 0.9393101447514134, 0.9428887281084645, 0.9560613586123052, 0.9828101531295307, 0.9814205297233837, 0.9786055418779163, 0.9773745467052851, 0.966374775198005, 0.926197824472531, 0.9476295144286073, 0.9426640845874275, 0.9833157851107766, 0.9932669264051054, 0.9791641507493511, 0.9939521464240126, 0.926309993487064, 0.941455862313791, 0.9773231950323829, 0.9855341364442314, 0.9858018176741737, 0.9801162393895574, 0.9899230601668423, 0.9918420354783407, 0.9853782683306753, 0.9761331556408734, 0.987535194393477, 0.9956102636687456, 0.9892017600186741, 0.9898508999083203, 0.9848757355654777, 0.9814757932209774, 0.974153718885891, 0.983954190012554, 0.9659188696723747, 0.9857696493696043, 0.9879471961404632, 0.9923930085779548, 0.991588813183396, 0.9910310169206046, 0.9830433794474992, 0.9819846756367969, 0.9302401003455588, 0.9683020476714418, 0.9860197724485009, 0.9903457969016974, 0.9966829529018902, 0.9942490846200388, 0.9960338130122443, 0.9807790256055581, 0.9833879453692984, 0.9756029911268788, 0.9940150456934269, 0.9816415837137588, 0.9735205119300038, 0.9928157453128099, 0.9849547189871769, 0.981613290574844, 0.9961965042889775, 0.9763179416244251, 0.9887942948274603, 0.9938170868960761, 0.9941853727419808, 0.9912213399461347, 0.9970075228467135, 0.995736874816218], "val_losses": [0.08449222147464752, 0.09677312523126602, 0.1208871528506279, 0.09581521153450012, 0.09052350372076035, 0.09038559347391129, 0.07599417120218277, 0.0676933154463768, 0.06801736354827881, 0.07604318112134933, 0.060061655938625336, 0.07008577883243561, 0.08693079650402069, 0.07116498798131943, 0.08161593973636627, 0.09314771741628647, 0.10678739100694656, 0.06588868796825409, 0.06162117421627045, 0.08348196744918823, 0.07342778146266937, 0.07194256037473679, 0.06391335278749466, 0.1119653731584549, 0.0724228098988533, 0.09156515449285507, 0.06962470710277557, 0.10271809995174408, 0.06526272743940353, 0.0648341104388237, 0.0608302503824234, 0.06519386917352676, 0.07160920649766922, 0.07094482332468033, 0.06264615803956985, 0.1002388447523117, 0.058147888630628586, 0.0800570398569107, 0.06130743399262428, 0.07219617068767548, 0.06006704270839691, 0.07711531221866608, 0.06691401451826096, 0.0991145446896553, 0.08441419899463654, 0.08567795902490616, 0.06222152337431908, 0.06260495632886887, 0.053821735084056854, 0.05829145759344101, 0.06136089190840721, 0.09062514454126358, 0.07013493776321411, 0.060164064168930054, 0.07413564622402191, 0.06405380368232727, 0.06570588052272797, 0.06132792308926582, 0.0692506730556488, 0.06930611282587051, 0.06488808244466782, 0.06121009588241577, 0.062410447746515274, 0.06413975358009338, 0.06963624805212021, 0.06517688930034637, 0.05985694378614426, 0.0664672926068306, 0.08737777918577194, 0.05963044986128807, 0.06979479640722275, 0.055807266384363174, 0.06424366682767868, 0.06780748069286346, 0.06995509564876556, 0.06080467253923416, 0.05608575791120529, 0.06876413524150848, 0.0659569650888443, 0.05990561097860336, 0.056310076266527176, 0.05867496505379677, 0.06288938969373703, 0.07600870728492737, 0.0623350664973259, 0.06420733779668808, 0.054269563406705856, 0.05748499557375908, 0.07404062151908875, 0.05415341630578041, 0.06578867882490158, 0.059055786579847336, 0.05655556917190552, 0.06894002109766006, 0.06840711086988449, 0.06262136250734329, 0.06801848113536835, 0.056268360465765, 0.05834319815039635, 0.05775865167379379],