{"n_classes": 3, "train_acc": 0.6009172976870637, "val_acc": 0.6182539348778466, "test_acc": 0.6088145906121356, "confusion_matrix": [239, 32, 42, 6, 187, 5, 32, 35, 9], "val_accs": [0.5747227946227064, 0.6109776066250266, 0.5971084930881391, 0.6106348338570047, 0.5961592761920783, 0.6109776066250266, 0.6170947821774181, 0.6177803277134619, 0.6160127283177033, 0.6182539348778466, 0.6160127283177033, 0.6082607903332071, 0.6096836143936527, 0.6019316764091566, 0.6115820481857742, 0.6182539348778466, 0.6160127283177033, 0.6115820481857742, 0.5980557074169085, 0.6119248209537961, 0.5980557074169085, 0.6160127283177033, 0.6096836143936527, 0.6179111621098247, 0.6119248209537961, 0.6096836143936527, 0.6096836143936527, 0.6182539348778466, 0.6119248209537961, 0.6182539348778466, 0.6179111621098247, 0.6119248209537961, 0.6119248209537961, 0.6179111621098247, 0.6160127283177033, 0.6182539348778466, 0.6182539348778466, 0.6119248209537961, 0.6182539348778466, 0.6179111621098247, 0.6179111621098247, 0.6179111621098247, 0.6179111621098247, 0.6182539348778466, 0.6119248209537961, 0.6179111621098247, 0.6182539348778466, 0.6179111621098247, 0.6179111621098247, 0.6119248209537961, 0.6119248209537961, 0.6119248209537961, 0.6182539348778466, 0.6179111621098247, 0.6179111621098247, 0.6179111621098247, 0.6096836143936527, 0.6179111621098247, 0.6179111621098247, 0.6182539348778466, 0.6182539348778466, 0.6182539348778466, 0.6179111621098247, 0.6179111621098247, 0.6179111621098247, 0.6182539348778466, 0.6182539348778466, 0.6182539348778466, 0.6182539348778466, 0.6182539348778466, 0.6182539348778466, 0.6182539348778466, 0.6182539348778466, 0.6182539348778466, 0.6182539348778466, 0.6182539348778466, 0.6182539348778466, 0.6182539348778466, 0.6182539348778466, 0.6182539348778466, 0.6160127283177033, 0.6182539348778466, 0.6182539348778466, 0.6182539348778466, 0.6182539348778466, 0.6182539348778466, 0.6182539348778466, 0.6160127283177033, 0.6160127283177033, 0.6160127283177033, 0.6160127283177033, 0.6160127283177033, 0.6160127283177033, 0.6160127283177033, 0.6160127283177033, 0.6182539348778466, 0.6160127283177033, 0.6160127283177033, 0.6160127283177033, 0.6160127283177033], "train_accs": [0.5708702804869952, 0.5921043339397501, 0.596726806274359, 0.5997573278702815, 0.5973726957294315, 0.5985924824016385, 0.603770329975167, 0.5989077913573541, 0.5981296024943052, 0.6009172976870637, 0.5981296024943052, 0.595602765368312, 0.5975617326337629, 0.5950348955077696, 0.6015142732951643, 0.6009172976870637, 0.5981296024943052, 0.6015142732951643, 0.5984837516992417, 0.6003494278265212, 0.5984837516992417, 0.5981296024943052, 0.5975617326337629, 0.6020821431557066, 0.6003494278265212, 0.5975617326337629, 0.5975617326337629, 0.6009172976870637, 0.6003494278265212, 0.6009172976870637, 0.6020821431557066, 0.6003494278265212, 0.6003494278265212, 0.6020821431557066, 0.5981296024943052, 0.6009172976870637, 0.6009172976870637, 0.6003494278265212, 0.6009172976870637, 0.6020821431557066, 0.6020821431557066, 0.6020821431557066, 0.6020821431557066, 0.6009172976870637, 0.6003494278265212, 0.6020821431557066, 0.6009172976870637, 0.6020821431557066, 0.6020821431557066, 0.6003494278265212, 0.6003494278265212, 0.6003494278265212, 0.6009172976870637, 0.6020821431557066, 0.6020821431557066, 0.6020821431557066, 0.5975617326337629, 0.6020821431557066, 0.6020821431557066, 0.6009172976870637, 0.6009172976870637, 0.6009172976870637, 0.6020821431557066, 0.6020821431557066, 0.6020821431557066, 0.6009172976870637, 0.6009172976870637, 0.6009172976870637, 0.6009172976870637, 0.6009172976870637, 0.6009172976870637, 0.6009172976870637, 0.6009172976870637, 0.6009172976870637, 0.6009172976870637, 0.6009172976870637, 0.6009172976870637, 0.6009172976870637, 0.6009172976870637, 0.6009172976870637, 0.5981296024943052, 0.6009172976870637, 0.6009172976870637, 0.6009172976870637, 0.6009172976870637, 0.6009172976870637, 0.6009172976870637, 0.5981296024943052, 0.5981296024943052, 0.5981296024943052, 0.5981296024943052, 0.5981296024943052, 0.5981296024943052, 0.5981296024943052, 0.5981296024943052, 0.6009172976870637, 0.5981296024943052, 0.5981296024943052, 0.5981296024943052, 0.5981296024943052], "val_losses": [0.14910943806171417, 0.14390034973621368, 0.1454756110906601, 0.13696426153182983, 0.14517095685005188, 0.13660471141338348, 0.1329895555973053, 0.13481590151786804, 0.13764211535453796, 0.13495281338691711, 0.13724221289157867, 0.14027826488018036, 0.14075149595737457, 0.1405424028635025, 0.13288961350917816, 0.13687583804130554, 0.13865472376346588, 0.1329871565103531, 0.14307691156864166, 0.13676579296588898, 0.1428481489419937, 0.13895530998706818, 0.13798414170742035, 0.13420099020004272, 0.13722650706768036, 0.1390022486448288, 0.13913238048553467, 0.13735206425189972, 0.13663454353809357, 0.1371324211359024, 0.13532285392284393, 0.1384718269109726, 0.13836733996868134, 0.13441045582294464, 0.1396031230688095, 0.13697610795497894, 0.13727064430713654, 0.13796354830265045, 0.1364036202430725, 0.13504661619663239, 0.1359775960445404, 0.13647326827049255, 0.13477614521980286, 0.1375715285539627, 0.13864053785800934, 0.13594375550746918, 0.1380080282688141, 0.13666434586048126, 0.13675911724567413, 0.13947440683841705, 0.1396712213754654, 0.13980093598365784, 0.13755744695663452, 0.13739047944545746, 0.13741762936115265, 0.13779178261756897, 0.14046964049339294, 0.13766808807849884, 0.13804776966571808, 0.13875606656074524, 0.13942410051822662, 0.13864555954933167, 0.13800281286239624, 0.13791191577911377, 0.13807615637779236, 0.13930581510066986, 0.13925571739673615, 0.13798309862613678, 0.13914644718170166, 0.13825441896915436, 0.13945874571800232, 0.13959725201129913, 0.13943010568618774, 0.13997986912727356, 0.13805273175239563, 0.13906414806842804, 0.1394399106502533, 0.1392238885164261, 0.14017991721630096, 0.1392976939678192, 0.13982214033603668, 0.1395401805639267, 0.1385016143321991, 0.13882775604724884, 0.13904930651187897, 0.13873621821403503, 0.1393788605928421, 0.1398196667432785, 0.1398928165435791, 0.13934142887592316, 0.14016306400299072, 0.140111044049263, 0.1402982920408249, 0.1395408660173416, 0.1399322897195816, 0.13911180198192596, 0.13979637622833252, 0.13965877890586853, 0.1396564394235611, 0.13960133492946625],