{"training_acc": 0.9026093089188953, "validation_acc": 0.7908581215693639, "classes": ["aerobe", "anaerobe", "facultative"], "confusion_matrix": [294, 15, 30, 26, 208, 9, 23, 4, 50], "f1_score": 0.8402762565349794, "training_losses": [0.4252265691757202, 0.3753507435321808, 0.3518882393836975, 0.3370635509490967, 0.3238213360309601, 0.31342095136642456, 0.3009830713272095, 0.2939533293247223, 0.28708937764167786, 0.28196048736572266, 0.2759116291999817, 0.2698395848274231, 0.26458224654197693, 0.26028022170066833, 0.2572227716445923, 0.25516587495803833, 0.25133267045021057, 0.24693281948566437, 0.242237851023674, 0.24142850935459137, 0.23865903913974762, 0.23475390672683716, 0.2378624826669693, 0.23140883445739746, 0.22931082546710968, 0.23000526428222656, 0.24041934311389923, 0.2423849105834961, 0.23022149503231049, 0.22360607981681824, 0.22119686007499695, 0.22058667242527008, 0.21970100700855255, 0.21599330008029938, 0.21746352314949036, 0.21298350393772125, 0.21440435945987701, 0.21356627345085144, 0.21309465169906616, 0.2074510157108307, 0.20902109146118164, 0.20712146162986755, 0.20862634479999542, 0.19930215179920197, 0.21136115491390228, 0.2006457895040512, 0.2022719830274582, 0.19513484835624695, 0.20186710357666016, 0.21774041652679443, 0.20876316726207733, 0.19800998270511627, 0.19243241846561432, 0.19043762981891632, 0.18578778207302094, 0.19610024988651276, 0.18669945001602173, 0.1878565549850464, 0.18251347541809082, 0.17690107226371765, 0.17791341245174408, 0.17502528429031372, 0.17744958400726318, 0.17293941974639893, 0.17609569430351257, 0.17337891459465027, 0.1728411614894867, 0.17330096662044525, 0.17683066427707672, 0.17654137313365936, 0.1732584834098816, 0.17519521713256836, 0.16786746680736542, 0.16788457334041595, 0.16681012511253357, 0.1701585352420807, 0.19366563856601715, 0.1806792914867401, 0.17226102948188782, 0.16432957351207733, 0.17206141352653503, 0.16864538192749023, 0.16525442898273468, 0.1680091768503189, 0.17133454978466034, 0.16200853884220123, 0.16382841765880585, 0.16416288912296295, 0.15876957774162292, 0.1606992781162262, 0.16070914268493652, 0.16242638230323792, 0.16148613393306732, 0.16009247303009033, 0.17644354701042175, 0.16883398592472076, 0.16023731231689453, 0.1608317643404007, 0.15611326694488525, 0.15942054986953735], "validation_losses": [0.1358313411474228, 0.11776125431060791, 0.11280357837677002, 0.10940050333738327, 0.10505793988704681, 0.10369959473609924, 0.10025105625391006, 0.09928831458091736, 0.0992061048746109, 0.09641501307487488, 0.09629406034946442, 0.09452950209379196, 0.094019815325737, 0.09639626741409302, 0.09489385038614273, 0.09349815547466278, 0.09442934393882751, 0.09332171827554703, 0.09234506636857986, 0.09262389689683914, 0.09080266952514648, 0.09123406559228897, 0.09449401497840881, 0.09252560138702393, 0.09210892021656036, 0.09141070395708084, 0.09448268264532089, 0.09584937989711761, 0.09138839691877365, 0.08986731618642807, 0.09024195373058319, 0.0918312817811966, 0.09302199631929398, 0.09203114360570908, 0.09304193407297134, 0.09143484383821487, 0.09066472947597504, 0.09040164202451706, 0.09135008603334427, 0.08823797106742859, 0.08980583399534225, 0.08919859677553177, 0.0868254154920578, 0.08742789179086685, 0.09068596363067627, 0.08607789129018784, 0.0881839320063591, 0.08679693192243576, 0.08801846951246262, 0.08919454365968704, 0.08795426785945892, 0.08711051940917969, 0.0846925899386406, 0.08701548725366592, 0.08708058297634125, 0.08625830709934235, 0.08439722657203674, 0.08534517139196396, 0.08438605815172195, 0.08348917216062546, 0.08568251878023148, 0.08367950469255447, 0.08629194647073746, 0.08395634591579437, 0.08489712327718735, 0.08469333499670029, 0.08536653965711594, 0.0861731469631195, 0.08253361284732819, 0.08592606335878372, 0.08544443547725677, 0.08700023591518402, 0.08280522376298904, 0.08461597561836243, 0.08373510837554932, 0.08481187373399734, 0.09794966876506805, 0.09108881652355194, 0.08678650110960007, 0.08415449410676956, 0.0843484029173851, 0.08406301587820053, 0.08370649069547653, 0.08356094360351562, 0.08207623660564423, 0.08187607675790787, 0.08259116858243942, 0.08207184076309204, 0.08078733831644058, 0.08240054547786713, 0.0826406255364418, 0.08205147087574005, 0.08178579062223434, 0.0838710144162178, 0.08827447891235352, 0.0828394964337349, 0.08044283092021942, 0.08278632909059525, 0.08217358589172363, 0.08217069506645203], "training_accs": [0.6789977530001314, 0.7284646358531077, 0.7648067591078136, 0.7769138033650721, 0.7830345949005189, 0.7884405351758591, 0.794989791027994, 0.8040955878396493, 0.811989429020486, 0.8157260972246275, 0.8249288771164652, 0.830861752919929, 0.8335766134221135, 0.8348431110214056, 0.8389059540992965, 0.8383433719534722, 0.8417917440984435, 0.8442338066452266, 0.8497025715143011, 0.8546061010561736, 0.8523689404763947, 0.8551254980246624, 0.852408728406726, 0.8581616480223401, 0.8614221044353282, 0.8623146796864053, 0.8495405316435054, 0.8505789045959838, 0.8564295513574067, 0.8598396237032991, 0.8634342145341707, 0.8626871139033675, 0.8635319416799795, 0.8670389971060546, 0.8682017171311555, 0.8713840858147335, 0.8718421463207404, 0.8712378671288331, 0.8695967031157004, 0.8773128203055666, 0.8770756689678659, 0.8739553808123959, 0.8749354914682694, 0.880443300202049, 0.873085284175502, 0.8823099356806177, 0.879047570151878, 0.8818465688118549, 0.8760523731346569, 0.8633951706694655, 0.8743797038164535, 0.8788615635356464, 0.8850793381512757, 0.884089779820016, 0.8893698848914813, 0.8768881742203818, 0.8880151078217667, 0.8851702708030764, 0.8921366341807615, 0.8930648560495394, 0.8932050243070576, 0.8933054046342445, 0.8925556508220632, 0.8957770633703462, 0.8948905385476512, 0.8947996058958507, 0.8940074109719603, 0.8955467065266539, 0.893396337286045, 0.8946567844569547, 0.8934940644318538, 0.8936376299363761, 0.899196583391625, 0.8984926679381573, 0.8991022534928202, 0.8967681098328586, 0.8787487592705681, 0.8921279305710015, 0.8915815905945719, 0.9003081586952565, 0.8913997252909708, 0.8965828472822533, 0.898732472457236, 0.8956997197065625, 0.8942404209970308, 0.9005513604613395, 0.898170634377038, 0.8992969637188118, 0.9027911742224964, 0.9026032584905131, 0.9013462085666077, 0.8999955728095236, 0.8964979650588347, 0.9040031298533148, 0.8937066909748991, 0.898952637559916, 0.901531471117213, 0.904613459473604, 0.9065293305578903, 0.9026093089188953],