{"n_classes": 3, "train_acc": 0.6034677264305345, "val_acc": 0.6327448455586729, "test_acc": 0.5944404246489331, "confusion_matrix": [175, 62, 76, 26, 146, 26, 13, 26, 37], "val_accs": [0.5602862870199595, 0.5653227437574971, 0.5534808958418026, 0.5546433861543832, 0.5783244118960508, 0.5651919093611343, 0.5651919093611343, 0.5669575061896017, 0.5685922686217063, 0.5771605865386092, 0.5800880061572269, 0.5669568386671713, 0.5690665433085215, 0.5800880061572269, 0.5719939629271392, 0.583963975149475, 0.5707019732630566, 0.5753949897101417, 0.5677745536444389, 0.5885268247226277, 0.588182716909745, 0.58559940510401, 0.5843074154399274, 0.570702640785487, 0.5983871323036132, 0.5775053618739224, 0.5753956572325721, 0.5711762479498718, 0.5877091097453603, 0.5834897004626598, 0.5898188143867105, 0.5885268247226277, 0.6021322668994985, 0.5898188143867105, 0.5992048472808807, 0.6068252833465837, 0.6013145519222309, 0.6144463869347171, 0.6008409447578463, 0.6034242565635811, 0.6110446926292842, 0.6076436658462816, 0.6017881590866158, 0.6170296987404519, 0.608590880175051, 0.6178474137177195, 0.6170296987404519, 0.6246501348061548, 0.6191394033818022, 0.613628004435019, 0.6225404301648046, 0.6272334466118897, 0.613628004435019, 0.6157377090763693, 0.6165560915760673, 0.6272334466118897, 0.6144463869347171, 0.6144463869347171, 0.613628004435019, 0.6157377090763693, 0.6170296987404519, 0.6204307255234544, 0.6170296987404519, 0.6199571183590696, 0.6233588126645025, 0.6191394033818022, 0.6144463869347171, 0.6259421244702376, 0.6225404301648046, 0.6272334466118897, 0.6238324198288873, 0.6225404301648046, 0.6280518291115877, 0.6301615337529379, 0.6280518291115877, 0.6301615337529379, 0.6306351409173226, 0.6280518291115877, 0.6207755008587675, 0.6280518291115877, 0.6327448455586729, 0.6306351409173226, 0.6251237419705395, 0.62934315125324, 0.6301615337529379, 0.6259421244702376, 0.6319264630589749, 0.6280518291115877, 0.6238324198288873, 0.6301615337529379, 0.6238324198288873, 0.6319271305814054, 0.6288702116112856, 0.6293438187756705, 0.6301615337529379, 0.6238324198288873, 0.6293438187756705, 0.6306351409173226, 0.6314535234170207, 0.62512440949297], "train_accs": [0.5483856345516552, 0.5527813814374433, 0.5549049874909439, 0.5613940997800014, 0.5569607987661912, 0.5624752373936103, 0.5621506674487872, 0.5628542582273838, 0.566204947628824, 0.5674847054299014, 0.5682144539585336, 0.5679896760210293, 0.5669806986659426, 0.5671056845961279, 0.570531784690664, 0.5681799990465596, 0.5696923217754876, 0.5764866694225097, 0.5730009204931331, 0.5795144140964138, 0.5772892395997817, 0.578271397814715, 0.5799655951887092, 0.5735327102244145, 0.5798666157900337, 0.582768561925109, 0.5798037165206193, 0.5756051158235386, 0.5801282864654425, 0.5818761221197434, 0.5813989344959379, 0.5852368851189347, 0.5854348439162854, 0.5876078541313718, 0.5923473543303158, 0.5911480539496988, 0.5911127864290813, 0.5932666132758347, 0.5902120494617774, 0.5910859672889278, 0.595347467255423, 0.5947620392438346, 0.5910767062998202, 0.5986913334936861, 0.5923112742010549, 0.5975918251203879, 0.5967094589127733, 0.5972319876549473, 0.6005197777869732, 0.6007377325613001, 0.5999611689155381, 0.6003762698785725, 0.6017190781675902, 0.6012326295546772, 0.5961048475328522, 0.6019077759758334, 0.6013668764739702, 0.599320477406356, 0.6021065473818276, 0.5974928457217125, 0.6019799362343553, 0.6024311173266508, 0.6017827900456479, 0.600449242745738, 0.5981143538625618, 0.6023405863084395, 0.603116337345558, 0.6044775163942648, 0.6033058477624447, 0.6016452926917814, 0.6006387531626247, 0.5999250887862771, 0.6028193991495318, 0.6018809568356799, 0.6011965494254162, 0.6032429484930303, 0.6046309466818905, 0.607017187237969, 0.6028278475299959, 0.6052600905945605, 0.6034677264305345, 0.6037906711580708, 0.598222443031819, 0.6020964737840767, 0.6028546666701492, 0.604836541251062, 0.5998521159191118, 0.6031784240063289, 0.6038543830361286, 0.6065315512336996, 0.6055133128895052, 0.6017021814066619, 0.6052340840630506, 0.6045135965235259, 0.6025300967253261, 0.6045043355344183, 0.6036664978365288, 0.6018011608053373, 0.6126406788618146, 0.6073702015402325], "val_losses": [0.19106559455394745, 0.18379677832126617, 0.18548966944217682, 0.18092961609363556, 0.17841202020645142, 0.1785416603088379, 0.17785675823688507, 0.17647425830364227, 0.17832620441913605, 0.17921103537082672, 0.1784476786851883, 0.17551101744174957, 0.17451056838035583, 0.17617671191692352, 0.17382726073265076, 0.1739397644996643, 0.1741897463798523, 0.17470842599868774, 0.17345894873142242, 0.17527498304843903, 0.17435233294963837, 0.17415013909339905, 0.1733061522245407, 0.17211975157260895, 0.17312723398208618, 0.17225538194179535, 0.17249132692813873, 0.1712946891784668, 0.17154113948345184, 0.17230506241321564, 0.171549454331398, 0.17249278724193573, 0.17280855774879456, 0.1717732846736908, 0.1722065955400467, 0.1723967343568802, 0.17181439697742462, 0.17141014337539673, 0.17002420127391815, 0.17084120213985443, 0.17133207619190216, 0.17012342810630798, 0.1702299416065216, 0.1704428642988205, 0.1704874485731125, 0.17012223601341248, 0.16923612356185913, 0.16897165775299072, 0.1702132672071457, 0.16907569766044617, 0.1703331470489502, 0.17013756930828094, 0.16962406039237976, 0.1693335473537445, 0.1690264791250229, 0.17039023339748383, 0.1699732095003128, 0.16998103260993958, 0.1692335456609726, 0.16866713762283325, 0.16977465152740479, 0.16900628805160522, 0.16828569769859314, 0.16791842877864838, 0.16881568729877472, 0.16899049282073975, 0.1685410588979721, 0.16814221441745758, 0.1680566966533661, 0.1701541393995285, 0.16785423457622528, 0.1690254956483841, 0.1680617779493332, 0.1685730665922165, 0.16822925209999084, 0.1680448353290558, 0.16811667382717133, 0.16883717477321625, 0.16853049397468567, 0.16960203647613525, 0.1690005213022232, 0.16963568329811096, 0.16915692389011383, 0.1693345457315445, 0.16808567941188812, 0.16861364245414734, 0.17010441422462463, 0.16867169737815857, 0.16879598796367645, 0.1676705777645111, 0.16788239777088165, 0.1669006496667862, 0.16747909784317017, 0.16705872118473053, 0.16748598217964172, 0.16748541593551636, 0.1671944409608841, 0.16729015111923218, 0.16880923509597778, 0.16786113381385803],