{"n_classes": 3, "train_acc": 0.9034716321672844, "val_acc": 0.849013982744698, "test_acc": 0.7987186401868227, "confusion_matrix": [270, 4, 67, 10, 198, 18, 19, 6, 67], "val_accs": [0.7320332355816227, 0.7514329125759701, 0.7548412597220451, 0.7834818734327852, 0.7615202516044031, 0.7908714777508606, 0.7858213268732204, 0.7982158187768286, 0.8239570317480555, 0.7858211143695014, 0.8269223086404013, 0.7933805091589102, 0.7862641846232309, 0.785436695142165, 0.7968736452887925, 0.7663102979302138, 0.7875026562964852, 0.8307021122869651, 0.7909562667346678, 0.7838662926601215, 0.7772514769008457, 0.7777925113689489, 0.7764371626503465, 0.8333411959709295, 0.7745144290025076, 0.7959479790896341, 0.7864074121297122, 0.807156912745973, 0.7914709507416379, 0.8312429342513493, 0.8019369713969994, 0.7915689149560117, 0.7768668451697905, 0.828877130349781, 0.8005816226783969, 0.8399428364996387, 0.8203206681116919, 0.8460618810829189, 0.8370623485911004, 0.8053453185430745, 0.8033904968336945, 0.8127744485528496, 0.8357654383951719, 0.8245112414467254, 0.8148727102724299, 0.8216044030770538, 0.8143316758043267, 0.7861925708699902, 0.7856647116324535, 0.7929110884440478, 0.8138433422584894, 0.8371339623443411, 0.8114322750648136, 0.8034621105869353, 0.804681669429215, 0.8170631986059756, 0.8167954439202686, 0.814045008287645, 0.7776227208976157, 0.8403856942496494, 0.8214875260317056, 0.8281212546219558, 0.809509541416975, 0.7778641251221896, 0.8286754643206257, 0.8300176378086617, 0.8282776573590039, 0.8065442645246291, 0.754809171660504, 0.8328981257172, 0.8107084873985295, 0.849013982744698, 0.8118489948574101, 0.8221001742530495, 0.8341818606825621, 0.8143448510348931, 0.8272937651408899, 0.8124163797866464, 0.8185675124314674, 0.8108648901355773, 0.8018785328743253, 0.7922663521611627, 0.821232946576565, 0.8348661226571465, 0.8376618215818775, 0.8161827956989246, 0.7712172213013728, 0.8070268604700583, 0.8110212928726251, 0.7790046325810701, 0.8281212546219558, 0.8251955034213099, 0.8043612138212418, 0.791041055718475, 0.790149390114327, 0.8119469590717837, 0.8216307535381869, 0.8116207658634026, 0.779773683539462, 0.7806936121382124], "train_accs": [0.7773991382687034, 0.7931856940552593, 0.8160378438639309, 0.8315291210943384, 0.8330037060471843, 0.8152381813251379, 0.8354659676398807, 0.847485612703004, 0.8392425201120854, 0.8503492120883426, 0.8585766368375064, 0.8597517249691163, 0.855063424628642, 0.8587580222362831, 0.868695652173913, 0.8553828075567207, 0.8666986049594745, 0.8651450781885565, 0.8767989394076351, 0.8578498900238031, 0.8650106963150441, 0.860841242580373, 0.8728518485040224, 0.8840983458374763, 0.8641061797583537, 0.8738455512368556, 0.8582283286631114, 0.880767724245985, 0.8809418783331826, 0.8835349061436019, 0.8887366296061948, 0.8831438127090302, 0.8719660128355781, 0.8757883636144506, 0.8897936063153454, 0.887953237518455, 0.8922624966103226, 0.8765530748139443, 0.8906631715327368, 0.8896284913676218, 0.8851661695139956, 0.8948687818253035, 0.8920202476724216, 0.8960022899153334, 0.8940462201331766, 0.8935074874205308, 0.8890102142276056, 0.8865455421977161, 0.8785368646238211, 0.869380216336738, 0.8952912109433848, 0.9008460634547591, 0.8944704570791527, 0.891030160595378, 0.886750429359125, 0.8924047124047124, 0.8981994034167947, 0.8978269908704691, 0.8902202536985145, 0.8881852420982855, 0.8934538551929857, 0.8951803308325048, 0.8938991834644008, 0.8844647322908193, 0.9014872397481093, 0.9026876374702462, 0.9002669559191298, 0.894323420410377, 0.8702075989032511, 0.9060730965078791, 0.8923800054234836, 0.9034716321672844, 0.899027388592606, 0.9072945855554551, 0.9090162403205883, 0.9047328934285456, 0.8947976739281088, 0.905953177257525, 0.9021549308505831, 0.8964765434330652, 0.9015125493386362, 0.8964861851818373, 0.9033685859772816, 0.9013173039259996, 0.898485642833469, 0.9102877459399199, 0.8934731386905299, 0.9031685196902588, 0.9059405224622615, 0.8896821235951671, 0.8999704721443852, 0.8998421163638555, 0.9024640694205912, 0.8955364729277773, 0.8890680647202386, 0.9034173973304408, 0.9085546415981199, 0.9029136159570942, 0.901903642773208, 0.8861014191448975], "val_losses": [0.09976913034915924, 0.08962955325841904, 0.09375756233930588, 0.09447697550058365, 0.09118229895830154, 0.0839589536190033, 0.09387596696615219, 0.0815853402018547, 0.07822194695472717, 0.07536888122558594, 0.07792800664901733, 0.0800703689455986, 0.08398251980543137, 0.08463350683450699, 0.08172671496868134, 0.08978000283241272, 0.07996396720409393, 0.08536332845687866, 0.07855278998613358, 0.08041112124919891, 0.08280424773693085, 0.08086322993040085, 0.08520258963108063, 0.07382648438215256, 0.08377590030431747, 0.07441109418869019, 0.06759675592184067, 0.07202374935150146, 0.07929176837205887, 0.06726288795471191, 0.07525376230478287, 0.07493957877159119, 0.07433414459228516, 0.0710841566324234, 0.07462786883115768, 0.07601665705442429, 0.07269129902124405, 0.07043859362602234, 0.07355444133281708, 0.07568585127592087, 0.0776168704032898, 0.06651612371206284, 0.07116171717643738, 0.07263616472482681, 0.07882693409919739, 0.0665375217795372, 0.07245302200317383, 0.0777633786201477, 0.07600288093090057, 0.07013135403394699, 0.0718061700463295, 0.06664279848337173, 0.0721893385052681, 0.0794464647769928, 0.07593204081058502, 0.07807451486587524, 0.07009775936603546, 0.06569525599479675, 0.06523553282022476, 0.06247447058558464, 0.07789656519889832, 0.06609509140253067, 0.076826311647892, 0.08051330596208572, 0.07234007120132446, 0.06565701961517334, 0.06652409583330154, 0.07700880616903305, 0.09250406920909882, 0.06845643371343613, 0.0773264467716217, 0.0714028850197792, 0.0779644325375557, 0.07286645472049713, 0.06779108941555023, 0.0740332379937172, 0.07279254496097565, 0.07228658348321915, 0.06959715485572815, 0.0728665366768837, 0.07153613865375519, 0.07971267402172089, 0.06642323732376099, 0.06751099228858948, 0.06773369759321213, 0.06732554733753204, 0.08036994934082031, 0.07866010069847107, 0.06787852942943573, 0.08014777302742004, 0.0699608251452446, 0.06885042041540146, 0.06976338475942612, 0.07519880682229996, 0.07900643348693848, 0.07165531069040298, 0.06793174147605896, 0.06934338808059692, 0.07201113551855087, 0.08244874328374863],