{"n_classes": 3, "train_acc": 0.7971165987550378, "val_acc": 0.7389803728379783, "test_acc": 0.7186324315969514, "confusion_matrix": [234, 30, 49, 18, 159, 21, 18, 12, 46], "val_accs": [0.5779796365607376, 0.6088054886364319, 0.6084607133011187, 0.6329581189751928, 0.6337751664300301, 0.6317982987523338, 0.6494903132482509, 0.6585342408968297, 0.6579781947122878, 0.6628838170534626, 0.6667611210905715, 0.6764094902998977, 0.6764088227774674, 0.6857961907164986, 0.6852414795768175, 0.6849804783065223, 0.6842929302031872, 0.6781770896956565, 0.6957900027835686, 0.6866159082610573, 0.6933355228069051, 0.7022492835815516, 0.7158553932808527, 0.6985865880058236, 0.7085777299831717, 0.7034915428245677, 0.7105566002281591, 0.6917838669173881, 0.7161183971184393, 0.7102144949825676, 0.7067310291794081, 0.6946281799934182, 0.7044414272430589, 0.7016959074867314, 0.7111623768337676, 0.7109013755634724, 0.7151214523686032, 0.7146949055355633, 0.7147766770332901, 0.6906213766048074, 0.7218417344368815, 0.7059153167694318, 0.7174921582802485, 0.7091841741112107, 0.7150383458260157, 0.7068121331547044, 0.7111623768337676, 0.7087098994243956, 0.7295956749886688, 0.7115078196915112, 0.7208127486103851, 0.7225306175850775, 0.7187023764466046, 0.7137456886395025, 0.7283841217774519, 0.7150383458260157, 0.7217122350853794, 0.7210240194596139, 0.7278274080704797, 0.7035419407680648, 0.7216297960652223, 0.7225286150177861, 0.71994330064476, 0.7096617864101779, 0.7089211702736241, 0.6991916970890015, 0.7163303354900984, 0.7270096930932123, 0.7122417606037607, 0.7238219397267297, 0.716805277699344, 0.724294879368684, 0.7231350591458249, 0.7328638648080172, 0.7255862015103363, 0.7300679471081928, 0.7302818880471431, 0.7144829671639042, 0.7279582424668426, 0.7234764968689861, 0.7304113873986452, 0.7236100013550706, 0.7218410669144509, 0.7042805543373271, 0.7213674597500663, 0.712322864579057, 0.7287766249665403, 0.7298049432706062, 0.7322580882024088, 0.7304113873986452, 0.7189967538384208, 0.7097382177284612, 0.7233463299950537, 0.7344986272401218, 0.7283010152348645, 0.7208931850632512, 0.7389803728379783, 0.7112925437076999, 0.7323084861459058, 0.7383752637548002], "train_accs": [0.5939987996303975, 0.6188490883256564, 0.6378355334788727, 0.6444848992187333, 0.6574151936340239, 0.652220939614181, 0.6727710591692277, 0.6842920732974829, 0.6679135840808378, 0.680669639622883, 0.6873321781765425, 0.6980537213435739, 0.6972041848306464, 0.7037669313769873, 0.707551582815765, 0.7083427566150506, 0.7232487638381944, 0.7188230985962049, 0.7224762632356496, 0.7263018536534908, 0.7293863358237497, 0.7377346233709393, 0.7405928536049329, 0.720186715470842, 0.7495385902727781, 0.7360569836617854, 0.7527350367779494, 0.7364953310363699, 0.7594271713937806, 0.7620149434758133, 0.7636709619907043, 0.7459738579217025, 0.7523560159441759, 0.7630322347948971, 0.7619988593235286, 0.7525126966663754, 0.7558381921449491, 0.7621194599164672, 0.7617961760928429, 0.7566414237123388, 0.7589828134646623, 0.7533981788920965, 0.7735252226161999, 0.7782189081842201, 0.7670653672932262, 0.7751924496315148, 0.7732590153850186, 0.7807593916365677, 0.773217888528393, 0.7730603951975502, 0.7805217799813525, 0.7652395120443952, 0.7870183768237049, 0.7837009906295073, 0.7728224444462469, 0.7757390373938823, 0.7762708271251637, 0.7856500355157329, 0.7827321564468986, 0.7737118216946008, 0.7820155807320653, 0.7738021648352499, 0.7907646447237587, 0.7831352363008656, 0.7770837931942163, 0.7668634966711837, 0.7841277904075796, 0.7948798766618935, 0.7928541349613734, 0.7850823168737161, 0.7847416627766082, 0.7987539074141511, 0.7984870387928522, 0.7822861733004935, 0.7855671402693423, 0.792629508242395, 0.7845706743379366, 0.789118414171626, 0.7922620350051335, 0.7877401504844285, 0.7912491458253551, 0.7999411866857006, 0.7859308895594742, 0.7914081131549593, 0.7973642840080039, 0.7890351798291473, 0.8002556830327728, 0.8044463088619448, 0.7991121196623049, 0.7901335532997722, 0.7885548929892937, 0.7905297931885036, 0.7989510536028585, 0.8041586316550261, 0.7906736401929922, 0.785182108881035, 0.7971165987550378, 0.7886524350482444, 0.7952745081353964, 0.7896355570903473], "val_losses": [0.18255536258220673, 0.17199432849884033, 0.16703546047210693, 0.1629931777715683, 0.16329790651798248, 0.1558620035648346, 0.1584330052137375, 0.1557806134223938, 0.1498747169971466, 0.15155726671218872, 0.14729847013950348, 0.1436145156621933, 0.14654448628425598, 0.1443844735622406, 0.1361299306154251, 0.13702383637428284, 0.14058835804462433, 0.1378607600927353, 0.13426898419857025, 0.13963180780410767, 0.13797003030776978, 0.13552147150039673, 0.13279442489147186, 0.13163352012634277, 0.13795828819274902, 0.14143240451812744, 0.14025399088859558, 0.13586360216140747, 0.1270817518234253, 0.1321808248758316, 0.13112565875053406, 0.13217152655124664, 0.13955150544643402, 0.12799224257469177, 0.1323365718126297, 0.1341225504875183, 0.13291920721530914, 0.12897533178329468, 0.1340520679950714, 0.13907812535762787, 0.12562265992164612, 0.11753625422716141, 0.13336993753910065, 0.12814246118068695, 0.12770958244800568, 0.1342393159866333, 0.12806940078735352, 0.12859636545181274, 0.12214627861976624, 0.12309391796588898, 0.12177684158086777, 0.12176594883203506, 0.12229114025831223, 0.13476304709911346, 0.1273951530456543, 0.12523046135902405, 0.12422656267881393, 0.12769247591495514, 0.12447120249271393, 0.12334282696247101, 0.1224706694483757, 0.12626394629478455, 0.13366734981536865, 0.11874120682477951, 0.13039840757846832, 0.1271216869354248, 0.12404357641935349, 0.12421951442956924, 0.12794306874275208, 0.12362739443778992, 0.12109857052564621, 0.129731222987175, 0.1237812414765358, 0.1254243552684784, 0.12565000355243683, 0.12105065584182739, 0.11980389803647995, 0.12068501859903336, 0.11988674104213715, 0.12697042524814606, 0.1216217502951622, 0.1206727847456932, 0.1259756237268448, 0.11997353285551071, 0.12842623889446259, 0.13040262460708618, 0.12329251319169998, 0.13050203025341034, 0.13111014664173126, 0.11902765184640884, 0.1284417062997818, 0.13368836045265198, 0.13055120408535004, 0.12990796566009521, 0.12376316636800766, 0.12266185879707336, 0.12300511449575424, 0.12676337361335754, 0.11816868931055069, 0.1205335408449173],