{"training_acc": 0.7897835911033552, "validation_acc": 0.7733602205083647, "classes": ["aerobe", "anaerobe", "facultative"], "confusion_matrix": [271, 5, 61, 17, 195, 24, 18, 9, 60], "f1_score": 0.8119648174124209, "training_losses": [0.5175689458847046, 0.48052433133125305, 0.4592985212802887, 0.4452018439769745, 0.4348668158054352, 0.42676079273223877, 0.4201399087905884, 0.4146125614643097, 0.40979522466659546, 0.4055054187774658, 0.40166768431663513, 0.39815670251846313, 0.3948901891708374, 0.39184534549713135, 0.3890115022659302, 0.3863771855831146, 0.38393163681030273, 0.3816244304180145, 0.3794395625591278, 0.3773847222328186, 0.3754377067089081, 0.37358367443084717, 0.37181276082992554, 0.37014493346214294, 0.36856797337532043, 0.3670741617679596, 0.36565983295440674, 0.3642926514148712, 0.36298879981040955, 0.3617531359195709, 0.36056995391845703, 0.359433114528656, 0.3583414554595947, 0.35729509592056274, 0.3562867045402527, 0.3553343713283539, 0.3544207215309143, 0.3535570204257965, 0.35270801186561584, 0.35192081332206726, 0.3511429727077484, 0.3503994643688202, 0.3496669828891754, 0.34897443652153015, 0.34830543398857117, 0.3476577401161194, 0.34702068567276, 0.3464226722717285, 0.34584760665893555, 0.34528428316116333, 0.34474992752075195, 0.3442400395870209, 0.34374314546585083, 0.34327152371406555, 0.34280887246131897, 0.3423623740673065, 0.34192684292793274, 0.3415168821811676, 0.341094046831131, 0.34069547057151794, 0.3403001129627228, 0.33993348479270935, 0.3395632207393646, 0.3392156660556793, 0.33888643980026245, 0.33856141567230225, 0.3382289409637451, 0.3379177451133728, 0.3376122713088989, 0.3373149633407593, 0.3370164632797241, 0.33673545718193054, 0.33643394708633423, 0.3361836373806, 0.33590713143348694, 0.33564814925193787, 0.3353928327560425, 0.33515188097953796, 0.33491212129592896, 0.3346722722053528, 0.33444637060165405, 0.3342142105102539, 0.3339862525463104, 0.3337744176387787, 0.3335478901863098, 0.33334672451019287, 0.33313414454460144, 0.33294200897216797, 0.33273735642433167, 0.3325422406196594, 0.3323517441749573, 0.332179993391037, 0.3319917917251587, 0.33181408047676086, 0.3316396176815033, 0.3314720392227173, 0.3313024044036865, 0.33114930987358093, 0.3309899568557739, 0.33085036277770996], "validation_losses": [0.1662392020225525, 0.1558789610862732, 0.14915570616722107, 0.1445290595293045, 0.14117617905139923, 0.13864465057849884, 0.1365869641304016, 0.1347629576921463, 0.1331438273191452, 0.1317049264907837, 0.13041764497756958, 0.12919951975345612, 0.1280898004770279, 0.1270456463098526, 0.1260920763015747, 0.12522588670253754, 0.12442003935575485, 0.12366940081119537, 0.12295512109994888, 0.12228118628263474, 0.1216319352388382, 0.12103066593408585, 0.12047919631004333, 0.11997818946838379, 0.11947976797819138, 0.11901117116212845, 0.11856775730848312, 0.11814315617084503, 0.11772378534078598, 0.11737534403800964, 0.11701447516679764, 0.1166771799325943, 0.11633032560348511, 0.11601787805557251, 0.11571026593446732, 0.11543639004230499, 0.11517971754074097, 0.114915631711483, 0.11466551572084427, 0.11443928629159927, 0.11420589685440063, 0.1139790415763855, 0.1137729063630104, 0.11356446146965027, 0.11341845989227295, 0.11322025954723358, 0.11303098499774933, 0.11288199573755264, 0.11273971945047379, 0.1125546544790268, 0.11242207884788513, 0.11228013783693314, 0.1121523529291153, 0.1120472252368927, 0.11192198842763901, 0.11178617179393768, 0.11170192062854767, 0.11159262806177139, 0.11148355156183243, 0.1113836020231247, 0.11126961559057236, 0.11116848140954971, 0.11108189076185226, 0.1109926700592041, 0.11093206703662872, 0.11082842200994492, 0.11075985431671143, 0.11066409200429916, 0.11061437427997589, 0.11053831875324249, 0.11045920848846436, 0.11039704084396362, 0.11030363291501999, 0.11027240753173828, 0.11021667718887329, 0.11014772206544876, 0.11011654883623123, 0.11003591865301132, 0.11000682413578033, 0.10991431772708893, 0.10990457981824875, 0.10980529338121414, 0.10978836566209793, 0.10973266512155533, 0.10965995490550995, 0.10960843414068222, 0.10957882553339005, 0.1095074862241745, 0.10949839651584625, 0.10942021012306213, 0.10938122868537903, 0.1093577891588211, 0.1093004047870636, 0.10926907509565353, 0.10923844575881958, 0.10918530076742172, 0.1091359481215477, 0.10912081599235535, 0.10907527804374695, 0.10903604328632355], "training_accs": [0.6166942904478936, 0.6445537948226998, 0.6663027489924299, 0.6865504092496542, 0.6989728315538657, 0.7067377965326408, 0.7113400342978685, 0.7138590444119091, 0.7177580472966868, 0.7198082341570938, 0.7219502243959299, 0.7232384137882382, 0.7238255174104635, 0.7264635630863902, 0.729982641792302, 0.7302758160067676, 0.7300707856737754, 0.7314772554346755, 0.7327382126435266, 0.7339991698523773, 0.7342335814791939, 0.7350257154344119, 0.7384243646613643, 0.7416796504466351, 0.7423828853270851, 0.745225961336004, 0.7452553426298284, 0.7463980194700874, 0.7480984186387474, 0.7505020526878573, 0.7514719847926101, 0.7526763285241794, 0.7541150838825654, 0.7555538392409514, 0.7561732284606627, 0.7577897819685839, 0.7615461766049738, 0.7637476846247532, 0.7638093515160634, 0.7646903845460485, 0.7662474202730266, 0.7661312890148019, 0.7663384684581613, 0.7672195014881464, 0.768189433592899, 0.7699787318363267, 0.7707708657915443, 0.772621830926282, 0.7729451416278662, 0.7739716872099006, 0.7757337532698708, 0.776057063971455, 0.7766147862998559, 0.7769380970014401, 0.7769380970014401, 0.7778191300314253, 0.7798428399016695, 0.7798428399016695, 0.7803116631553029, 0.781777650697146, 0.781777650697146, 0.781777650697146, 0.7815432390703294, 0.7821009613987303, 0.7824242721003145, 0.7828930953539479, 0.7828930953539479, 0.7831275069807645, 0.7831275069807645, 0.784035772194207, 0.7833619186075813, 0.7840651534880313, 0.7860888633582755, 0.7869971285717178, 0.7867627169449012, 0.7858544517314588, 0.7867627169449012, 0.7869971285717178, 0.7869971285717178, 0.7869971285717178, 0.7879053937851602, 0.7881398054119768, 0.7883742170387936, 0.7901907474656782, 0.7901907474656782, 0.7892824822522359, 0.7896057929538202, 0.7898402045806368, 0.7898402045806368, 0.7898402045806368, 0.7898402045806368, 0.790486825983805, 0.790486825983805, 0.7902524143569885, 0.7900180027301719, 0.7900180027301719, 0.7900180027301719, 0.7900180027301719, 0.7897835911033552, 0.7897835911033552],