{"training_acc": 0.8822954598072051, "validation_acc": 0.8095957134678482, "classes": ["aerobe", "anaerobe", "facultative"], "confusion_matrix": [285, 11, 41, 14, 200, 22, 13, 10, 64], "f1_score": 0.8402732771987867, "training_losses": [0.4665335416793823, 0.42034631967544556, 0.39081552624702454, 0.36949044466018677, 0.3533792793750763, 0.34113240242004395, 0.3311009407043457, 0.3230704963207245, 0.31594741344451904, 0.30979102849960327, 0.30420181155204773, 0.2991092801094055, 0.2943841218948364, 0.2897733151912689, 0.28572866320610046, 0.2818931043148041, 0.2783624827861786, 0.2749693989753723, 0.27172911167144775, 0.26890552043914795, 0.26579564809799194, 0.2632066607475281, 0.2607448995113373, 0.25846925377845764, 0.25621309876441956, 0.2540401518344879, 0.2522364556789398, 0.25029346346855164, 0.24845224618911743, 0.24669905006885529, 0.24504566192626953, 0.24339784681797028, 0.24200378358364105, 0.24052365124225616, 0.23922204971313477, 0.23772843182086945, 0.23637203872203827, 0.2350820004940033, 0.23375029861927032, 0.23267395794391632, 0.23153264820575714, 0.23051273822784424, 0.2294834703207016, 0.2282630354166031, 0.22741737961769104, 0.22642657160758972, 0.22536231577396393, 0.22462216019630432, 0.2236402928829193, 0.22292284667491913, 0.2219482809305191, 0.2213204950094223, 0.22031976282596588, 0.2196914255619049, 0.21901077032089233, 0.2180408239364624, 0.21762944757938385, 0.21680617332458496, 0.21612538397312164, 0.21534854173660278, 0.21467144787311554, 0.21421702206134796, 0.2136467844247818, 0.21309874951839447, 0.2125188708305359, 0.21200624108314514, 0.21125315129756927, 0.21064266562461853, 0.21020199358463287, 0.20970849692821503, 0.20925305783748627, 0.20848582684993744, 0.20840634405612946, 0.20770931243896484, 0.20727649331092834, 0.20672982931137085, 0.2065766155719757, 0.2059839814901352, 0.20535904169082642, 0.20489341020584106, 0.20446304976940155, 0.20419976115226746, 0.2040042132139206, 0.2033834010362625, 0.20318645238876343, 0.20283864438533783, 0.20202112197875977, 0.2020452469587326, 0.20147372782230377, 0.20111432671546936, 0.20048698782920837, 0.2004448026418686, 0.20005930960178375, 0.19964385032653809, 0.19955521821975708, 0.19907553493976593, 0.1985628455877304, 0.19833508133888245, 0.19791556894779205, 0.1975204050540924], "validation_losses": [0.14296618103981018, 0.1303081512451172, 0.12268846482038498, 0.11743701249361038, 0.11345741152763367, 0.11060783267021179, 0.10833288729190826, 0.10646307468414307, 0.10486555844545364, 0.10367390513420105, 0.1025557890534401, 0.10162399709224701, 0.1007237434387207, 0.0999162495136261, 0.09924020618200302, 0.09861477464437485, 0.0978878065943718, 0.0974118784070015, 0.09685546904802322, 0.09649218618869781, 0.09588376432657242, 0.09545344859361649, 0.0951317846775055, 0.09467428177595139, 0.09434448927640915, 0.0941476821899414, 0.09377961605787277, 0.09340448677539825, 0.0931679755449295, 0.09286849945783615, 0.09267932921648026, 0.09253102540969849, 0.09214764833450317, 0.09202930331230164, 0.09174033254384995, 0.09151849150657654, 0.09134677052497864, 0.09119001030921936, 0.09106326848268509, 0.09088411182165146, 0.0907064825296402, 0.09054986387491226, 0.09029190242290497, 0.0901295617222786, 0.08998207747936249, 0.08980552852153778, 0.08978954702615738, 0.08968589454889297, 0.08940508961677551, 0.08952837437391281, 0.08936116844415665, 0.08927265554666519, 0.08922392874956131, 0.08919604122638702, 0.08905255794525146, 0.08900751918554306, 0.08899752795696259, 0.08887460827827454, 0.08889727294445038, 0.08874965459108353, 0.08873306214809418, 0.0885845273733139, 0.08838769048452377, 0.08839445561170578, 0.08837997168302536, 0.08831800520420074, 0.08837781101465225, 0.08827405422925949, 0.08815469592809677, 0.0880541130900383, 0.08800221234560013, 0.0880005732178688, 0.08788135647773743, 0.0878741592168808, 0.08782073855400085, 0.08768246322870255, 0.08774387091398239, 0.08768253773450851, 0.08765259385108948, 0.08766097575426102, 0.08752837032079697, 0.08747506141662598, 0.08747188001871109, 0.08746376633644104, 0.08738323301076889, 0.087470144033432, 0.08738753944635391, 0.08735601603984833, 0.08733389526605606, 0.0872887521982193, 0.08746056258678436, 0.08719900995492935, 0.08734214305877686, 0.08730315417051315, 0.08720236271619797, 0.0873236283659935, 0.08718346804380417, 0.0871875062584877, 0.08725530654191971, 0.0873129665851593], "training_accs": [0.6609950015735581, 0.7010634729756332, 0.7346970080685828, 0.7546463525975482, 0.7691242662848685, 0.7852794894992443, 0.7914028994792671, 0.794476813798957, 0.8008401627020968, 0.8028612285746547, 0.8086899796782546, 0.8130022215652533, 0.8154324884043405, 0.8155470304944469, 0.8182118739227904, 0.82182038604202, 0.8231378522219917, 0.8243107351682736, 0.8277092194327865, 0.8301149375373339, 0.8362437098512173, 0.8367128630297301, 0.841488765686198, 0.8408150770620121, 0.8430162597208865, 0.8441045116454621, 0.8463901952508596, 0.8467448063392659, 0.8485613367661505, 0.8500287485136724, 0.8511715903163711, 0.8527289954194597, 0.853018161886839, 0.8532281897415558, 0.8549547268128737, 0.8554238799913865, 0.855862992026316, 0.8563321452048287, 0.8574749870075274, 0.8579441401860404, 0.8578541468304737, 0.8609035124156236, 0.8602298237914376, 0.8603198171470045, 0.8613481168595967, 0.862256382073039, 0.8631646472864812, 0.8643074890891801, 0.865360337536312, 0.8654503308918787, 0.8657749008367018, 0.8673568546743301, 0.865979436282375, 0.8662140128716315, 0.8672122714406405, 0.8685896898325955, 0.8690042531329855, 0.8679160012084096, 0.8696779417571713, 0.8701225462011445, 0.8696533930226317, 0.8700679563230214, 0.8704716648805073, 0.8705070683579509, 0.8700025117019945, 0.871559916805083, 0.8731418706427112, 0.8740255871216139, 0.8743501570664369, 0.8749338523350563, 0.8768949659956305, 0.8765703960508073, 0.8750784355687459, 0.8756375821028254, 0.8755175476036753, 0.8763658606051342, 0.8759867007821883, 0.8765458473162676, 0.8768949659956305, 0.876660389406374, 0.876660389406374, 0.8771295425848868, 0.876660389406374, 0.8768949659956305, 0.8773641191741434, 0.8768949659956305, 0.8778032312090729, 0.876660389406374, 0.8771295425848868, 0.8790360663673383, 0.8778032312090729, 0.878506960976842, 0.8789460730117714, 0.8797397961351074, 0.8782723843875857, 0.8795052195458509, 0.8805034781148601, 0.8813871945937627, 0.8809726312933729, 0.8822954598072051],