{"training_acc": 0.41863389557235825, "validation_acc": 0.42341866586195914, "classes": ["aerobe", "anaerobe", "facultative"], "confusion_matrix": [271, 66, 0, 126, 110, 0, 65, 22, 0], "f1_score": 0.5276281673835067, "n_iter": 87, "converged": true, "C": 100, "penalty": "l2", "max_iter": 100000, "feature_type": "cds_1mer", "model_class": "logistic", "binary": 0}