{"training_acc": 0.7512391819543977, "validation_acc": 0.7142377737349704, "classes": ["aerobe", "anaerobe", "facultative"], "confusion_matrix": [294, 21, 22, 29, 194, 13, 36, 12, 39], "f1_score": 0.7948894290758186, "n_iter": 987, "converged": true, "C": 100, "penalty": "l2", "max_iter": 100000, "feature_type": "nt_4mer", "model_class": "logistic", "binary": 0}