{"training_acc": 0.6023595855397743, "validation_acc": 0.595400084092316, "classes": ["aerobe", "anaerobe", "facultative"], "confusion_matrix": [265, 34, 40, 10, 222, 11, 42, 28, 7], "f1_score": 0.7383930698915926, "training_losses": [0.5496319532394409, 0.5271819829940796, 0.5190964937210083, 0.5150197148323059, 0.512580394744873, 0.5109580755233765, 0.5097958445549011, 0.5089197158813477, 0.508234977722168, 0.5076823830604553, 0.5072263479232788, 0.5068457722663879, 0.5065236687660217, 0.5062498450279236, 0.506016731262207, 0.5058162808418274, 0.5056449770927429, 0.5054985880851746, 0.5053741931915283, 0.5052710771560669, 0.5051864385604858, 0.5051161050796509, 0.5050608515739441, 0.5050196647644043, 0.5049912929534912, 0.5049734115600586, 0.5049666166305542, 0.5049712061882019, 0.5049853920936584, 0.5050088167190552, 0.5050404667854309, 0.505077600479126, 0.5051223039627075, 0.5051745176315308, 0.5052316784858704, 0.5052958726882935, 0.5053655505180359, 0.5054417848587036, 0.5055214762687683, 0.5056090950965881, 0.505702793598175, 0.5057973265647888, 0.50589519739151, 0.5059944987297058, 0.5061005353927612, 0.5062080025672913, 0.5063140988349915, 0.506416916847229, 0.5065182447433472, 0.506619393825531, 0.5067217350006104, 0.5068259239196777, 0.5069254040718079, 0.5070251226425171, 0.5071191787719727, 0.5072110891342163, 0.507302463054657, 0.5073932409286499, 0.5074789524078369, 0.507562518119812, 0.5076480507850647, 0.5077305436134338, 0.5078115463256836, 0.5078888535499573, 0.5079626441001892, 0.5080356597900391, 0.5081062912940979, 0.5081747770309448, 0.5082418322563171, 0.5083070993423462, 0.5083697438240051, 0.5084367990493774, 0.5085012912750244, 0.5085636973381042, 0.5086248517036438, 0.5086849331855774, 0.5087432861328125, 0.5088008642196655, 0.5088584423065186, 0.5089131593704224, 0.5089665651321411, 0.5090193748474121, 0.5090646147727966, 0.5091082453727722, 0.5091442465782166, 0.5091699957847595, 0.5091953873634338, 0.5092251300811768, 0.5092642307281494, 0.5093055367469788, 0.5093477368354797, 0.5093901753425598, 0.5094338059425354, 0.5094746947288513, 0.5095181465148926, 0.5095594525337219, 0.5096023082733154, 0.5096411108970642, 0.5096815824508667, 0.5097171068191528], "validation_losses": [0.15368132293224335, 0.14497414231300354, 0.14178305864334106, 0.14011506736278534, 0.13911210000514984, 0.1384623944759369, 0.1380224972963333, 0.1377180963754654, 0.13750827312469482, 0.13736367225646973, 0.13726703822612762, 0.13720569014549255, 0.13717301189899445, 0.13716216385364532, 0.13716845214366913, 0.13718855381011963, 0.13722074031829834, 0.13726267218589783, 0.13731147348880768, 0.13736563920974731, 0.13742543756961823, 0.1374884992837906, 0.13755398988723755, 0.1376238912343979, 0.13769401609897614, 0.13776622712612152, 0.13784213364124298, 0.13791777193546295, 0.13799385726451874, 0.1380721628665924, 0.13814938068389893, 0.13822880387306213, 0.13830791413784027, 0.13838745653629303, 0.138466477394104, 0.13854679465293884, 0.13862884044647217, 0.1387096345424652, 0.1387898325920105, 0.13887068629264832, 0.13895174860954285, 0.13902975618839264, 0.13910752534866333, 0.13918374478816986, 0.13926070928573608, 0.13933612406253815, 0.13940845429897308, 0.13947924971580505, 0.1395512819290161, 0.13962019979953766, 0.13969135284423828, 0.13976044952869415, 0.13982389867305756, 0.13989347219467163, 0.13995414972305298, 0.14001308381557465, 0.14007189869880676, 0.1401287317276001, 0.14018121361732483, 0.14023151993751526, 0.14028353989124298, 0.14032776653766632, 0.14037245512008667, 0.1404149830341339, 0.14045491814613342, 0.1404973864555359, 0.14053425192832947, 0.1405717432498932, 0.14060741662979126, 0.14064425230026245, 0.14067521691322327, 0.14071227610111237, 0.14074718952178955, 0.14077889919281006, 0.14081227779388428, 0.14084133505821228, 0.1408713310956955, 0.14089958369731903, 0.1409292072057724, 0.14094755053520203, 0.1409691423177719, 0.14100080728530884, 0.14101538062095642, 0.1410413235425949, 0.14105835556983948, 0.14107151329517365, 0.14108674228191376, 0.14110073447227478, 0.1411299854516983, 0.14115279912948608, 0.1411711573600769, 0.14118874073028564, 0.1412055641412735, 0.14121867716312408, 0.1412382870912552, 0.14124920964241028, 0.14126341044902802, 0.14127351343631744, 0.14128737151622772, 0.1412937194108963], "training_accs": [0.5876486728721829, 0.5980953838476738, 0.5997172681726292, 0.6012987309211698, 0.6037667184924053, 0.6037667184924053, 0.6037667184924053, 0.6037667184924053, 0.6032473296738662, 0.6032473296738662, 0.6032473296738662, 0.6032473296738662, 0.6032473296738662, 0.6032473296738662, 0.6032473296738662, 0.6032473296738662, 0.6014320349773595, 0.6014320349773595, 0.6014320349773595, 0.6014320349773595, 0.6014320349773595, 0.6014320349773595, 0.6014320349773595, 0.6014320349773595, 0.6014320349773595, 0.6014320349773595, 0.6014320349773595, 0.6014320349773595, 0.6014320349773595, 0.6014320349773595, 0.6014320349773595, 0.6014320349773595, 0.6014320349773595, 0.6014320349773595, 0.6014320349773595, 0.6014320349773595, 0.6014320349773595, 0.6014320349773595, 0.6014320349773595, 0.6014320349773595, 0.6014320349773595, 0.6014320349773595, 0.6014320349773595, 0.6014320349773595, 0.6014320349773595, 0.6014320349773595, 0.6014320349773595, 0.6014320349773595, 0.6014320349773595, 0.6014320349773595, 0.6014320349773595, 0.6032473296738662, 0.6032473296738662, 0.6032473296738662, 0.6032473296738662, 0.6032473296738662, 0.6032473296738662, 0.6058267859850869, 0.6058267859850869, 0.6058267859850869, 0.6058267859850869, 0.6058267859850869, 0.6058267859850869, 0.6058267859850869, 0.6058267859850869, 0.6058267859850869, 0.6058267859850869, 0.6058267859850869, 0.6058267859850869, 0.6058267859850869, 0.6037667184924053, 0.6037667184924053, 0.6037667184924053, 0.6037667184924053, 0.6037667184924053, 0.6037667184924053, 0.6037667184924053, 0.6037667184924053, 0.6037667184924053, 0.6037667184924053, 0.6037667184924053, 0.6037667184924053, 0.6037667184924053, 0.6037667184924053, 0.6037667184924053, 0.6037667184924053, 0.6037667184924053, 0.6037667184924053, 0.6037667184924053, 0.6037667184924053, 0.6037667184924053, 0.6037667184924053, 0.6037667184924053, 0.6037667184924053, 0.6037667184924053, 0.6037667184924053, 0.6037667184924053, 0.6037667184924053, 0.6023595855397743, 0.6023595855397743],