{"n_classes": 3, "train_acc": 0.8858346672258391, "val_acc": 0.8241508947804418, "test_acc": 0.7849720794062479, "confusion_matrix": [271, 10, 32, 10, 175, 13, 22, 8, 46], "val_accs": [0.6261540628418967, 0.7003528523567214, 0.7146975756252849, 0.7363990635995347, 0.7276972411965472, 0.7545673553495581, 0.7266178574265542, 0.7438873302240139, 0.770888946295818, 0.783673335883269, 0.7636106154757064, 0.7754484582568186, 0.7715751593542922, 0.7930640414344522, 0.7568078943872711, 0.7549107956400105, 0.7608958017511783, 0.7796698701068102, 0.7869468658820608, 0.7936174175292726, 0.779802039548034, 0.8081727441246344, 0.796334233821092, 0.796334233821092, 0.8005523080589315, 0.8044276095287493, 0.7959907935306396, 0.7845741574031241, 0.7979669936859053, 0.7582327210150078, 0.8021870704910361, 0.8037420639927052, 0.7942225266124505, 0.8011567496196791, 0.7830715644122431, 0.7814368019801385, 0.8144200865509582, 0.814289919677026, 0.8186394958336587, 0.8011580846645399, 0.8174286101448723, 0.7911662751647612, 0.8210926407654613, 0.81803305170562, 0.780619087002871, 0.81381430994535, 0.8126538222000604, 0.8202749257881937, 0.8161359529583593, 0.8191137705204738, 0.8155812418186782, 0.8115751059524978, 0.8146326924450479, 0.8207492004750089, 0.8092017299511306, 0.8189829361241111, 0.8142892521545955, 0.8091212934982647, 0.819325708892133, 0.8089911266243325, 0.8189829361241111, 0.8241508947804418, 0.8111458890297362, 0.8087778532078125, 0.8120487131168824, 0.8042961076099558, 0.8046395479004084, 0.8163989567959457, 0.8121788799908148, 0.8088582896606784, 0.8051131550647931, 0.8098075065567389, 0.8098068390343086, 0.8036105620739121, 0.8129979300129433, 0.815106967131863, 0.8099390084755322, 0.8168732314827608, 0.823201677884381, 0.8083049135658581, 0.8011587521869704, 0.8049018842155644, 0.8065379816925299, 0.815106967131863, 0.818508661437296, 0.8141584177582327, 0.8175601120636656, 0.8104132831623474, 0.8016303567840639, 0.8119172111980891, 0.7942251967021722, 0.8071437582981381, 0.811230998139615, 0.80959556818508, 0.8007642464305906, 0.8163989567959457, 0.8207492004750089, 0.797494054043951, 0.8149761327355002, 0.8214354135334831], "train_accs": [0.6530891691808273, 0.7245354960209748, 0.7610953622362647, 0.7674317056278143, 0.7669480171348614, 0.7844256924307751, 0.7819789736291541, 0.7920814464812663, 0.8036934819423468, 0.8076590273969629, 0.8116739571561867, 0.8150742217947168, 0.8283432227957986, 0.8327469445494954, 0.8292748419464733, 0.8309851234727521, 0.8403158915289047, 0.833241028934229, 0.8535234672593334, 0.8479043609727347, 0.8468513454225365, 0.8517964401906521, 0.8446246969271435, 0.8548249974731995, 0.8638191744754614, 0.8682341047295824, 0.8677525317685301, 0.8596286830627567, 0.8627416095904561, 0.8587078157020093, 0.864834162385082, 0.8748009143191403, 0.8721926559455175, 0.8820615633835734, 0.870361925044826, 0.8775645504917055, 0.8874558917326678, 0.8620576924948061, 0.8824615440214924, 0.8840759453651438, 0.8827428715777893, 0.8865739990376086, 0.893446043985131, 0.8876029723696717, 0.8754131614708821, 0.8971196781141076, 0.8961952212226983, 0.8879792330834851, 0.8889225342471393, 0.8925484062338752, 0.8925275976482556, 0.8884877764032165, 0.900952430791214, 0.8816529632896867, 0.8886239708338262, 0.8935105684718326, 0.8860041816657497, 0.8826217974722953, 0.9019605955376574, 0.9004451735926814, 0.8961147638022381, 0.8858346672258391, 0.8776755876584849, 0.8907904969818233, 0.898139541675589, 0.8999915546744557, 0.8957661348372215, 0.897158196069299, 0.9029543013491029, 0.8989281264304184, 0.8848497320888873, 0.8965503342548041, 0.8930145197737239, 0.9036211506083207, 0.8898790250266507, 0.9040362515713554, 0.9016813667112028, 0.901955397591767, 0.9144990354014636, 0.8920244034929402, 0.9144369487406926, 0.8979523178661069, 0.904997601200669, 0.9153553950775682, 0.9068107739503147, 0.8935887392848881, 0.9066893607487327, 0.9104130604294127, 0.9062604622408181, 0.9064905893427384, 0.9060358355218397, 0.9114116418927188, 0.9053337187420043, 0.8966296567725912, 0.9025412991159109, 0.9178529752374777, 0.9040370641799987, 0.9172251174460064, 0.9104860332965781, 0.9040531483322835], "val_losses": [0.1648607850074768, 0.1463957577943802, 0.12687402963638306, 0.11947213113307953, 0.12066535651683807, 0.11211800575256348, 0.12563961744308472, 0.1170186772942543, 0.09851731359958649, 0.11678425967693329, 0.10537473857402802, 0.11025023460388184, 0.10626472532749176, 0.098004050552845, 0.10082341730594635, 0.10293655842542648, 0.11044739931821823, 0.09913741052150726, 0.10310571640729904, 0.1091986745595932, 0.09382478147745132, 0.09577251970767975, 0.0940759927034378, 0.09447382390499115, 0.09600124508142471, 0.09729350358247757, 0.09132509678602219, 0.10856352746486664, 0.10476527363061905, 0.08818618208169937, 0.09985305368900299, 0.09024225175380707, 0.0949036106467247, 0.09606025367975235, 0.0975809395313263, 0.09269509464502335, 0.08701149374246597, 0.08870392292737961, 0.08664131164550781, 0.08963176608085632, 0.09432976692914963, 0.0957212969660759, 0.08767080307006836, 0.0967780128121376, 0.0907074436545372, 0.09696871042251587, 0.08986064046621323, 0.08645809441804886, 0.10020182281732559, 0.08546460419893265, 0.09061805158853531, 0.09137850254774094, 0.08986920118331909, 0.08445616066455841, 0.10780598223209381, 0.0863337442278862, 0.08729071915149689, 0.09067092835903168, 0.09261913597583771, 0.09404957294464111, 0.08627361804246902, 0.08317313343286514, 0.09734409302473068, 0.0878283753991127, 0.0929577648639679, 0.09955625981092453, 0.10078427195549011, 0.09059121459722519, 0.08994348347187042, 0.09917067736387253, 0.10595264285802841, 0.09734779596328735, 0.1025281697511673, 0.0904056653380394, 0.08354794234037399, 0.08747562766075134, 0.08976182341575623, 0.08574235439300537, 0.08899056166410446, 0.08453458547592163, 0.08548377454280853, 0.09159109741449356, 0.09302955865859985, 0.0864744707942009, 0.08894886821508408, 0.09076904505491257, 0.09413865953683853, 0.09244251251220703, 0.09461390227079391, 0.09687762707471848, 0.08699852973222733, 0.0832073763012886, 0.08931313455104828, 0.0901501476764679, 0.0982288122177124, 0.08590582758188248, 0.0842558741569519, 0.09186609089374542, 0.09166861325502396, 0.08968926221132278],