{"training_acc": 0.9320460683332082, "validation_acc": 0.7405009499404779, "classes": ["aerobe", "anaerobe", "facultative"], "confusion_matrix": [275, 26, 38, 17, 207, 19, 26, 8, 43], "f1_score": 0.8028190525299805, "n_iter": 3418, "converged": true, "C": 100, "penalty": "l2", "max_iter": 100000, "feature_type": "aa_2mer", "model_class": "logistic", "binary": 0}