{"training_acc": 0.9233222362789776, "validation_acc": 0.8146447426255857, "classes": ["aerobe", "anaerobe", "facultative"], "confusion_matrix": [285, 4, 48, 8, 209, 19, 19, 6, 62], "f1_score": 0.8526237333402203, "training_losses": [0.36992114782333374, 0.3208467364311218, 0.2962953746318817, 0.27974987030029297, 0.26746752858161926, 0.25748810172080994, 0.249247208237648, 0.24222971498966217, 0.2360655665397644, 0.23052041232585907, 0.2260213941335678, 0.2217034101486206, 0.2178039252758026, 0.21414034068584442, 0.21110545098781586, 0.2078554332256317, 0.20541590452194214, 0.20259179174900055, 0.2000749707221985, 0.19783872365951538, 0.19531281292438507, 0.1938052624464035, 0.1918809413909912, 0.1898004114627838, 0.1879161298274994, 0.18617592751979828, 0.1848127543926239, 0.18311777710914612, 0.1813657581806183, 0.18045982718467712, 0.17914979159832, 0.17701968550682068, 0.176190584897995, 0.17434419691562653, 0.17309826612472534, 0.1722339540719986, 0.1703105866909027, 0.16952109336853027, 0.16868196427822113, 0.16766664385795593, 0.16650359332561493, 0.16532418131828308, 0.164430171251297, 0.16397444903850555, 0.162455752491951, 0.16215910017490387, 0.16116037964820862, 0.16016662120819092, 0.159478098154068, 0.15885835886001587, 0.1580558717250824, 0.15732191503047943, 0.15672947466373444, 0.15615709125995636, 0.15583929419517517, 0.15457801520824432, 0.15428833663463593, 0.15385262668132782, 0.15333741903305054, 0.1523621827363968, 0.1519186794757843, 0.15101155638694763, 0.15093517303466797, 0.15015564858913422, 0.14979781210422516, 0.14907367527484894, 0.14882497489452362, 0.14851905405521393, 0.14866189658641815, 0.14727775752544403, 0.1467858850955963, 0.14651475846767426, 0.14671830832958221, 0.14522765576839447, 0.14567863941192627, 0.14480704069137573, 0.14514298737049103, 0.14498190581798553, 0.1442311704158783, 0.14464904367923737, 0.1438395380973816, 0.1436263769865036, 0.14333093166351318, 0.14357192814350128, 0.14313052594661713, 0.14239659905433655, 0.14235098659992218, 0.14222434163093567, 0.14139974117279053, 0.14161790907382965, 0.1410103142261505, 0.14043878018856049, 0.1409151703119278, 0.14026039838790894, 0.14005616307258606, 0.1402755230665207, 0.13934311270713806, 0.13927513360977173, 0.13925758004188538, 0.13968783617019653], "validation_losses": [0.11563928425312042, 0.10374134033918381, 0.0984446331858635, 0.09511423110961914, 0.09298237413167953, 0.0914476215839386, 0.09033450484275818, 0.08927968144416809, 0.08868013322353363, 0.08803584426641464, 0.08753399550914764, 0.08711261302232742, 0.08662007004022598, 0.08622986823320389, 0.08620862662792206, 0.08577767014503479, 0.08567430824041367, 0.08541289716959, 0.08501695096492767, 0.08494909852743149, 0.08446209877729416, 0.08458949625492096, 0.08418329060077667, 0.08387065678834915, 0.08360093086957932, 0.08355385810136795, 0.0836264118552208, 0.08324674516916275, 0.08324921876192093, 0.08325651288032532, 0.08313155919313431, 0.08266934007406235, 0.0825648382306099, 0.08242307603359222, 0.08227250725030899, 0.082231804728508, 0.08198374509811401, 0.0820033997297287, 0.08203975111246109, 0.081798255443573, 0.08166579157114029, 0.0814540758728981, 0.08121954649686813, 0.08146131038665771, 0.08088167756795883, 0.08107572048902512, 0.08088097721338272, 0.08057992160320282, 0.08055490255355835, 0.08053164184093475, 0.08037550002336502, 0.08018359541893005, 0.0801844596862793, 0.08000074326992035, 0.08036584407091141, 0.08018261194229126, 0.07987364381551743, 0.07965325564146042, 0.07960458099842072, 0.07954104989767075, 0.07955201715230942, 0.07936780154705048, 0.07935460656881332, 0.07937624305486679, 0.07942784577608109, 0.07913230359554291, 0.07921672612428665, 0.0791495069861412, 0.07917791604995728, 0.07891059666872025, 0.07885079085826874, 0.07882596552371979, 0.07898049056529999, 0.07863092422485352, 0.07876203209161758, 0.0787883773446083, 0.07888538390398026, 0.07887598127126694, 0.07885831594467163, 0.07893352210521698, 0.07859596610069275, 0.07886814326047897, 0.07855997234582901, 0.07880310714244843, 0.07907270640134811, 0.07869303971529007, 0.07891952246427536, 0.07844892144203186, 0.0785512700676918, 0.07842253148555756, 0.0784209817647934, 0.07819829136133194, 0.07862000167369843, 0.07831911742687225, 0.07847511023283005, 0.0783478170633316, 0.07837431877851486, 0.07816161960363388, 0.07827888429164886, 0.07848645001649857], "training_accs": [0.7296606085382753, 0.7919799292395903, 0.8125646665234116, 0.8304726252027188, 0.8385330299758422, 0.8442170328833128, 0.8507225510398255, 0.8532150841637031, 0.8544466600787297, 0.8606317718373195, 0.8620705271957055, 0.8643609342902523, 0.8669151343054402, 0.8700815210159435, 0.8744794836414731, 0.8747138952682899, 0.8747734130492328, 0.877794287207687, 0.8797290980031635, 0.8820144516836814, 0.8851213206132416, 0.8865285455674359, 0.8885199698401943, 0.8886088689149618, 0.8892554903181301, 0.892478490505915, 0.8933301422420756, 0.8930362128343159, 0.8942677887493424, 0.8935939351627168, 0.8942677887493424, 0.8945588138534407, 0.8950871548880172, 0.8977252005639439, 0.8986062335939291, 0.8993983675491467, 0.9001905015043642, 0.9002794005791318, 0.9016564890462074, 0.9025375220761926, 0.9034457872896349, 0.9033568882148674, 0.9059383204135125, 0.9057928078614633, 0.9070809972537713, 0.9084014722435656, 0.9088702954971989, 0.909455250009057, 0.9089591945719664, 0.9113628286210765, 0.9105706946658589, 0.91013125270605, 0.9094280178255998, 0.9111284169942598, 0.9108940053674431, 0.9130632277897363, 0.9123599929092864, 0.9122710938345188, 0.9134431519686022, 0.9129743287149689, 0.9136775635954191, 0.9156123743908955, 0.914380798475869, 0.9156396065743527, 0.9156689878681772, 0.9152001646145438, 0.9149657529877272, 0.9174876674054291, 0.9158467860177123, 0.9174876674054291, 0.9175765664801966, 0.9182504200668222, 0.9175765664801966, 0.9200963317875314, 0.9173421548533799, 0.9181342888085976, 0.9188081423952231, 0.9183687004354142, 0.9178998771817808, 0.9181049075147731, 0.9188081423952231, 0.9208590844489245, 0.9213279077025578, 0.9185737307684064, 0.9203902611952911, 0.9205085415638831, 0.9209479835236921, 0.9227938952444011, 0.9225594836175844, 0.922648382692352, 0.9228827943191686, 0.9220634281804938, 0.9230878246521609, 0.9241143702341952, 0.9242598827862443, 0.9220634281804938, 0.9248176051146452, 0.9250520167414619, 0.9245831934878286, 0.9233222362789776],