{"training_acc": 0.9642465047259904, "validation_acc": 0.7876167534097459, "classes": ["aerobe", "anaerobe", "facultative"], "confusion_matrix": [296, 6, 35, 21, 212, 3, 21, 15, 51], "f1_score": 0.8474818375545422, "training_losses": [0.26232069730758667, 0.18005727231502533, 0.16570104658603668, 0.14758044481277466, 0.12121141701936722, 0.11067584156990051, 0.1098436713218689, 0.1113392636179924, 0.14571720361709595, 0.1181102991104126, 0.10937674343585968, 0.10327091813087463, 0.1268778294324875, 0.12940630316734314, 0.14083409309387207, 0.11395424604415894, 0.1091923639178276, 0.11728368699550629, 0.13592548668384552, 0.14066004753112793, 0.11377165466547012, 0.1344250738620758, 0.09486734122037888, 0.10449687391519547, 0.150296151638031, 0.11029283702373505, 0.11489064991474152, 0.1073097288608551, 0.1365848034620285, 0.09000337868928909, 0.0697961151599884, 0.10643293708562851, 0.08852994441986084, 0.08596979081630707, 0.08899152278900146, 0.10186170786619186, 0.11737140268087387, 0.11040998995304108, 0.10125646740198135, 0.12487863749265671, 0.08995186537504196, 0.11194685101509094, 0.0766565203666687, 0.07431739568710327, 0.08340094238519669, 0.06902288645505905, 0.06676886230707169, 0.06102274730801582, 0.05651828646659851, 0.08948096632957458, 0.07784378528594971, 0.08424541354179382, 0.1219429299235344, 0.07766129821538925, 0.07877658307552338, 0.09350933879613876, 0.07942459732294083, 0.08143479377031326, 0.06721099466085434, 0.06361377984285355, 0.06892970949411392, 0.06259594857692719, 0.05542352795600891, 0.06429556012153625, 0.06150227040052414, 0.0912988930940628, 0.1108282133936882, 0.09351471066474915, 0.062476277351379395, 0.07418632507324219, 0.0641031414270401, 0.06359000504016876, 0.06784322112798691, 0.04567935690283775, 0.10405484586954117, 0.046821478754282, 0.06047729775309563, 0.0496474914252758, 0.05931774899363518, 0.06997262686491013, 0.05561370402574539, 0.04893795773386955, 0.059617262333631516, 0.062218911945819855, 0.062110111117362976, 0.05883434787392616, 0.05493635684251785, 0.05910798907279968, 0.05650629103183746, 0.059321723878383636, 0.12112212926149368, 0.10999387502670288, 0.10747937858104706, 0.0733332484960556, 0.0731494277715683, 0.04999515786767006, 0.051905859261751175, 0.05932331830263138, 0.03815256431698799, 0.05486990511417389], "validation_losses": [0.09056396782398224, 0.07417991012334824, 0.06852850317955017, 0.07256516814231873, 0.07624007761478424, 0.07004609704017639, 0.06774188578128815, 0.06823255866765976, 0.07574539631605148, 0.08116798847913742, 0.07041241973638535, 0.07145360857248306, 0.07627921551465988, 0.0876452773809433, 0.08645470440387726, 0.0707278773188591, 0.07808588445186615, 0.08039937913417816, 0.07424583286046982, 0.08934681862592697, 0.07900018244981766, 0.08888313919305801, 0.08006015419960022, 0.08120551705360413, 0.07908456772565842, 0.08217445760965347, 0.07643278688192368, 0.0776420533657074, 0.08737490326166153, 0.08401515334844589, 0.08177751302719116, 0.08049749583005905, 0.07276932150125504, 0.07367036491632462, 0.07690316438674927, 0.08048923313617706, 0.07601102441549301, 0.07967182248830795, 0.07330702990293503, 0.07847268879413605, 0.07975859194993973, 0.08539079874753952, 0.07552196085453033, 0.075961634516716, 0.08067531138658524, 0.07761537283658981, 0.07319508492946625, 0.07238350808620453, 0.07765822112560272, 0.079727903008461, 0.08126271516084671, 0.074421226978302, 0.08377846330404282, 0.07914980500936508, 0.08003412187099457, 0.07670663297176361, 0.08143189549446106, 0.07351502776145935, 0.07755323499441147, 0.0766267403960228, 0.07497228682041168, 0.07171180099248886, 0.07180673629045486, 0.07199261337518692, 0.0708213746547699, 0.07804939150810242, 0.0833825021982193, 0.08218662440776825, 0.07758764177560806, 0.08305240422487259, 0.07541440427303314, 0.07628531754016876, 0.07387855648994446, 0.07476808875799179, 0.0833447277545929, 0.0743735283613205, 0.08113005012273788, 0.08080929517745972, 0.07929283380508423, 0.07292035222053528, 0.07477220892906189, 0.07428226619958878, 0.0722980946302414, 0.07609332352876663, 0.08157463371753693, 0.07910970598459244, 0.07662248611450195, 0.07647443562746048, 0.07415856420993805, 0.07489901781082153, 0.09367548674345016, 0.09035573154687881, 0.09538213908672333, 0.08853422850370407, 0.07621239870786667, 0.07278471440076828, 0.07108020037412643, 0.07800088077783585, 0.0730469822883606, 0.0796193853020668], "training_accs": [0.831221378600068, 0.8830901752795706, 0.8993629447089684, 0.913327542964641, 0.9256117717107147, 0.9298663708945624, 0.9326328037671385, 0.9311660610320011, 0.9027351844732961, 0.9280375845292532, 0.9307904350738697, 0.9382057288304132, 0.9215678949976667, 0.9222028316586509, 0.9086736286666448, 0.9312864905109604, 0.9340857801772628, 0.924244673602181, 0.9079597157618968, 0.9073445572353819, 0.9296670326993777, 0.91034110351404, 0.9419117733235698, 0.9374665488555215, 0.8972260754116993, 0.9330156322496658, 0.9214109492280252, 0.9337667676964131, 0.9168573672223891, 0.9443591937152961, 0.9634701022090995, 0.9274454950205374, 0.9487894419383117, 0.9493965752195983, 0.9448824813358438, 0.9420495121549822, 0.9272089342833535, 0.9271393096743529, 0.9358393173233024, 0.9274620491796964, 0.9435333802455195, 0.9276925497849655, 0.949697707151754, 0.9535379474488828, 0.9429741475305301, 0.9580168514314898, 0.9584928772095193, 0.9599244300435092, 0.9683118050151727, 0.9456295025589102, 0.9517515535091169, 0.9491149017502631, 0.9195154425573769, 0.9539528775318423, 0.9512769216481605, 0.9417326487844998, 0.9477965758708362, 0.9522289732042192, 0.9587258949192629, 0.9635919256051316, 0.9548397866966886, 0.9638313906459771, 0.9662673102925731, 0.9595538574994066, 0.9575279985187951, 0.9435670597600785, 0.9272397094942507, 0.935749479058187, 0.9649345793643542, 0.9508517007400897, 0.9625453503640363, 0.962037038988521, 0.962799791649914, 0.9746194953630889, 0.9361840516010208, 0.9769785878762884, 0.9660994349740418, 0.9712257155531114, 0.9661044883880705, 0.9551802227536726, 0.9718301285277903, 0.9710996614638829, 0.9631575370593515, 0.9608721833788335, 0.9590212182440956, 0.9610198450412498, 0.9620170093294598, 0.961343155742834, 0.9629546558367265, 0.9614814657704874, 0.9190023782344019, 0.93387222093034, 0.9256783755465383, 0.9560160755239684, 0.957322968185803, 0.9744387929098925, 0.9716280024984595, 0.9615188047820019, 0.9805077734102577, 0.9642465047259904],