{"n_classes": 3, "train_acc": 0.6139139128818464, "val_acc": 0.6298791717648692, "test_acc": 0.6439926137672901, "confusion_matrix": [240, 18, 55, 6, 176, 16, 30, 25, 21], "val_accs": [0.6105550649265692, 0.6227363479981336, 0.6222614057888881, 0.6247118806309689, 0.6081796863579109, 0.6120556553501589, 0.6192011492066162, 0.6094716760219935, 0.6154566821331614, 0.6185156036705723, 0.6136904177822635, 0.6185156036705723, 0.6298791717648692, 0.6188583764385943, 0.6185156036705723, 0.6193326511254095, 0.6185156036705723, 0.6196754238934313, 0.6107636656860762, 0.6185156036705723, 0.6198075933346551, 0.6175663867745116, 0.6185156036705723, 0.6175663867745116, 0.6175663867745116, 0.6185156036705723, 0.6107636656860762, 0.6185156036705723, 0.6142968619103023, 0.624026335094925, 0.6185156036705723, 0.6175663867745116, 0.6185156036705723, 0.6253183247590077, 0.6210995829987377, 0.6107636656860762, 0.6107636656860762, 0.6185156036705723, 0.6107636656860762, 0.6107636656860762, 0.6185156036705723, 0.6172236140064896, 0.6146396346783243, 0.6185156036705723, 0.6120556553501589, 0.615931624342407, 0.6107636656860762, 0.6185156036705723, 0.6185156036705723, 0.6198075933346551, 0.6142968619103023, 0.6210995829987377, 0.6185156036705723, 0.6172236140064896, 0.6142968619103023, 0.6198075933346551, 0.6198075933346551, 0.615931624342407, 0.6185156036705723, 0.6210995829987377, 0.6185156036705723, 0.6185156036705723, 0.6198075933346551, 0.6185156036705723, 0.6142968619103023, 0.6185156036705723, 0.6185156036705723, 0.6185156036705723, 0.6210995829987377, 0.6185156036705723, 0.6198075933346551, 0.6198075933346551, 0.6198075933346551, 0.6198075933346551, 0.6198075933346551, 0.6185156036705723, 0.6210995829987377, 0.6198075933346551, 0.6198075933346551, 0.6210995829987377, 0.6198075933346551, 0.6210995829987377, 0.6210995829987377, 0.6185156036705723, 0.6198075933346551, 0.6198075933346551, 0.6198075933346551, 0.6198075933346551, 0.6198075933346551, 0.6198075933346551, 0.6210995829987377, 0.6198075933346551, 0.6198075933346551, 0.6185156036705723, 0.6142968619103023, 0.6198075933346551, 0.6185156036705723, 0.6185156036705723, 0.6185156036705723, 0.6185156036705723], "train_accs": [0.5972709730128546, 0.6043565705953988, 0.6107862051251197, 0.6110389371054504, 0.610455134311149, 0.6089813295374124, 0.608056533549915, 0.6122045951827368, 0.6156658115793646, 0.6065422633096703, 0.6083811034947381, 0.6077131193328471, 0.6139139128818464, 0.6128745436580026, 0.6082624672151745, 0.613451523289127, 0.6101461750060553, 0.6157355340119562, 0.6119369139527944, 0.6083261790932323, 0.6110485371906461, 0.6118371219454756, 0.6117682121215273, 0.6135934059802406, 0.6159988299046518, 0.6103433211947625, 0.612394918208267, 0.6114789096973218, 0.6080593104719333, 0.6128392761373852, 0.6122270289856434, 0.6118371219454756, 0.6119309033982606, 0.6134884160270314, 0.6108874711311997, 0.6131714818540289, 0.6130725024553535, 0.610308053674145, 0.6114504653398815, 0.6083321896477661, 0.6110561729624667, 0.6112533191511741, 0.6115141772179393, 0.6089116071048207, 0.6122614838976175, 0.61355976367691, 0.6085930477145314, 0.6126773974692953, 0.6098216050612322, 0.6092998889277016, 0.609293878373168, 0.6094273126838174, 0.6083261790932323, 0.6101806299180293, 0.6074101705822871, 0.6074798930148787, 0.6099490288173478, 0.6131362143334114, 0.6126773974692953, 0.6094273126838174, 0.607352469258763, 0.6107316030176436, 0.6068307531252325, 0.607254302468731, 0.6071208681580815, 0.6070916111919978, 0.6083261790932323, 0.6091371976509684, 0.6081927447825829, 0.6089116071048207, 0.6100127406954058, 0.6096881707505827, 0.6087144609161134, 0.6087781727941712, 0.6090390308609365, 0.6130380475433795, 0.6113110204746982, 0.6068307531252325, 0.6082280123032003, 0.6095900039605506, 0.6102735987621709, 0.6091664546170521, 0.6091664546170521, 0.6070916111919978, 0.6092017221376697, 0.6074798930148787, 0.6079034423583772, 0.6068307531252325, 0.6079034423583772, 0.6068307531252325, 0.6091664546170521, 0.607254302468731, 0.6087144609161134, 0.6078397304803195, 0.606697318814583, 0.6068307531252325, 0.6068307531252325, 0.6076770392035861, 0.6067041419777602, 0.6061816132355863], "val_losses": [0.13327032327651978, 0.12863804399967194, 0.12738420069217682, 0.13433225452899933, 0.1306067407131195, 0.1278499960899353, 0.13044792413711548, 0.12876254320144653, 0.13013328611850739, 0.1229979395866394, 0.1296054869890213, 0.12290579080581665, 0.13337913155555725, 0.1270449459552765, 0.12446004897356033, 0.12753306329250336, 0.12400829792022705, 0.13124777376651764, 0.12759985029697418, 0.12437654286623001, 0.12431031465530396, 0.12845826148986816, 0.12573759257793427, 0.12889240682125092, 0.12961344420909882, 0.12632787227630615, 0.12849625945091248, 0.12602642178535461, 0.122992143034935, 0.1273408681154251, 0.12644974887371063, 0.12917833030223846, 0.12597662210464478, 0.1270083487033844, 0.1250547617673874, 0.12874238193035126, 0.12847799062728882, 0.12674203515052795, 0.1281924545764923, 0.12843087315559387, 0.12706990540027618, 0.1278672069311142, 0.12778165936470032, 0.12660568952560425, 0.1293947547674179, 0.12852126359939575, 0.129343181848526, 0.12827715277671814, 0.12725935876369476, 0.12663836777210236, 0.12513510882854462, 0.12647901475429535, 0.12752608954906464, 0.12885156273841858, 0.1259101927280426, 0.12668007612228394, 0.12717744708061218, 0.12936179339885712, 0.12937618792057037, 0.12723125517368317, 0.12802158296108246, 0.1287512630224228, 0.12744109332561493, 0.12732259929180145, 0.12648507952690125, 0.12803973257541656, 0.12813343107700348, 0.12857581675052643, 0.12735223770141602, 0.1284978836774826, 0.12773951888084412, 0.1277393251657486, 0.12820783257484436, 0.12769362330436707, 0.1278187781572342, 0.12989692389965057, 0.1277773082256317, 0.12839281558990479, 0.1278669685125351, 0.127545565366745, 0.12832391262054443, 0.12748000025749207, 0.1275632679462433, 0.12880587577819824, 0.1277390420436859, 0.1281430870294571, 0.12823419272899628, 0.12839244306087494, 0.12795385718345642, 0.12852519750595093, 0.12775100767612457, 0.12842890620231628, 0.128765270113945, 0.1285538524389267, 0.12730473279953003, 0.12854410707950592, 0.1286696493625641, 0.1292964220046997, 0.12863856554031372, 0.1288134753704071],