{"training_acc": 0.8102280966707802, "validation_acc": 0.787132614402362, "classes": ["aerobe", "anaerobe", "facultative"], "confusion_matrix": [242, 23, 74, 17, 211, 15, 11, 6, 60], "f1_score": 0.7930413262067469, "training_losses": [0.5401417016983032, 0.5036270022392273, 0.48258066177368164, 0.4680596590042114, 0.4564363360404968, 0.4465041160583496, 0.4377724528312683, 0.42974138259887695, 0.42235687375068665, 0.4154718816280365, 0.4089970588684082, 0.4031088948249817, 0.3977019488811493, 0.39266252517700195, 0.38808780908584595, 0.38386452198028564, 0.3798772990703583, 0.37627533078193665, 0.3729213774204254, 0.3698990046977997, 0.3670099079608917, 0.36431172490119934, 0.3617970943450928, 0.35946401953697205, 0.35724055767059326, 0.35517099499702454, 0.35317692160606384, 0.35139456391334534, 0.34961456060409546, 0.3479355275630951, 0.3462834060192108, 0.34482336044311523, 0.34340059757232666, 0.34193363785743713, 0.34061986207962036, 0.339436411857605, 0.33824482560157776, 0.3371167480945587, 0.3359929919242859, 0.33495989441871643, 0.3339346945285797, 0.3329683244228363, 0.3320506811141968, 0.3312355875968933, 0.3303363025188446, 0.32954975962638855, 0.3287206292152405, 0.32797515392303467, 0.32723769545555115, 0.3266424238681793, 0.3259021043777466, 0.3252562880516052, 0.3246198296546936, 0.32399317622184753, 0.3234092593193054, 0.3228299617767334, 0.32219332456588745, 0.3217271864414215, 0.32126373052597046, 0.3206816017627716, 0.32016706466674805, 0.31975024938583374, 0.31917333602905273, 0.31865864992141724, 0.3183628022670746, 0.3179352581501007, 0.3174295723438263, 0.3170321583747864, 0.316640168428421, 0.31630244851112366, 0.31592702865600586, 0.3155847489833832, 0.31526097655296326, 0.3148539662361145, 0.3146895170211792, 0.314240962266922, 0.313949316740036, 0.3134172856807709, 0.3133426904678345, 0.3129824995994568, 0.31277281045913696, 0.3124339282512665, 0.31213703751564026, 0.3119804561138153, 0.31156203150749207, 0.31137388944625854, 0.31102925539016724, 0.31086668372154236, 0.31061169505119324, 0.3104017972946167, 0.31010472774505615, 0.30993080139160156, 0.30971384048461914, 0.3094930946826935, 0.30930599570274353, 0.3091199994087219, 0.30888158082962036, 0.30868133902549744, 0.3084104657173157, 0.3083653151988983], "validation_losses": [0.17245487868785858, 0.16267256438732147, 0.15715399384498596, 0.15308524668216705, 0.14970123767852783, 0.14679084718227386, 0.14419394731521606, 0.14179803431034088, 0.13958550989627838, 0.13758514821529388, 0.13568608462810516, 0.13397985696792603, 0.13249877095222473, 0.13106225430965424, 0.12979494035243988, 0.12872926890850067, 0.12771086394786835, 0.12674888968467712, 0.12589111924171448, 0.12513722479343414, 0.12446171045303345, 0.12382663041353226, 0.12319415807723999, 0.12265048176050186, 0.1221206933259964, 0.1216522604227066, 0.12116020917892456, 0.12077442556619644, 0.1203635036945343, 0.12003598362207413, 0.11964999884366989, 0.11933009326457977, 0.1190311536192894, 0.11871044337749481, 0.11843015253543854, 0.11823121458292007, 0.11799470335245132, 0.11782843619585037, 0.11757584661245346, 0.11739690601825714, 0.11717630922794342, 0.11698637157678604, 0.1168154776096344, 0.11668726056814194, 0.11650372296571732, 0.11635613441467285, 0.11615866422653198, 0.1160939633846283, 0.1159440353512764, 0.1158682107925415, 0.11574527621269226, 0.11558099091053009, 0.11548980325460434, 0.11540202796459198, 0.11531632393598557, 0.1152089312672615, 0.11508457362651825, 0.11503414064645767, 0.11499272286891937, 0.1148456484079361, 0.11476258933544159, 0.11469683796167374, 0.11463449895381927, 0.1144769936800003, 0.11450531333684921, 0.11442585289478302, 0.11428961902856827, 0.11425787955522537, 0.11419900506734848, 0.11410977691411972, 0.11410004645586014, 0.11400331556797028, 0.11397648602724075, 0.11388186365365982, 0.11389326304197311, 0.11378616094589233, 0.11374474316835403, 0.11359502375125885, 0.11368361115455627, 0.11359769850969315, 0.11357736587524414, 0.11347325891256332, 0.11344439536333084, 0.11338891834020615, 0.1133369579911232, 0.11326812952756882, 0.11324575543403625, 0.11320429295301437, 0.11318327486515045, 0.11312037706375122, 0.11306434869766235, 0.11304205656051636, 0.11300576478242874, 0.11294597387313843, 0.11293291300535202, 0.11289727687835693, 0.11284717172384262, 0.11283706873655319, 0.11271094530820847, 0.11279244720935822], "training_accs": [0.5997967715704486, 0.6166499078648476, 0.6303370711621848, 0.6495838350232316, 0.6553865726054882, 0.668741640095765, 0.6793933330417906, 0.6919729331813308, 0.7032914712511308, 0.7100245337322487, 0.7169428587639715, 0.7216206259689111, 0.7255506454345871, 0.7323693019951194, 0.7335333809846771, 0.7345586828908034, 0.7388639189216152, 0.743393526115273, 0.7453585358481108, 0.745268250304771, 0.7455020043954675, 0.7466222833088593, 0.7479763163129475, 0.7510131134190857, 0.7528831461446585, 0.753116900235355, 0.7540984020653153, 0.7562001828086672, 0.7582069865447539, 0.7602622818209319, 0.7621741085497534, 0.7613778692703983, 0.7644146663765365, 0.7632896959992196, 0.7658589849239648, 0.7687570049466718, 0.7712313168641516, 0.7715600479621134, 0.7736153432382914, 0.7731478350568982, 0.7749693762423796, 0.778982983714553, 0.7803370167186411, 0.7816425581826381, 0.783325322284688, 0.7850080863867381, 0.7864570963980917, 0.7866908504887883, 0.7881398605001416, 0.7872533356774466, 0.7890263853228369, 0.7907994349682269, 0.7941602717084018, 0.7956995672630952, 0.7969633147238434, 0.7967295606331467, 0.79897011845993, 0.7994376266413233, 0.7992038725506266, 0.7999051348227164, 0.799342649634058, 0.7996713807320198, 0.7995764037247546, 0.800511420087541, 0.7998101578154512, 0.800182688989579, 0.8008839512616688, 0.8014464364503273, 0.8025667153637189, 0.803920748367807, 0.8041545024585036, 0.8041545024585036, 0.8046220106398968, 0.8048557647305934, 0.8048557647305934, 0.8057907810933798, 0.8053232729119867, 0.8055570270026832, 0.8053232729119867, 0.8057907810933798, 0.8070060370140366, 0.8083600700181249, 0.8086888011160868, 0.8095753259387818, 0.8098090800294783, 0.8095753259387818, 0.8100428341201749, 0.8098090800294783, 0.8098090800294783, 0.8098090800294783, 0.8098090800294783, 0.8098090800294783, 0.8106956048521735, 0.8106956048521735, 0.8104618507614769, 0.8104618507614769, 0.8102280966707802, 0.8102280966707802, 0.8099943425800836, 0.8102280966707802],