{"n_classes": 3, "train_acc": 0.894951543550882, "val_acc": 0.8644942816690998, "test_acc": 0.8335840043844079, "confusion_matrix": [278, 8, 27, 5, 176, 17, 13, 8, 55], "val_accs": [0.7049988084724618, 0.7906062238456367, 0.8171335652306256, 0.8185106640045872, 0.7754531309138315, 0.8136841430714176, 0.7983581618301329, 0.8081727441246344, 0.847697080991164, 0.8457188782686069, 0.8098101766464607, 0.8097297401935949, 0.8112316656620454, 0.8399942059053039, 0.8385223189462224, 0.8140275833618699, 0.810413950684778, 0.8325897133458428, 0.8119649390518644, 0.781780242270591, 0.8396514331372821, 0.8261290975029988, 0.8562667339529276, 0.83129772368176, 0.8117052728264301, 0.8434790067533244, 0.8400773124478915, 0.8474864776643658, 0.7921161595832524, 0.8449031658586308, 0.8350421907552148, 0.8308214464276537, 0.8195853751175673, 0.8285809073899406, 0.8202709206536113, 0.8455082749418087, 0.8319832692178039, 0.8052479945957384, 0.8329324861138646, 0.8187199322865246, 0.8005005750705738, 0.8345665810235389, 0.8132112034294633, 0.8250490462105753, 0.8258674287102732, 0.8095975707523713, 0.8251812156517989, 0.8440861184037937, 0.8172180068180741, 0.8644942816690998, 0.8255233208973904, 0.845246606149083, 0.8381011122926258, 0.8141590852806632, 0.8220438602288134, 0.8236766200936266, 0.8329324861138646, 0.8225979038460641, 0.8303491743081297, 0.8322476081002512, 0.8272909202931492, 0.8362026785005043, 0.8324582114270495, 0.8218272492001413, 0.8164807282936725, 0.8245747715237601, 0.8262612669442225, 0.7965448371478904, 0.8179028848316875, 0.827897364421188, 0.83129772368176, 0.8429256306585042, 0.8606189801992822, 0.851574385028273, 0.8213045791371204, 0.8277651949799644, 0.8220425251839525, 0.8248377753613466, 0.8325903808682731, 0.8619096348185039, 0.8168745665276217, 0.8405529221795676, 0.8370197259553415, 0.815106967131863, 0.8163969542286544, 0.8295307918084317, 0.8372827297929278, 0.8461958230451438, 0.8083055810882885, 0.8240213954289399, 0.810889560416454, 0.8387866578286697, 0.8483048601640637, 0.8312990587266209, 0.8395239363530713, 0.8331928198617294, 0.8337502010911321, 0.8107573909752303, 0.8364663498605212, 0.7923280979549115], "train_accs": [0.7428831773193473, 0.7880801798504553, 0.8126546780313957, 0.8168828381316118, 0.8174373839598293, 0.8219581167758029, 0.8243471541108779, 0.8191382532784749, 0.845153236223851, 0.857152250584555, 0.8488541798075948, 0.8455972718589395, 0.8678667827108469, 0.8436246781241126, 0.857985837361665, 0.8634715093376141, 0.8550437648561701, 0.866070033209574, 0.8553168319095651, 0.8697581262735484, 0.8485870087492442, 0.873779576758898, 0.878700951602908, 0.879157008347064, 0.8682397929900866, 0.8824560069795139, 0.8735031080524034, 0.8625156967502788, 0.868338772388762, 0.8877144631920285, 0.885251337944093, 0.8824147289043628, 0.8680592411252559, 0.8848882500440788, 0.865439435155121, 0.8798237063877562, 0.884369784345122, 0.8664391316641221, 0.8781039759948075, 0.8832016884419053, 0.8666086293019742, 0.8888292431089679, 0.8837435517709377, 0.8740340851750412, 0.8813373152378831, 0.8981504278819834, 0.8983491992879777, 0.9004216048871018, 0.8898682900387821, 0.894951543550882, 0.8890676673728266, 0.9055501995175702, 0.8890663812516278, 0.8905578953949361, 0.8986970156443507, 0.9057128907943035, 0.9032790225124518, 0.9035467037423942, 0.9004653207881833, 0.9076014742370448, 0.9018333230000674, 0.8913781749417797, 0.9103703083555003, 0.8789680081017693, 0.8903098710458819, 0.8963500888500487, 0.9156287645680147, 0.8936597478386786, 0.8912138584477596, 0.8984069006115017, 0.9049095080083879, 0.9021666804214427, 0.9103005859229086, 0.9081235126646049, 0.9009785885412498, 0.9064210181286726, 0.8993858083918614, 0.9068653760577908, 0.915403174021867, 0.9015402966287326, 0.9050577403501235, 0.9124519749437319, 0.9133327159340595, 0.909019864294662, 0.9003921967024923, 0.8995176174852241, 0.9101110755060219, 0.9058479503222397, 0.8985471580853286, 0.9028179190409311, 0.9109160835092242, 0.9142703456392679, 0.9172568122380206, 0.9241441287291844, 0.899372162065507, 0.8991347214857957, 0.9164425432457107, 0.8977536976786383, 0.9154392541511279, 0.9001812163098681], "val_losses": [0.11382725089788437, 0.09644641727209091, 0.08471127599477768, 0.0747862458229065, 0.08135335892438889, 0.08040700852870941, 0.08825936913490295, 0.08339903503656387, 0.08762059360742569, 0.08172339200973511, 0.07627017050981522, 0.07073948532342911, 0.08372900635004044, 0.08418238908052444, 0.09658195823431015, 0.08433478325605392, 0.07952141016721725, 0.07342198491096497, 0.08076435327529907, 0.08555223792791367, 0.07621218264102936, 0.07329445332288742, 0.07578421384096146, 0.07228164374828339, 0.08264975249767303, 0.07759007811546326, 0.08145737648010254, 0.07709147036075592, 0.07572813332080841, 0.07730467617511749, 0.07440199702978134, 0.07850740104913712, 0.07850638031959534, 0.08432645350694656, 0.08946036547422409, 0.0700976699590683, 0.07803916186094284, 0.07100017368793488, 0.07681968808174133, 0.0888519212603569, 0.09895819425582886, 0.08126179873943329, 0.07909461855888367, 0.08772064745426178, 0.08302503079175949, 0.07412825524806976, 0.0768875703215599, 0.0693390965461731, 0.06865034997463226, 0.07129932194948196, 0.0831984281539917, 0.07179514318704605, 0.06810195744037628, 0.08667129278182983, 0.06391340494155884, 0.07090441882610321, 0.07158538699150085, 0.07390118390321732, 0.07093135267496109, 0.06234364956617355, 0.08005903661251068, 0.07823352515697479, 0.07388900965452194, 0.07655978947877884, 0.08384875953197479, 0.08127209544181824, 0.06689925491809845, 0.09426712244749069, 0.08406427502632141, 0.06518317013978958, 0.07404998689889908, 0.06589988619089127, 0.06817841529846191, 0.07650557905435562, 0.08036672323942184, 0.07773046940565109, 0.07542024552822113, 0.07073546946048737, 0.06646059453487396, 0.07102393358945847, 0.0713886022567749, 0.07349834591150284, 0.0765332356095314, 0.07757653295993805, 0.08908805251121521, 0.07887963205575943, 0.06614752113819122, 0.06861143559217453, 0.07586163282394409, 0.06825358420610428, 0.06869009137153625, 0.07482645660638809, 0.0699348971247673, 0.06698276847600937, 0.06646950542926788, 0.0740538090467453, 0.07252935320138931, 0.08280189335346222, 0.06426391750574112, 0.0844518169760704],