{"training_acc": 0.9721211536318884, "validation_acc": 0.7876035054108681, "classes": ["aerobe", "anaerobe", "facultative"], "confusion_matrix": [307, 4, 26, 27, 207, 2, 23, 14, 50], "f1_score": 0.8527564741701805, "training_losses": [0.26232078671455383, 0.18005603551864624, 0.16585226356983185, 0.15228910744190216, 0.12270676344633102, 0.10638540238142014, 0.10999933630228043, 0.10772176831960678, 0.15562745928764343, 0.13746361434459686, 0.14902155101299286, 0.135139599442482, 0.11081336438655853, 0.1178416907787323, 0.13944359123706818, 0.15725408494472504, 0.1322268545627594, 0.10786237567663193, 0.12154404073953629, 0.10718786716461182, 0.10016008466482162, 0.09587985277175903, 0.10532887279987335, 0.1112210601568222, 0.09659283608198166, 0.07525742799043655, 0.09723242372274399, 0.12848490476608276, 0.0808313861489296, 0.10952186584472656, 0.11237066239118576, 0.09584090113639832, 0.1243344247341156, 0.07478127628564835, 0.08716875314712524, 0.07563699036836624, 0.06619425117969513, 0.08409199863672256, 0.08409388363361359, 0.11787381768226624, 0.085080586373806, 0.10524646937847137, 0.10796286165714264, 0.07345999777317047, 0.07725807279348373, 0.07285561412572861, 0.08654209226369858, 0.06383387744426727, 0.0638650432229042, 0.07365071773529053, 0.09761732816696167, 0.07869763672351837, 0.09230554103851318, 0.06892343610525131, 0.09156789630651474, 0.0826115757226944, 0.10768302530050278, 0.07652870565652847, 0.07303617894649506, 0.06977231055498123, 0.06365662068128586, 0.05954102426767349, 0.06354710459709167, 0.08209750056266785, 0.0675695613026619, 0.06532491743564606, 0.06408825516700745, 0.05411260947585106, 0.06446077674627304, 0.060081593692302704, 0.059409014880657196, 0.06452715396881104, 0.05389411374926567, 0.05799403414130211, 0.0549558624625206, 0.070378378033638, 0.05357450246810913, 0.07580568641424179, 0.06855103373527527, 0.09408243745565414, 0.07333172112703323, 0.06864873319864273, 0.08562658727169037, 0.04371565207839012, 0.04331645742058754, 0.051383405923843384, 0.0495939664542675, 0.04574638605117798, 0.05077531188726425, 0.058102309703826904, 0.05586221069097519, 0.062934011220932, 0.06153827905654907, 0.05628375709056854, 0.06214052066206932, 0.050224464386701584, 0.07966557890176773, 0.05417748540639877, 0.04736468568444252, 0.05345039442181587], "validation_losses": [0.09056397527456284, 0.07417909055948257, 0.06848068535327911, 0.07242721319198608, 0.07651279866695404, 0.07100860029459, 0.06954976171255112, 0.07003696262836456, 0.07301073521375656, 0.08631449937820435, 0.07744311541318893, 0.09365393966436386, 0.07856542617082596, 0.08722883462905884, 0.07544338703155518, 0.07757051289081573, 0.0766657367348671, 0.08262965828180313, 0.07901404798030853, 0.07820494472980499, 0.07808949053287506, 0.07774382829666138, 0.08359541743993759, 0.07851602882146835, 0.08320625126361847, 0.07475575059652328, 0.07830478996038437, 0.07858623564243317, 0.07272220402956009, 0.08313330262899399, 0.0771138146519661, 0.08291052281856537, 0.08499272912740707, 0.07431637495756149, 0.07448776811361313, 0.07509636878967285, 0.07892949134111404, 0.08079864829778671, 0.07845432311296463, 0.08968508988618851, 0.07793263345956802, 0.08163592219352722, 0.07981947809457779, 0.07893019914627075, 0.07738948613405228, 0.07634004205465317, 0.07855139672756195, 0.07682163268327713, 0.07090196758508682, 0.07615374028682709, 0.07793191820383072, 0.08140397816896439, 0.08509931713342667, 0.07787023484706879, 0.07599379122257233, 0.08533602207899094, 0.07466604560613632, 0.07377005368471146, 0.0716712549328804, 0.07544835656881332, 0.075387142598629, 0.07554443925619125, 0.07643702626228333, 0.07341396808624268, 0.08197805285453796, 0.07387809455394745, 0.07331237941980362, 0.07877307385206223, 0.072931207716465, 0.0768790915608406, 0.07292354851961136, 0.07532167434692383, 0.0739004835486412, 0.07636041939258575, 0.07367787510156631, 0.075816810131073, 0.07485023885965347, 0.07929051667451859, 0.06956269592046738, 0.0886542946100235, 0.07822183519601822, 0.07965530455112457, 0.0765528678894043, 0.07121603190898895, 0.07425806671380997, 0.07343451678752899, 0.07212453335523605, 0.07158471643924713, 0.07020076364278793, 0.07416968792676926, 0.07888858765363693, 0.07763126492500305, 0.08026590198278427, 0.07913227379322052, 0.07089493423700333, 0.07480771094560623, 0.07731834799051285, 0.07216385751962662, 0.07284745573997498, 0.07717881351709366], "training_accs": [0.831221378600068, 0.8830901752795706, 0.8986890911223427, 0.9083467749376203, 0.9286003602716827, 0.931512305696308, 0.9342141673739124, 0.9348535862526847, 0.9028341903761211, 0.9109451484946115, 0.9053029668164436, 0.9187663886934586, 0.9349446344378195, 0.9346743941860768, 0.9060542862602445, 0.8990404567282165, 0.9059818738170979, 0.9284511882226779, 0.9212066740883271, 0.9294620023663854, 0.9371381847399086, 0.9415978142567486, 0.934710978004297, 0.9226131438492274, 0.9419705359112185, 0.9560333848764216, 0.9388578583743356, 0.9158524292135425, 0.951975858307876, 0.9349769200353055, 0.9289237385008052, 0.9383868860103348, 0.9184221766700035, 0.9572276217799337, 0.9532418689307557, 0.9589251166449322, 0.9620305916574191, 0.9436407985927598, 0.9459849148609267, 0.9271519528119644, 0.9463578205124502, 0.9366543852412428, 0.9273315128726799, 0.9558312588470909, 0.9563788743474345, 0.9593975993955212, 0.9509786940196662, 0.9604879609792331, 0.9593495823597086, 0.9549938281626685, 0.9372407336701739, 0.952043972530288, 0.9459198889392297, 0.9591918138692348, 0.9458639141857268, 0.9498360171794071, 0.9328277947996115, 0.9590449074001125, 0.9615983522220062, 0.9599102089917709, 0.9630715422882455, 0.965345395223633, 0.9652364664898042, 0.9487320732677359, 0.9581782794189193, 0.9611933449700505, 0.964389112974378, 0.9726237728695963, 0.9677482740794489, 0.9667954673300958, 0.9618987289608678, 0.9611925897767563, 0.9643862086707166, 0.9647266447277006, 0.9698013652435172, 0.9543336244315407, 0.9665209963851566, 0.9549171850263257, 0.9609488265151763, 0.9431929441885355, 0.9503457224719954, 0.9585100025649189, 0.947395866839615, 0.9779012581385227, 0.977074689475452, 0.9700379259807014, 0.9734710099155071, 0.9751147956068853, 0.9672637193874887, 0.9696659595195256, 0.96731678983733, 0.9618671985566761, 0.9624449505441381, 0.9662572034645156, 0.9623381709206766, 0.9726201133726406, 0.9532849000800779, 0.9698408533653993, 0.979688407271583, 0.9721211536318884],