{"n_classes": 2, "train_acc": 0.788604628607313, "val_acc": 0.7924483569043006, "test_acc": 0.7946820388979772, "confusion_matrix": [134, 64, 34, 355], "val_accs": null, "train_accs": null, "val_losses": null, "train_losses": null}