{"n_classes": 3, "train_acc": 1.0, "val_acc": 0.7427295125684461, "test_acc": 0.7603739032610733, "confusion_matrix": [265, 27, 21, 16, 172, 10, 20, 13, 43], "val_accs": null, "train_accs": null, "val_losses": null, "train_losses": null}