{"training_acc": 0.5137161742871127, "validation_acc": 0.507301795404057, "classes": ["aerobe", "anaerobe", "facultative"], "confusion_matrix": [269, 69, 1, 66, 177, 0, 56, 21, 0], "f1_score": 0.6350666834592984, "n_iter": 100, "converged": false, "feature_type": "nt_2mer", "model_class": "logistic", "binary": 0}