{"training_acc": 0.905416668604072, "validation_acc": 0.786301781057599, "classes": ["aerobe", "anaerobe", "facultative"], "confusion_matrix": [249, 32, 58, 15, 218, 10, 14, 7, 56], "f1_score": 0.8018497370086188, "training_losses": [0.4287274181842804, 0.349922239780426, 0.32675081491470337, 0.3140985071659088, 0.30343878269195557, 0.29896196722984314, 0.2868150472640991, 0.28313305974006653, 0.27870988845825195, 0.26842930912971497, 0.2664020359516144, 0.265203595161438, 0.2547299563884735, 0.2580718994140625, 0.25524476170539856, 0.2399899810552597, 0.23590946197509766, 0.23495733737945557, 0.23414085805416107, 0.23412929475307465, 0.23105548322200775, 0.22504928708076477, 0.22728781402111053, 0.2245316356420517, 0.22705398499965668, 0.21876245737075806, 0.21488602459430695, 0.21613436937332153, 0.21292747557163239, 0.21330899000167847, 0.21011056005954742, 0.2092456966638565, 0.21060416102409363, 0.20103293657302856, 0.20244762301445007, 0.20712187886238098, 0.19829045236110687, 0.1989995837211609, 0.19626203179359436, 0.19746461510658264, 0.19805312156677246, 0.19564400613307953, 0.1976640522480011, 0.20199556648731232, 0.19717364013195038, 0.1956876963376999, 0.1938786804676056, 0.19219046831130981, 0.19329814612865448, 0.19169020652770996, 0.18901900947093964, 0.18931163847446442, 0.19225502014160156, 0.18515145778656006, 0.18808524310588837, 0.1916991025209427, 0.18078240752220154, 0.18146760761737823, 0.1790907084941864, 0.17887438833713531, 0.17501968145370483, 0.17305254936218262, 0.17503206431865692, 0.17430774867534637, 0.1751115620136261, 0.16614846885204315, 0.1768660694360733, 0.16635678708553314, 0.1676274687051773, 0.16687965393066406, 0.166273832321167, 0.17108799517154694, 0.16448648273944855, 0.1651720404624939, 0.16625086963176727, 0.16843757033348083, 0.16543978452682495, 0.1669853925704956, 0.16723637282848358, 0.16612806916236877, 0.17169617116451263, 0.16664579510688782, 0.16580405831336975, 0.16186994314193726, 0.15620815753936768, 0.16003823280334473, 0.1555325835943222, 0.15538087487220764, 0.15710733830928802, 0.1558941900730133, 0.1555003970861435, 0.15688811242580414, 0.15515051782131195, 0.15553849935531616, 0.15502658486366272, 0.1565627157688141, 0.15640780329704285, 0.15788087248802185, 0.16009506583213806, 0.15673059225082397], "validation_losses": [0.15159402787685394, 0.13715654611587524, 0.13170921802520752, 0.129949152469635, 0.12723147869110107, 0.12713603675365448, 0.12198591232299805, 0.12243857234716415, 0.1203257218003273, 0.11641046404838562, 0.11770863085985184, 0.11779197305440903, 0.11308307945728302, 0.11543256044387817, 0.11431784927845001, 0.10841085761785507, 0.10746394097805023, 0.10665313154459, 0.10900881886482239, 0.1098998412489891, 0.10887913405895233, 0.10628730058670044, 0.1081734225153923, 0.10810641199350357, 0.1082928255200386, 0.10656003654003143, 0.10474468767642975, 0.10670779645442963, 0.10558497160673141, 0.10659340769052505, 0.10539496690034866, 0.10547201335430145, 0.10951583832502365, 0.10114854574203491, 0.10287931561470032, 0.10566159337759018, 0.10239352285861969, 0.10324621945619583, 0.10159029811620712, 0.10284056514501572, 0.10326696932315826, 0.10248853266239166, 0.10414391756057739, 0.10664241760969162, 0.10582469403743744, 0.10320436954498291, 0.10340911149978638, 0.10237590223550797, 0.10251259803771973, 0.10337770730257034, 0.10245183855295181, 0.10350396484136581, 0.10494465380907059, 0.10161962360143661, 0.10402732342481613, 0.10486522316932678, 0.10191050171852112, 0.10352498292922974, 0.10044343769550323, 0.10055143386125565, 0.09886111319065094, 0.0996340662240982, 0.10076974332332611, 0.10087652504444122, 0.10179531574249268, 0.0965297520160675, 0.10395587980747223, 0.09805041551589966, 0.09895844757556915, 0.09890291839838028, 0.09800020605325699, 0.10135533660650253, 0.0980730652809143, 0.09845392405986786, 0.0984492227435112, 0.0997798964381218, 0.09953728318214417, 0.10072199255228043, 0.10179693251848221, 0.10095132887363434, 0.10365845263004303, 0.1001320481300354, 0.10079775005578995, 0.10111517459154129, 0.09521056711673737, 0.0985579565167427, 0.09646441787481308, 0.09649243950843811, 0.09741061925888062, 0.09748227149248123, 0.09655094891786575, 0.09721047431230545, 0.09663793444633484, 0.0973954126238823, 0.09781309962272644, 0.09811849892139435, 0.09760621935129166, 0.09900588542222977, 0.10111306607723236, 0.09927878528833389], "training_accs": [0.6815840799308915, 0.7548578600713033, 0.7717319865589779, 0.7834224083661696, 0.7948640722267867, 0.8031531900453815, 0.8158284465102777, 0.8174647251451539, 0.820313574309679, 0.8271954761201691, 0.8267717680149419, 0.8282598866385361, 0.8341204986887346, 0.8310278331875717, 0.8331242431489079, 0.8440014157479491, 0.8490543995180245, 0.8501719930404082, 0.8486280060217894, 0.8515698261206625, 0.8551711144883766, 0.8589650422616292, 0.85662012449973, 0.8591914194973924, 0.8593719905840724, 0.8621984909191406, 0.8668257605110717, 0.8617821596688467, 0.8656563107394981, 0.8637862780139254, 0.8668735727330724, 0.8700444554587167, 0.8695143813454563, 0.8752064906278333, 0.8749289364609707, 0.870687163944774, 0.875866638214765, 0.8750265988592439, 0.879275966495031, 0.8793709435022965, 0.8764271173305062, 0.8813777472383831, 0.8805357018099448, 0.878044630109681, 0.8810369478215628, 0.8814754096366563, 0.8832949447492204, 0.8847897609096572, 0.8838985446230369, 0.8853010691672164, 0.8866571082442221, 0.8848308755948153, 0.8844024760256629, 0.8884301578896121, 0.8873098789762205, 0.8843977845617376, 0.8898858654378081, 0.8906754071803206, 0.8904483506264667, 0.8886732949081592, 0.8940961244613547, 0.8937673933633928, 0.8908208818005945, 0.8918043897034722, 0.8920772524064096, 0.8964915398362625, 0.8906653449343794, 0.896864750328481, 0.8955545174005587, 0.8954548489293682, 0.8956953005569074, 0.8926471144500012, 0.8974245501261314, 0.8978900522346073, 0.8968573734735478, 0.896908550404647, 0.8977438982962428, 0.8963851738282292, 0.8965704363788345, 0.9024998827256638, 0.8953605512401935, 0.896480830153585, 0.8979850292418726, 0.9004539703773364, 0.9082237237653485, 0.9028500650703348, 0.9089276714284461, 0.9076201238915319, 0.9066339305976463, 0.9074813468081006, 0.9081314321490911, 0.9063610678947089, 0.9068285760761022, 0.9070623301667987, 0.9062660908874437, 0.9060761368729131, 0.90560862869152, 0.9040626355999839, 0.9031370021650481, 0.905416668604072],