{"training_acc": 0.5492468167350467, "validation_acc": 0.5157619490625063, "classes": ["aerobe", "anaerobe", "facultative"], "confusion_matrix": [176, 73, 90, 32, 152, 59, 25, 21, 31], "f1_score": 0.5739889905376976, "training_losses": [0.6154078841209412, 0.6073930859565735, 0.6015378832817078, 0.5969529747962952, 0.5932629704475403, 0.5902315974235535, 0.5877032279968262, 0.5855823755264282, 0.5837607383728027, 0.582252025604248, 0.5809814929962158, 0.579879105091095, 0.5789330005645752, 0.5781132578849792, 0.5774253606796265, 0.576811671257019, 0.5762768983840942, 0.5758287310600281, 0.5754522085189819, 0.575126051902771, 0.5748586654663086, 0.5746417045593262, 0.5744589567184448, 0.5743023157119751, 0.5741630792617798, 0.5740247368812561, 0.5739171504974365, 0.5738198161125183, 0.5737505555152893, 0.5736798048019409, 0.5736190676689148, 0.5735658407211304, 0.5735257267951965, 0.5735039114952087, 0.5734854936599731, 0.5734774470329285, 0.5734756588935852, 0.5734819769859314, 0.5734891295433044, 0.5735039114952087, 0.5735146403312683, 0.5735347270965576, 0.5735577940940857, 0.573582649230957, 0.573611319065094, 0.5736428499221802, 0.5736743807792664, 0.5737054347991943, 0.573737382888794, 0.5737720727920532, 0.5738088488578796, 0.5738447904586792, 0.5738823413848877, 0.5739179849624634, 0.5739551782608032, 0.5739923715591431, 0.5740290880203247, 0.5740636587142944, 0.5740998983383179, 0.5741338133811951, 0.574167788028717, 0.5742013454437256, 0.5742342472076416, 0.574268639087677, 0.5743003487586975, 0.5743322968482971, 0.5743627548217773, 0.5743941068649292, 0.5744260549545288, 0.5744561553001404, 0.5744860172271729, 0.5745156407356262, 0.5745464563369751, 0.5745765566825867, 0.5746055841445923, 0.5746325850486755, 0.5746608972549438, 0.5746884346008301, 0.5747177600860596, 0.5747433304786682, 0.5747705698013306, 0.5747976303100586, 0.5748230218887329, 0.574848473072052, 0.5748721957206726, 0.5748966932296753, 0.5749210119247437, 0.5749428868293762, 0.5749658346176147, 0.574988067150116, 0.5750089883804321, 0.5750295519828796, 0.5750472545623779, 0.5750676393508911, 0.5750868916511536, 0.575107991695404, 0.5751256346702576, 0.5751456022262573, 0.5751627683639526, 0.575182318687439], "validation_losses": [0.1963767260313034, 0.1953762173652649, 0.19388815760612488, 0.19265083968639374, 0.19164682924747467, 0.19081513583660126, 0.19010432064533234, 0.18950079381465912, 0.1889793872833252, 0.1885499358177185, 0.1881769597530365, 0.18785429000854492, 0.18757091462612152, 0.1873224377632141, 0.18711504340171814, 0.18693189322948456, 0.18676826357841492, 0.18662454187870026, 0.1864946335554123, 0.18637926876544952, 0.18627972900867462, 0.1861957162618637, 0.1861293613910675, 0.18606610596179962, 0.18601083755493164, 0.18595664203166962, 0.18590112030506134, 0.18585142493247986, 0.1858060508966446, 0.18577264249324799, 0.18573936820030212, 0.18570180237293243, 0.18567369878292084, 0.18564270436763763, 0.1856229305267334, 0.18559695780277252, 0.18557725846767426, 0.1855594515800476, 0.18554575741291046, 0.18552915751934052, 0.18551917374134064, 0.18550385534763336, 0.18549352884292603, 0.18548612296581268, 0.18547609448432922, 0.18546730279922485, 0.18546053767204285, 0.18545709550380707, 0.18544930219650269, 0.18544219434261322, 0.18543685972690582, 0.18543395400047302, 0.18542854487895966, 0.18542498350143433, 0.18541960418224335, 0.1854165643453598, 0.1854156106710434, 0.18541286885738373, 0.18540999293327332, 0.1854080855846405, 0.1854064017534256, 0.185405433177948, 0.18540549278259277, 0.18540091812610626, 0.18539877235889435, 0.18539705872535706, 0.18539661169052124, 0.18539634346961975, 0.18539273738861084, 0.18539279699325562, 0.18539230525493622, 0.18539243936538696, 0.18539227545261383, 0.18539312481880188, 0.18539297580718994, 0.1853942722082138, 0.1853952258825302, 0.18539831042289734, 0.18539959192276, 0.18539953231811523, 0.18540047109127045, 0.1853981465101242, 0.18539921939373016, 0.18540030717849731, 0.18540161848068237, 0.18540270626544952, 0.18540236353874207, 0.18540599942207336, 0.18540780246257782, 0.1854093223810196, 0.1854141503572464, 0.18541519343852997, 0.18541841208934784, 0.1854190230369568, 0.18542273342609406, 0.18542642891407013, 0.18543128669261932, 0.18543174862861633, 0.18543560802936554, 0.18543416261672974], "training_accs": [0.4688979166094029, 0.4866532290191112, 0.5062962315199239, 0.5142979830717267, 0.5272780841428795, 0.5309348117335392, 0.5366980115314761, 0.5430143135902209, 0.5424815540859526, 0.5446083690497695, 0.5458095505786505, 0.549584712496202, 0.5510290310436302, 0.5507002999456683, 0.550829694101249, 0.5519452815507154, 0.5521790356414119, 0.5524127897321085, 0.5529705834568417, 0.5535283771815748, 0.5535283771815748, 0.5529705834568417, 0.5518941046196161, 0.5521278587103127, 0.551470396514389, 0.5520281902391221, 0.5522572528658934, 0.5527247610472866, 0.5527247610472866, 0.552067298851363, 0.5530926007574892, 0.5530926007574892, 0.5536503944822224, 0.5536503944822224, 0.5538794571089937, 0.5534557490037666, 0.5522404930831096, 0.5515830308871859, 0.5514880538799206, 0.5519555620613138, 0.5519555620613138, 0.5519555620613138, 0.5516268309633519, 0.5516268309633519, 0.5516268309633519, 0.5516268309633519, 0.55129809986539, 0.5521846246880852, 0.5521846246880852, 0.5524183787787816, 0.5526521328694782, 0.5517656080467832, 0.5517656080467832, 0.5511128373147848, 0.5513465914054814, 0.551580345496178, 0.5506938206734829, 0.5494785647528261, 0.5503650895755211, 0.5503650895755211, 0.5503650895755211, 0.5505988436662176, 0.5508325977569142, 0.5510663518476108, 0.5510663518476108, 0.5509713748403455, 0.5503186041083471, 0.5503186041083471, 0.5503186041083471, 0.5505523581990437, 0.5505523581990437, 0.5505523581990437, 0.5505523581990437, 0.5502236271010819, 0.5493371022783867, 0.5493371022783867, 0.5493371022783867, 0.5493371022783867, 0.5493371022783867, 0.5498995874670451, 0.5498995874670451, 0.5490130626443501, 0.5490130626443501, 0.5490130626443501, 0.5490130626443501, 0.5490130626443501, 0.5490130626443501, 0.5490130626443501, 0.5490130626443501, 0.5492468167350467, 0.5492468167350467, 0.5492468167350467, 0.5492468167350467, 0.5492468167350467, 0.5492468167350467, 0.5492468167350467, 0.5492468167350467, 0.5492468167350467, 0.5492468167350467, 0.5492468167350467],