{"n_classes": 3, "train_acc": 0.9265796222283229, "val_acc": 0.850888839492229, "test_acc": 0.842493937752051, "confusion_matrix": [281, 8, 24, 8, 182, 8, 15, 7, 54], "val_accs": [0.7298016056584542, 0.7670129773035699, 0.7844943884726886, 0.8055069932987423, 0.7946988038665569, 0.7990497150680506, 0.8033999587471138, 0.8283696365407117, 0.8263887637284332, 0.7974947215663813, 0.8204050926621261, 0.8406830890535, 0.8393917669118477, 0.8219096882202983, 0.8295294567635709, 0.8249672747128485, 0.8057216017601232, 0.8322442704880991, 0.8374135641892906, 0.8328009841950714, 0.8351730251515775, 0.8405515871347067, 0.8186388283112281, 0.8241502272580113, 0.8170007282669717, 0.8096760046379458, 0.8277645274575338, 0.8303491743081297, 0.8225952337563424, 0.8374940006421566, 0.8479614198736113, 0.8290558495991861, 0.8471443724187742, 0.8312970561593295, 0.8263403683522276, 0.8377576720021734, 0.8376255025609498, 0.8439539489625701, 0.8161359529583593, 0.8319832692178039, 0.8334060932782493, 0.8374142317117211, 0.8436111761945481, 0.8346994179871929, 0.8193263764145634, 0.8225972363236336, 0.827421754689512, 0.822596568801203, 0.850888839492229, 0.8288459137948183, 0.8119178787205197, 0.8285815749123709, 0.8066708186561838, 0.8330639880326579, 0.8332752588818866, 0.8351730251515775, 0.8366749506200281, 0.828238802144349, 0.8087791882526733, 0.823203012929242, 0.830822113950084, 0.8283703040631423, 0.8402101494115456, 0.8308227814725143, 0.839392434434278, 0.8343559776967405, 0.826261934466653, 0.8457202133134679, 0.8359914076512757, 0.8447716639398376, 0.8220425251839525, 0.8356486348832538, 0.801504195044714, 0.8314298931229837, 0.8308227814725143, 0.8325890458234122, 0.8415021390756282, 0.8272104838402833, 0.8270789819214901, 0.8421870170892417, 0.81136517014813, 0.8185093289597264, 0.8406844240983607, 0.832457543904619, 0.8238074544899895, 0.8319832692178039, 0.82974139513523, 0.8170851698544199, 0.8389174922250325, 0.8181665561917044, 0.8337502010911321, 0.8431369015077329, 0.8291880190404098, 0.8353849635232368, 0.8127355936977873, 0.8182993931553585, 0.8162681223995829, 0.8278966968987577, 0.828845246272388, 0.8185093289597264], "train_accs": [0.716802554841575, 0.7820795950471747, 0.8078384443591206, 0.8287654860180984, 0.8320810591174469, 0.8469191203438117, 0.836295270454257, 0.850630459819336, 0.8469097081361783, 0.8589767830531506, 0.8645752686316918, 0.8695448959325561, 0.8693745688840022, 0.8746466714228712, 0.874652681977405, 0.8784953570337365, 0.8690256176249561, 0.8799455931018936, 0.8903402797166972, 0.8799239719076303, 0.8995132321479771, 0.8929849405136104, 0.8890863772286041, 0.8871490311574165, 0.8704277723117627, 0.8795493364111039, 0.9038452671557073, 0.9059745614697121, 0.8986043690942388, 0.9109910038877062, 0.9029492546217384, 0.916048250868296, 0.910060536441763, 0.9060819892488516, 0.9021354591419839, 0.9085719336369404, 0.9210234152111387, 0.9220323925662255, 0.8961797618014948, 0.9209320715842839, 0.9241433161205409, 0.9065195240147926, 0.9214838572925417, 0.9268664868265981, 0.924890622800219, 0.9278915483339697, 0.9216096558313706, 0.9245099767491588, 0.9265796222283229, 0.9264453753090299, 0.9160627098032937, 0.9303221661812474, 0.9270023589631778, 0.9250473035224186, 0.9315222791705079, 0.9246313899507408, 0.9235882799777095, 0.9304143224167457, 0.9241080485999235, 0.9377260008600515, 0.9289741599463398, 0.9273176679188936, 0.9343460544925275, 0.9368488325983272, 0.9400332579944308, 0.9315731573308549, 0.940357827939254, 0.9408502871067007, 0.9364561654381994, 0.9370199722555247, 0.9299872003446438, 0.943278957442662, 0.9387642351812221, 0.9365491342823411, 0.9318408385607974, 0.9461355624593687, 0.9359765399884638, 0.940090959317955, 0.9383398732290802, 0.935034847240038, 0.9366396653005524, 0.9454579782122821, 0.9386075544590226, 0.9416905626305204, 0.9271044375779014, 0.9418231843325264, 0.924036361853957, 0.9369201802482058, 0.9455485092304934, 0.9441167951405515, 0.9400392685489646, 0.9462421776298647, 0.9432781448340185, 0.9412738364501991, 0.9431299124922831, 0.9344975372688368, 0.9352989557413771, 0.9350236387396141, 0.9442442188966672, 0.9419530459145727], "val_losses": [0.12903672456741333, 0.10329115390777588, 0.0965874120593071, 0.09630053490400314, 0.09020787477493286, 0.08531064540147781, 0.0797649398446083, 0.08423048257827759, 0.0886845514178276, 0.09453722089529037, 0.08062694221735, 0.08420106023550034, 0.08334161341190338, 0.08148381859064102, 0.08509159833192825, 0.08300655335187912, 0.07671313732862473, 0.08150853961706161, 0.07536927610635757, 0.08282182365655899, 0.07484782487154007, 0.07942961156368256, 0.0800069272518158, 0.07870175689458847, 0.08655243366956711, 0.08982744067907333, 0.0780210942029953, 0.0755397379398346, 0.08715206384658813, 0.07967317849397659, 0.070346899330616, 0.08064627647399902, 0.06868736445903778, 0.07216920703649521, 0.08948948234319687, 0.0695386603474617, 0.07520788908004761, 0.07603046298027039, 0.08781939744949341, 0.08349861204624176, 0.07462799549102783, 0.06910225003957748, 0.07625118643045425, 0.07081961631774902, 0.07457266002893448, 0.0783759132027626, 0.07281610369682312, 0.07901063561439514, 0.0680265724658966, 0.0667940229177475, 0.08639510720968246, 0.0807277262210846, 0.07042873650789261, 0.06894063949584961, 0.07714608311653137, 0.0716342031955719, 0.0834280326962471, 0.07534606754779816, 0.0746520385146141, 0.07149561494588852, 0.0746748149394989, 0.0707089826464653, 0.07222773879766464, 0.07502289116382599, 0.07171788066625595, 0.0688246339559555, 0.06872086971998215, 0.07298023998737335, 0.07173822075128555, 0.0755213126540184, 0.06552264839410782, 0.07079438120126724, 0.06938602030277252, 0.06562679260969162, 0.07444892823696136, 0.07276098430156708, 0.07014282792806625, 0.06526917964220047, 0.06833994388580322, 0.08196251094341278, 0.06833228468894958, 0.07426127046346664, 0.07050766050815582, 0.07742851227521896, 0.07431027293205261, 0.07619579881429672, 0.09054117649793625, 0.07851581275463104, 0.0733712688088417, 0.06974323093891144, 0.07489018887281418, 0.07326696813106537, 0.07296350598335266, 0.0763629898428917, 0.07897531986236572, 0.06425482779741287, 0.08322252333164215, 0.07052700966596603, 0.06870586425065994, 0.07509197294712067],