{"training_acc": 0.773679310926306, "validation_acc": 0.7607944091064379, "classes": ["aerobe", "anaerobe", "facultative"], "confusion_matrix": [250, 39, 50, 23, 205, 15, 19, 4, 54], "f1_score": 0.7799123386751868, "training_losses": [0.5644094944000244, 0.5279799699783325, 0.5055887699127197, 0.4907533824443817, 0.480110764503479, 0.470628023147583, 0.4622613489627838, 0.4548267424106598, 0.4486141502857208, 0.4432765543460846, 0.44130778312683105, 0.4336696267127991, 0.4289409816265106, 0.4247874617576599, 0.4208277463912964, 0.4174237549304962, 0.41378164291381836, 0.41055938601493835, 0.40755221247673035, 0.40475350618362427, 0.4021150469779968, 0.39968258142471313, 0.39731526374816895, 0.39510205388069153, 0.39343973994255066, 0.3909291923046112, 0.38905254006385803, 0.39468926191329956, 0.3900202512741089, 0.38687220215797424, 0.38464370369911194, 0.3830212652683258, 0.3816174268722534, 0.38026461005210876, 0.37941089272499084, 0.3770257830619812, 0.3758925795555115, 0.37443920969963074, 0.3739296495914459, 0.3720656931400299, 0.3703526556491852, 0.3694785535335541, 0.36848506331443787, 0.367538183927536, 0.3666156530380249, 0.3667445182800293, 0.3650326728820801, 0.3641246557235718, 0.3634452819824219, 0.36270368099212646, 0.3620125651359558, 0.36378976702690125, 0.36136043071746826, 0.36052000522613525, 0.3598164916038513, 0.35935232043266296, 0.35942715406417847, 0.35767120122909546, 0.35755455493927, 0.35651490092277527, 0.3638845384120941, 0.35894447565078735, 0.35734039545059204, 0.35663902759552, 0.35558339953422546, 0.3550720810890198, 0.3545752167701721, 0.354272723197937, 0.3537202477455139, 0.3533938527107239, 0.35295525193214417, 0.35279884934425354, 0.35207080841064453, 0.351504921913147, 0.35137659311294556, 0.3508707880973816, 0.35007232427597046, 0.3514064848423004, 0.3493480086326599, 0.3489556908607483, 0.3486286401748657, 0.34828248620033264, 0.34758460521698, 0.3489546477794647, 0.3470049202442169, 0.34670883417129517, 0.34638383984565735, 0.34607523679733276, 0.3458106517791748, 0.34554943442344666, 0.34537389874458313, 0.3458157181739807, 0.34512174129486084, 0.34453096985816956, 0.34434497356414795, 0.35055768489837646, 0.34672051668167114, 0.34596025943756104, 0.34529638290405273, 0.34416449069976807], "validation_losses": [0.18365125358104706, 0.1740642488002777, 0.16832754015922546, 0.1642046868801117, 0.16157595813274384, 0.15838313102722168, 0.15587706863880157, 0.153860941529274, 0.15175950527191162, 0.14959318935871124, 0.14972569048404694, 0.14670522511005402, 0.14501062035560608, 0.1439533829689026, 0.14266495406627655, 0.14074096083641052, 0.14016875624656677, 0.13848814368247986, 0.13801969587802887, 0.13638967275619507, 0.13589349389076233, 0.13504236936569214, 0.133760005235672, 0.1331123411655426, 0.13229086995124817, 0.13177122175693512, 0.131069153547287, 0.1303415447473526, 0.13093358278274536, 0.12958207726478577, 0.12930695712566376, 0.12869898974895477, 0.12812428176403046, 0.12761202454566956, 0.12728966772556305, 0.12709684669971466, 0.12665878236293793, 0.1263536810874939, 0.12585993111133575, 0.12566110491752625, 0.12515117228031158, 0.12535147368907928, 0.1247357502579689, 0.12434831261634827, 0.1240721046924591, 0.12395883351564407, 0.12409821152687073, 0.1236303374171257, 0.12342679500579834, 0.12321198731660843, 0.12299726903438568, 0.12316394597291946, 0.1227261871099472, 0.12280837446451187, 0.12211421877145767, 0.12216734141111374, 0.12260215729475021, 0.12208482623100281, 0.12186387926340103, 0.12158043682575226, 0.12097468972206116, 0.12288239598274231, 0.12161704152822495, 0.1213480681180954, 0.12133315205574036, 0.12109945714473724, 0.12109865993261337, 0.1208348199725151, 0.1206297054886818, 0.12061328440904617, 0.12043103575706482, 0.12015395611524582, 0.12043971568346024, 0.12019431591033936, 0.12006209790706635, 0.11966001242399216, 0.11996360123157501, 0.12025629729032516, 0.11984344571828842, 0.1197696253657341, 0.119717538356781, 0.11962153017520905, 0.11948985606431961, 0.12012682110071182, 0.12029994279146194, 0.11965491622686386, 0.11904660612344742, 0.11911019682884216, 0.11903844028711319, 0.11899466067552567, 0.11894913762807846, 0.11871282756328583, 0.11883574724197388, 0.11870890110731125, 0.11867791414260864, 0.11800636351108551, 0.11856451630592346, 0.118511863052845, 0.11878412216901779, 0.11925380676984787], "training_accs": [0.588700562615433, 0.619202877011983, 0.629804363216497, 0.6364264004352863, 0.639926661367353, 0.6394133148272464, 0.6458553958581862, 0.6530930690600204, 0.659353284787359, 0.6667830150338068, 0.6676593481154893, 0.6757963910624091, 0.682807104667555, 0.6839394844377109, 0.687212041707463, 0.6925330997593848, 0.696182976624356, 0.6996441936917176, 0.7041805953793837, 0.7062775877016447, 0.7098857675205329, 0.7131098332501938, 0.7164282288786593, 0.7186263455937335, 0.7197951160472164, 0.7213378088489141, 0.7237211881145932, 0.7224512932682973, 0.7236234609687844, 0.7276404656879619, 0.7314263694978207, 0.7320859347238274, 0.7348424922720952, 0.7351705762615967, 0.7364336766138843, 0.7373694370422968, 0.7387234700463851, 0.7394247323184748, 0.7412947650440476, 0.7404540785800658, 0.7431197034765331, 0.7419509330230502, 0.7439152956474276, 0.7462986749131068, 0.7488673167293913, 0.747565916578025, 0.7510620361974611, 0.7525103991003541, 0.7541508190478607, 0.7547126571280586, 0.7558363332884545, 0.7596556515191354, 0.7556969090965625, 0.7578006959128318, 0.7578006959128318, 0.7573331877314385, 0.7606023477541868, 0.7581287799023331, 0.7594369745477079, 0.7618203538133873, 0.7539129236445336, 0.7607289270236882, 0.7604110347751994, 0.7619078892181838, 0.7649440392158614, 0.7658790555786478, 0.7658790555786478, 0.7649925307559527, 0.7663465637600408, 0.7670478260321306, 0.7661613012094356, 0.7665803178507374, 0.7686814514856288, 0.7688208756775207, 0.7690546297682173, 0.769755892040307, 0.7692432895658268, 0.7708788241350765, 0.7695747708023322, 0.770133211635526, 0.7699937874436341, 0.7695747708023322, 0.7693410167116356, 0.7676111522435812, 0.7717660930233978, 0.7715781772914146, 0.7721885069117039, 0.7714872446396143, 0.7727503449919019, 0.7717209987303107, 0.7716300660785101, 0.7723737694623093, 0.7732602942850043, 0.773961556557094, 0.7737278024663974, 0.7675119369665196, 0.7726533619117192, 0.7729739073415859, 0.774003253603177, 0.773679310926306],