{"n_classes": 3, "train_acc": 1.0, "val_acc": 0.8127893292534362, "test_acc": 0.7880527431141185, "confusion_matrix": [285, 10, 18, 9, 181, 8, 25, 10, 41], "val_accs": null, "train_accs": null, "val_losses": null, "train_losses": null}