{"training_acc": 0.8104618507614769, "validation_acc": 0.7828036100733576, "classes": ["aerobe", "anaerobe", "facultative"], "confusion_matrix": [242, 23, 74, 18, 211, 14, 12, 6, 59], "f1_score": 0.7912137843451618, "training_losses": [0.5401417016983032, 0.5036270618438721, 0.48258066177368164, 0.4680596590042114, 0.4564363360404968, 0.4465041160583496, 0.43777239322662354, 0.42974138259887695, 0.4223538935184479, 0.4154704213142395, 0.4089914858341217, 0.40308037400245667, 0.3976828157901764, 0.3926648795604706, 0.38805055618286133, 0.3838125467300415, 0.37987443804740906, 0.37631848454475403, 0.37295016646385193, 0.3699134290218353, 0.36699122190475464, 0.36430370807647705, 0.36175569891929626, 0.35944053530693054, 0.3572458028793335, 0.355194628238678, 0.35319527983665466, 0.3513457775115967, 0.349544495344162, 0.347899854183197, 0.3463256359100342, 0.34470951557159424, 0.34328290820121765, 0.34195470809936523, 0.34052956104278564, 0.33930811285972595, 0.33821722865104675, 0.3370263874530792, 0.33593469858169556, 0.33486998081207275, 0.33391276001930237, 0.3328922390937805, 0.3320104777812958, 0.3310494124889374, 0.33023884892463684, 0.3293822109699249, 0.32861530780792236, 0.32784783840179443, 0.32707449793815613, 0.32643648982048035, 0.3257721960544586, 0.32507017254829407, 0.32455334067344666, 0.3238198757171631, 0.3232382833957672, 0.32261574268341064, 0.3221372365951538, 0.32158344984054565, 0.32109811902046204, 0.3205099403858185, 0.32009655237197876, 0.3195720613002777, 0.31913596391677856, 0.31869468092918396, 0.318282812833786, 0.31784918904304504, 0.3173521161079407, 0.31699085235595703, 0.31660032272338867, 0.3161628544330597, 0.315753698348999, 0.31556233763694763, 0.3150905966758728, 0.3147238492965698, 0.3143586218357086, 0.31402984261512756, 0.3137821853160858, 0.3133544921875, 0.3130807876586914, 0.3126182556152344, 0.31246334314346313, 0.3121810555458069, 0.3119770586490631, 0.31163325905799866, 0.31144818663597107, 0.31120994687080383, 0.3109056353569031, 0.3106387257575989, 0.31041982769966125, 0.31022363901138306, 0.3098854124546051, 0.3096621632575989, 0.3094820976257324, 0.3092046082019806, 0.3090032637119293, 0.3089064061641693, 0.3086211681365967, 0.3084111511707306, 0.3080214560031891, 0.3079470992088318], "validation_losses": [0.17245487868785858, 0.16267256438732147, 0.15715399384498596, 0.15308524668216705, 0.14970123767852783, 0.14679084718227386, 0.1441941112279892, 0.14179711043834686, 0.1395905762910843, 0.13758216798305511, 0.13568243384361267, 0.1339845210313797, 0.13247504830360413, 0.13107727468013763, 0.12981712818145752, 0.12874482572078705, 0.12767858803272247, 0.12676678597927094, 0.12591372430324554, 0.1251392513513565, 0.12442833185195923, 0.12377723306417465, 0.1231948509812355, 0.12264271080493927, 0.12216436117887497, 0.12167668342590332, 0.12125866115093231, 0.12079448997974396, 0.12037010490894318, 0.11997798085212708, 0.11969082802534103, 0.11927008628845215, 0.1190127357840538, 0.11873824894428253, 0.11843860894441605, 0.11820806562900543, 0.11800161749124527, 0.11774948984384537, 0.11753968894481659, 0.1173597201704979, 0.11719789355993271, 0.11698020249605179, 0.11683528125286102, 0.11663135886192322, 0.11647553741931915, 0.11635078489780426, 0.11619783937931061, 0.11606365442276001, 0.11593954265117645, 0.11580619215965271, 0.11566510796546936, 0.11554424464702606, 0.11546467244625092, 0.11539073288440704, 0.11525882035493851, 0.11515579372644424, 0.11507468670606613, 0.11501462012529373, 0.11497770994901657, 0.11481127887964249, 0.11478695273399353, 0.11467499285936356, 0.11463886499404907, 0.11457029730081558, 0.11450029164552689, 0.11444880813360214, 0.11431583762168884, 0.11424757540225983, 0.11419457197189331, 0.11410967260599136, 0.11407115310430527, 0.11402380466461182, 0.11394096910953522, 0.11387664079666138, 0.11382485181093216, 0.11374025046825409, 0.1137489378452301, 0.11361903697252274, 0.11359025537967682, 0.11345953494310379, 0.1134854257106781, 0.11340467631816864, 0.11343110352754593, 0.11326577514410019, 0.11333629488945007, 0.11327014118432999, 0.11323098838329315, 0.11316776275634766, 0.11314240097999573, 0.11312251538038254, 0.11304126679897308, 0.11303345859050751, 0.112960085272789, 0.11290916055440903, 0.11290503293275833, 0.11287602037191391, 0.1128293052315712, 0.11278612911701202, 0.11264964193105698, 0.11264999210834503], "training_accs": [0.5997967715704486, 0.6166499078648476, 0.6303370711621848, 0.6495838350232316, 0.6553865726054882, 0.668741640095765, 0.6793933330417906, 0.691644202083369, 0.7032914712511308, 0.7100245337322487, 0.7171766128546682, 0.7212918948709492, 0.7253168913438905, 0.7312490230817278, 0.7332996268939805, 0.7345586828908034, 0.7390976730123118, 0.7429260179338799, 0.7451247817574144, 0.745268250304771, 0.7457357584861642, 0.7462032666675574, 0.7482100704036441, 0.7511518905025171, 0.7532118772426203, 0.7528831461446585, 0.7540984020653153, 0.7553136579859722, 0.7570867076313622, 0.7602622818209319, 0.7607250985383999, 0.762079131542488, 0.7640859352785747, 0.7645534434599678, 0.7661877160219266, 0.7692245131280648, 0.7708123002228496, 0.7716988250455447, 0.772633841408331, 0.7734300806876862, 0.7760896551557712, 0.779869508537248, 0.7809897874506396, 0.7818763122733347, 0.783325322284688, 0.7844502926620049, 0.7855705715753967, 0.7858993026733585, 0.7858043256660933, 0.7883736145908383, 0.7907091494248869, 0.7931349698022755, 0.7967295606331467, 0.7967295606331467, 0.7969633147238434, 0.7978498395465384, 0.7983173477279316, 0.7994376266413233, 0.7996713807320198, 0.7996713807320198, 0.7996713807320198, 0.7995764037247546, 0.8000439119061477, 0.800511420087541, 0.8008839512616688, 0.8011177053523654, 0.8022379842657571, 0.8024717383564536, 0.8032194860957174, 0.803453240186414, 0.8036869942771104, 0.8045735190998057, 0.8052747813718953, 0.8048557647305934, 0.8055085354625918, 0.805976043643985, 0.805976043643985, 0.8065385288326435, 0.8070060370140366, 0.8070060370140366, 0.8078925618367316, 0.8083600700181249, 0.8086888011160868, 0.8091563092974798, 0.8095753259387818, 0.8100428341201749, 0.8098090800294783, 0.8098090800294783, 0.8098090800294783, 0.8098090800294783, 0.8098090800294783, 0.8095753259387818, 0.8093415718480852, 0.8098090800294783, 0.8095753259387818, 0.8093415718480852, 0.8095753259387818, 0.8104618507614769, 0.8107905818594388, 0.8104618507614769],