{"training_acc": 0.6568779411291592, "validation_acc": 0.6198659668640089, "classes": ["aerobe", "anaerobe", "facultative"], "confusion_matrix": [293, 36, 8, 53, 174, 9, 46, 19, 22], "f1_score": 0.7240828531469711, "n_iter": 1051, "converged": true, "C": 100, "penalty": "l2", "max_iter": 100000, "feature_type": "nt_3mer", "model_class": "logistic", "binary": 0}