{"training_acc": 0.9652688685568056, "validation_acc": 0.800696623138078, "classes": ["aerobe", "anaerobe", "facultative"], "confusion_matrix": [287, 8, 42, 11, 214, 11, 18, 13, 56], "f1_score": 0.8490884048350322, "training_losses": [0.44741377234458923, 0.23544998466968536, 0.20893938839435577, 0.25587987899780273, 0.2061532586812973, 0.1791115552186966, 0.19306530058383942, 0.1757771074771881, 0.1725175827741623, 0.22881121933460236, 0.17581379413604736, 0.19269968569278717, 0.14190803468227386, 0.14825189113616943, 0.17473289370536804, 0.1624404340982437, 0.13866004347801208, 0.13173051178455353, 0.14102552831172943, 0.14081159234046936, 0.1355482041835785, 0.14103709161281586, 0.1950763314962387, 0.14604949951171875, 0.16135133802890778, 0.1687368005514145, 0.10751792043447495, 0.15800726413726807, 0.1319122612476349, 0.1110815554857254, 0.21740466356277466, 0.07603521645069122, 0.10307137668132782, 0.1640521138906479, 0.18149423599243164, 0.2292335033416748, 0.25119683146476746, 0.1323980987071991, 0.09885507076978683, 0.09237534552812576, 0.1549120992422104, 0.11530203372240067, 0.13850891590118408, 0.17952238023281097, 0.1659470796585083, 0.12718598544597626, 0.09325432032346725, 0.11939434707164764, 0.05363599956035614, 0.08021514862775803, 0.07288480550050735, 0.0852539911866188, 0.053955793380737305, 0.048036128282547, 0.12455080449581146, 0.09617504477500916, 0.11819882690906525, 0.20644859969615936, 0.0709509626030922, 0.058729659765958786, 0.09532120823860168, 0.08002091199159622, 0.12287287414073944, 0.13225437700748444, 0.059493888169527054, 0.07013224810361862, 0.040663160383701324, 0.07813609391450882, 0.09561598300933838, 0.07920511066913605, 0.08654994517564774, 0.17296648025512695, 0.06568567454814911, 0.07846441119909286, 0.044058408588171005, 0.08671698719263077, 0.07056029886007309, 0.09499374777078629, 0.08493144810199738, 0.10034161806106567, 0.08174964040517807, 0.03988485410809517, 0.03506096825003624, 0.1158352717757225, 0.16634328663349152, 0.06018223240971565, 0.03759434446692467, 0.09243647754192352, 0.06500644236803055, 0.108402319252491, 0.09691842645406723, 0.04840504378080368, 0.07601672410964966, 0.04669838398694992, 0.06290766596794128, 0.04065202921628952, 0.05338132008910179, 0.057497285306453705, 0.03755800426006317, 0.06586174666881561], "validation_losses": [0.19681695103645325, 0.10125691443681717, 0.0808657705783844, 0.08527108281850815, 0.08344101160764694, 0.0852009654045105, 0.0760561153292656, 0.07687593251466751, 0.07460086047649384, 0.07603178918361664, 0.07676026225090027, 0.08133874833583832, 0.07690637558698654, 0.07936684787273407, 0.0811551883816719, 0.09802300482988358, 0.08539196848869324, 0.07807794213294983, 0.089368537068367, 0.08524640649557114, 0.08698397129774094, 0.09045105427503586, 0.10936141759157181, 0.09750743955373764, 0.09326385706663132, 0.09409457445144653, 0.07970694452524185, 0.10339184105396271, 0.09016291052103043, 0.08752861618995667, 0.14359541237354279, 0.07384409010410309, 0.0869908481836319, 0.11604219675064087, 0.12814579904079437, 0.12331319600343704, 0.12911348044872284, 0.09895756095647812, 0.08809814602136612, 0.08838734775781631, 0.1232030987739563, 0.09298820048570633, 0.12003644555807114, 0.12597306072711945, 0.11632029712200165, 0.10306677967309952, 0.07270883768796921, 0.09443319588899612, 0.06829692423343658, 0.08291356265544891, 0.0713491290807724, 0.07610378414392471, 0.07349629700183868, 0.07254353165626526, 0.10804891586303711, 0.0963529497385025, 0.10036808997392654, 0.09343888610601425, 0.07271412760019302, 0.07495180517435074, 0.07806030660867691, 0.08990104496479034, 0.11713253706693649, 0.11323939263820648, 0.07403047382831573, 0.08110596984624863, 0.07266653329133987, 0.08687721937894821, 0.09134144335985184, 0.08844243735074997, 0.08914761245250702, 0.1407034546136856, 0.0809943899512291, 0.07867524772882462, 0.07282090932130814, 0.08961019665002823, 0.07906283438205719, 0.09965076297521591, 0.08080903440713882, 0.10144183039665222, 0.07373292744159698, 0.0703311339020729, 0.06961388885974884, 0.09469488263130188, 0.08789533376693726, 0.07905147224664688, 0.0717451348900795, 0.10141530632972717, 0.08232029527425766, 0.1132996678352356, 0.09082131087779999, 0.08008554577827454, 0.08522201329469681, 0.08205369114875793, 0.08648829162120819, 0.07455559074878693, 0.08488446474075317, 0.0819859653711319, 0.07151317596435547, 0.08367068320512772], "training_accs": [0.6965688028713443, 0.8550724291020044, 0.870929396785633, 0.8350806226332922, 0.865241850850722, 0.8847986486354361, 0.8827583356640556, 0.8930884791488859, 0.8957337273492083, 0.8664418474195797, 0.8921358563965865, 0.8816838895157241, 0.912524663457587, 0.9053725238979059, 0.8899950760777697, 0.89256478574359, 0.918288213805062, 0.9185779125196255, 0.9085520382096434, 0.9069851961211771, 0.919127609602798, 0.9050553222702137, 0.8791401457371398, 0.9102927971629949, 0.8923152814022255, 0.8877187357748052, 0.9345368393517178, 0.8980230899352285, 0.9107264980430191, 0.9316781483739875, 0.8688608182736051, 0.9540512447108885, 0.9345246998828084, 0.9043350109763412, 0.894126923826574, 0.8532599261661827, 0.8387285544139153, 0.9172691712139928, 0.9354782618254557, 0.9466611504969503, 0.9075887863750234, 0.9291374142172436, 0.9191203692877615, 0.8908187515885156, 0.8910334718134809, 0.921590607172695, 0.9380608550021429, 0.919594768209687, 0.9707405221373726, 0.9535330105043696, 0.9620428475958439, 0.9494411167555089, 0.9722983130576449, 0.9751421442598579, 0.9244423960925984, 0.942047595983646, 0.9275053622100268, 0.875884510543323, 0.9612979754831447, 0.9721764896616126, 0.936215698474728, 0.950222738097921, 0.9317492158420384, 0.9207445800468036, 0.9643532843494519, 0.9551430002116734, 0.9809364698182303, 0.9513997331765177, 0.9435163713596352, 0.9551115862769972, 0.9500440682855764, 0.8876914472151465, 0.9594585110935373, 0.9516274645332018, 0.9797099473172325, 0.947054724531314, 0.9580405405875068, 0.9437164647481141, 0.95047068311072, 0.9419573029918054, 0.9451026719109222, 0.9788991776200268, 0.9834949680541528, 0.9267943536089401, 0.8966298041517643, 0.9668868159817997, 0.9824260300465751, 0.9421165818688677, 0.9586171991244651, 0.9376987060537921, 0.9358130732721702, 0.9776274748593395, 0.9568455484907007, 0.9774841114176577, 0.9662315981371622, 0.9791234824187859, 0.9695148712991845, 0.9642444720851385, 0.9835272536516387, 0.9652688685568056],