{"n_classes": 3, "train_acc": 0.9072627676512536, "val_acc": 0.830822113950084, "test_acc": 0.7837129209249607, "confusion_matrix": [260, 12, 41, 11, 176, 11, 19, 9, 48], "val_accs": [0.6366214820733515, 0.6694759348150997, 0.7032809394977694, 0.749398729170797, 0.764428330452974, 0.7778231693030465, 0.7503479460668577, 0.7508235557985335, 0.7679615266772002, 0.7640862252073825, 0.7729979834147377, 0.7684364688864457, 0.7836766734954211, 0.776400345242601, 0.7733420912276205, 0.7853121034499561, 0.7832023988086059, 0.7721796009150398, 0.7814354669352777, 0.8117052728264301, 0.8061945414020775, 0.8159246821091305, 0.7804869175616473, 0.7895315127326565, 0.7956460181953265, 0.8044276095287493, 0.8098068390343086, 0.804558443925112, 0.7627949030657302, 0.8168732314827608, 0.8149761327355002, 0.8015021924774227, 0.8070129239017754, 0.8061938738796471, 0.7950402415897181, 0.8136841430714176, 0.7928010375968658, 0.8155812418186782, 0.8039540023643644, 0.8198006511013786, 0.815106967131863, 0.8118361072227929, 0.8133400352585346, 0.8155812418186782, 0.8079608057529754, 0.821223475161824, 0.8085155168926562, 0.8139464793865736, 0.8182960555432063, 0.8061938738796471, 0.809857904500236, 0.8154504074223153, 0.8159246821091305, 0.8064548751499423, 0.8129972624905127, 0.8123110494320386, 0.8241495597355809, 0.8127846565964233, 0.7987042722103069, 0.8167417295639675, 0.8128650930492892, 0.8017134633266515, 0.8142892521545955, 0.8058511011116251, 0.8091206259758343, 0.801632359351355, 0.8241508947804418, 0.8133407027809652, 0.7836773410178516, 0.8108875578491627, 0.8110197272903862, 0.80959556818508, 0.8209604713242377, 0.8253107150033009, 0.8219096882202983, 0.803953334841934, 0.801975132119377, 0.8113625000584083, 0.8123914858849043, 0.8180337192280502, 0.826603372189814, 0.8227267356751354, 0.8155805742962478, 0.8118361072227929, 0.813945811864143, 0.8296616262047944, 0.8287130768311641, 0.8235451181748333, 0.7929312044707982, 0.8175594445412351, 0.830822113950084, 0.8180343867504808, 0.8227274031975659, 0.8278953618538966, 0.8087778532078125, 0.8181652211468435, 0.7989175456268268, 0.8227274031975659, 0.8066688160888926, 0.8141577502358022], "train_accs": [0.6556920783900341, 0.6896802398735179, 0.7297679457019791, 0.7704799197912499, 0.7767405301956742, 0.7753512458856151, 0.7948062424046104, 0.7945578957615265, 0.7963834287163278, 0.7920198501351091, 0.8051672867160834, 0.8178968622140631, 0.8228351338190013, 0.8225903599045209, 0.8266170083357608, 0.8332762964548467, 0.8367836665784864, 0.8444386080203343, 0.8490708316586645, 0.8526266421167209, 0.8517879918101879, 0.8341425785101765, 0.8478239035522744, 0.8545917711552312, 0.848411144658712, 0.8701790865725907, 0.8555113523947798, 0.8667234072179412, 0.8606948882288123, 0.8678061700488371, 0.869709534720606, 0.8677500939425998, 0.8649279438378672, 0.8773909730085777, 0.870341777849324, 0.8740547425421351, 0.8642571827539579, 0.8813503368331563, 0.8693168675604781, 0.8846413773997558, 0.8868816722215036, 0.882352491025066, 0.8729844911349209, 0.8856763612863526, 0.8901481802553542, 0.8799771366753819, 0.8797118764693114, 0.8916184123004877, 0.8789405275714982, 0.8911010815042039, 0.8832220235149695, 0.8935510339383402, 0.8900023857395493, 0.8741984383280981, 0.8952023280198963, 0.8922330972781598, 0.8925713135493373, 0.8831197936817204, 0.892908243699316, 0.8967491056607982, 0.8897451004013873, 0.8907088878566315, 0.8912998529101982, 0.8993596506418257, 0.9020948424569504, 0.8976955228425588, 0.8990987925750603, 0.9025452109406024, 0.9016040085067903, 0.898807864933568, 0.9047162736443721, 0.9007192044732456, 0.9014817826965652, 0.9082901157660297, 0.9097671709743401, 0.9113583259064417, 0.9033654904874459, 0.9001714818082052, 0.8982429064115113, 0.9096096776434973, 0.9030365352053759, 0.9089821589481142, 0.9111844261292843, 0.9038030252533868, 0.9105681159343253, 0.9139797570938635, 0.9083975435451692, 0.9048625416727326, 0.8962181285381603, 0.9098989800677028, 0.9072627676512536, 0.905675998056399, 0.916921356086803, 0.9124903416803973, 0.9003240994871874, 0.8963335311852085, 0.9096690041843084, 0.9201309754057733, 0.9170679632112515, 0.9138290869261977], "val_losses": [0.15652644634246826, 0.13948208093643188, 0.12668675184249878, 0.12779541313648224, 0.11440914124250412, 0.10507115721702576, 0.11458670347929001, 0.107127845287323, 0.0990271046757698, 0.09854908287525177, 0.10069097578525543, 0.100394606590271, 0.09597453474998474, 0.09554672986268997, 0.09820033609867096, 0.09715753048658371, 0.09663152694702148, 0.1060497835278511, 0.10209786146879196, 0.09612135589122772, 0.09515976905822754, 0.09554503858089447, 0.10499975085258484, 0.09399128705263138, 0.09479393810033798, 0.09898492693901062, 0.1060105413198471, 0.09296044707298279, 0.0925443023443222, 0.08785394579172134, 0.09740559011697769, 0.09188805520534515, 0.09077519923448563, 0.09365129470825195, 0.09787938743829727, 0.09518738090991974, 0.09990039467811584, 0.0905633196234703, 0.09394250065088272, 0.08632399141788483, 0.0926659032702446, 0.08973290026187897, 0.09299783408641815, 0.08974850922822952, 0.08950895071029663, 0.08246013522148132, 0.10102459043264389, 0.0858578011393547, 0.0843825712800026, 0.09252553433179855, 0.08206570893526077, 0.09015105664730072, 0.08804652839899063, 0.09067093580961227, 0.08801396191120148, 0.08225907385349274, 0.0898619070649147, 0.08573795855045319, 0.08792947977781296, 0.09427881985902786, 0.09624229371547699, 0.09514310956001282, 0.08703088760375977, 0.08640459179878235, 0.09137120097875595, 0.08349933475255966, 0.08329756557941437, 0.09249848127365112, 0.08462900668382645, 0.08818846940994263, 0.08109591156244278, 0.08665581047534943, 0.08939121663570404, 0.08581086248159409, 0.08621490001678467, 0.09441427886486053, 0.09169699251651764, 0.0824749544262886, 0.09577134996652603, 0.09108683466911316, 0.08247334510087967, 0.0891098752617836, 0.08371394127607346, 0.08563506603240967, 0.08613809943199158, 0.08249599486589432, 0.0859188362956047, 0.08778830617666245, 0.0971129909157753, 0.08977945148944855, 0.0847722589969635, 0.08428297936916351, 0.08800946921110153, 0.0835212990641594, 0.09087806940078735, 0.08173631876707077, 0.08699162304401398, 0.08412794023752213, 0.08461174368858337, 0.08918198198080063],