{"training_acc": 0.4605023237952736, "validation_acc": 0.4513395729390486, "classes": ["aerobe", "anaerobe", "facultative"], "confusion_matrix": [180, 152, 7, 35, 200, 8, 26, 51, 0], "f1_score": 0.5476148549139273, "training_losses": [0.6285034418106079, 0.6240320205688477, 0.6224807500839233, 0.6213364601135254, 0.6200668215751648, 0.61934894323349, 0.618797242641449, 0.6183606386184692, 0.6180084943771362, 0.6177265644073486, 0.617499589920044, 0.6173151731491089, 0.6171655654907227, 0.6170415878295898, 0.6169396638870239, 0.6168574094772339, 0.6167939305305481, 0.6167410612106323, 0.6166971921920776, 0.6166625618934631, 0.6166309118270874, 0.6166032552719116, 0.6165809035301208, 0.6165652871131897, 0.6165549159049988, 0.6165490746498108, 0.6165493726730347, 0.6165545582771301, 0.6165646910667419, 0.6165797114372253, 0.6165978908538818, 0.6166167259216309, 0.6166368722915649, 0.616660475730896, 0.6166843771934509, 0.6167117953300476, 0.6167402267456055, 0.6167683601379395, 0.6167968511581421, 0.6168236136436462, 0.6168525218963623, 0.6168820858001709, 0.6169107556343079, 0.616939127445221, 0.6169672012329102, 0.6169953346252441, 0.6170218586921692, 0.6170474886894226, 0.6170732378959656, 0.6170997023582458, 0.6171252131462097, 0.6171509623527527, 0.6171762347221375, 0.6172008514404297, 0.6172245740890503, 0.6172486543655396, 0.6172704696655273, 0.6172916889190674, 0.6173120141029358, 0.6173322796821594, 0.6173510551452637, 0.6173694133758545, 0.617386519908905, 0.6174034476280212, 0.6174193620681763, 0.6174341440200806, 0.6174477338790894, 0.6174607872962952, 0.6174729466438293, 0.6174863576889038, 0.6174978017807007, 0.617509126663208, 0.6175203919410706, 0.6175305247306824, 0.6175398826599121, 0.6175487041473389, 0.6175592541694641, 0.6175668835639954, 0.6175729632377625, 0.6175798177719116, 0.6175862550735474, 0.6175942420959473, 0.6175990104675293, 0.6176044940948486, 0.6176078915596008, 0.6176113486289978, 0.6176169514656067, 0.6176223754882812, 0.617624819278717, 0.6176291704177856, 0.6176316738128662, 0.6176358461380005, 0.6176385283470154, 0.6176415681838989, 0.6176439523696899, 0.6176453828811646, 0.6176473498344421, 0.6176495552062988, 0.6176490187644958, 0.6176502108573914], "validation_losses": [0.2037118375301361, 0.20135344564914703, 0.20127400755882263, 0.2011273056268692, 0.20091396570205688, 0.20079456269741058, 0.20067615807056427, 0.2005552351474762, 0.20043382048606873, 0.20031945407390594, 0.2002173811197281, 0.2001224011182785, 0.20004013180732727, 0.19996371865272522, 0.1998922973871231, 0.19982129335403442, 0.19975583255290985, 0.19969405233860016, 0.19963210821151733, 0.1995861828327179, 0.19953739643096924, 0.1994854062795639, 0.1994401514530182, 0.1993921399116516, 0.1993519514799118, 0.19930733740329742, 0.1992637664079666, 0.19922110438346863, 0.1991797536611557, 0.19913968443870544, 0.19910402595996857, 0.1990702748298645, 0.1990356594324112, 0.1990029662847519, 0.19897346198558807, 0.19894598424434662, 0.19891881942749023, 0.19889365136623383, 0.19886672496795654, 0.19883981347084045, 0.19881774485111237, 0.1987942010164261, 0.19877173006534576, 0.19874875247478485, 0.19872958958148956, 0.1987103670835495, 0.19869308173656464, 0.19867277145385742, 0.19865185022354126, 0.19863228499889374, 0.1986164152622223, 0.1986003965139389, 0.1985839456319809, 0.19856929779052734, 0.1985560804605484, 0.1985464245080948, 0.19853535294532776, 0.1985216736793518, 0.19851063191890717, 0.19850222766399384, 0.19849048554897308, 0.19848109781742096, 0.1984720677137375, 0.198465496301651, 0.19845829904079437, 0.19844940304756165, 0.19844432175159454, 0.19843322038650513, 0.19843405485153198, 0.19842036068439484, 0.19843272864818573, 0.19841021299362183, 0.19840505719184875, 0.19840246438980103, 0.19839315116405487, 0.19838528335094452, 0.19838844239711761, 0.1983858197927475, 0.19839052855968475, 0.1983763426542282, 0.1983812004327774, 0.1983669102191925, 0.198364719748497, 0.19837148487567902, 0.19835758209228516, 0.19836679100990295, 0.1983414888381958, 0.19834446907043457, 0.1983456313610077, 0.19834183156490326, 0.1983460783958435, 0.19833150506019592, 0.19833680987358093, 0.1983332484960556, 0.19833001494407654, 0.19831904768943787, 0.19831648468971252, 0.19833865761756897, 0.19832515716552734, 0.1983361840248108], "training_accs": [0.4395571211740635, 0.45247199552370115, 0.4583969117830311, 0.46100948284227744, 0.4564423199151671, 0.46188390680820834, 0.4611581197414631, 0.4614726147429477, 0.4638882433793237, 0.46421632736882495, 0.4629039914108197, 0.46178371249742806, 0.4624398804764307, 0.46342413244493463, 0.46384654633324063, 0.4648307983017446, 0.46515888229124586, 0.46515888229124586, 0.46591277741605747, 0.46535773382986795, 0.4663419857983719, 0.4679824057458784, 0.46896665771438234, 0.46906438486019125, 0.46883402801649887, 0.46916211200600016, 0.4701463639745041, 0.47267670599170986, 0.4733328739707125, 0.474086769095524, 0.4753991050535293, 0.47516874820983684, 0.47493839136614446, 0.4747080345224521, 0.4718181032106745, 0.469912423867401, 0.469912423867401, 0.47243936863760255, 0.4731932637624141, 0.4735213477519154, 0.4715179412628329, 0.4718460252523342, 0.47007297560694417, 0.47007297560694417, 0.46951453477375044, 0.46806956911786163, 0.4648515538165829, 0.4650853079072794, 0.46419878308458434, 0.46354601235258586, 0.46345168245378116, 0.46312359846427986, 0.46223707364158484, 0.46223707364158484, 0.462704581822978, 0.46237649783347673, 0.46237649783347673, 0.462282167934672, 0.462282167934672, 0.462282167934672, 0.462282167934672, 0.46162599995566933, 0.4612979159661681, 0.4612979159661681, 0.46162599995566933, 0.46162599995566933, 0.46162599995566933, 0.46162599995566933, 0.4612979159661681, 0.4612979159661681, 0.4612979159661681, 0.4612979159661681, 0.4612979159661681, 0.4612979159661681, 0.4612979159661681, 0.4612979159661681, 0.4612979159661681, 0.4612979159661681, 0.4612979159661681, 0.4612979159661681, 0.4612979159661681, 0.4612979159661681, 0.4612979159661681, 0.4612979159661681, 0.4612979159661681, 0.4612979159661681, 0.4612979159661681, 0.4609698319766667, 0.4609698319766667, 0.4609698319766667, 0.4609698319766667, 0.4609698319766667, 0.4609698319766667, 0.4609698319766667, 0.46073607788597015, 0.46073607788597015, 0.46073607788597015, 0.4605023237952736, 0.4605023237952736, 0.4605023237952736],