{"training_acc": 0.7682041188264499, "validation_acc": 0.7207504418087188, "classes": ["aerobe", "anaerobe", "facultative"], "confusion_matrix": [238, 34, 65, 19, 189, 28, 11, 19, 57], "f1_score": 0.7479083605779951, "training_losses": [0.5629459023475647, 0.5294661521911621, 0.5101272463798523, 0.49670717120170593, 0.48638081550598145, 0.47804707288742065, 0.47092175483703613, 0.46466362476348877, 0.45918163657188416, 0.4541865885257721, 0.44955652952194214, 0.44533637166023254, 0.44137221574783325, 0.4376302659511566, 0.4342104196548462, 0.43104222416877747, 0.4280065596103668, 0.42504245042800903, 0.4223331809043884, 0.4197043776512146, 0.4172709584236145, 0.4150930345058441, 0.4128474295139313, 0.4107261598110199, 0.4088270366191864, 0.40683403611183167, 0.4050179421901703, 0.40324243903160095, 0.40166518092155457, 0.39996138215065, 0.398501455783844, 0.39694997668266296, 0.39547228813171387, 0.39409878849983215, 0.39280691742897034, 0.39153793454170227, 0.39032256603240967, 0.38914039731025696, 0.38806119561195374, 0.38704514503479004, 0.3859909176826477, 0.38498225808143616, 0.38402873277664185, 0.3831785321235657, 0.3823128640651703, 0.38142910599708557, 0.3805896043777466, 0.37982285022735596, 0.3790580928325653, 0.3784343898296356, 0.37758612632751465, 0.3769603669643402, 0.37636229395866394, 0.37568265199661255, 0.3750038743019104, 0.3743749260902405, 0.37383559346199036, 0.37334147095680237, 0.37277764081954956, 0.37222233414649963, 0.37176576256752014, 0.37115973234176636, 0.37067490816116333, 0.3702644407749176, 0.36983129382133484, 0.3692760765552521, 0.36886295676231384, 0.36839041113853455, 0.367972731590271, 0.3675325810909271, 0.36712193489074707, 0.3668529689311981, 0.3663950562477112, 0.36608314514160156, 0.3657209873199463, 0.36541298031806946, 0.36487099528312683, 0.364660382270813, 0.3643105924129486, 0.363928884267807, 0.36375072598457336, 0.363360196352005, 0.36303991079330444, 0.3627537488937378, 0.3624989092350006, 0.3621223270893097, 0.36185574531555176, 0.3615001440048218, 0.36121678352355957, 0.36096999049186707, 0.36074337363243103, 0.3604575991630554, 0.36006471514701843, 0.35984399914741516, 0.3595240116119385, 0.35944274067878723, 0.35922014713287354, 0.35899102687835693, 0.35863780975341797, 0.35862401127815247], "validation_losses": [0.18706807494163513, 0.1787324994802475, 0.17329275608062744, 0.16923321783542633, 0.1661299467086792, 0.16359154880046844, 0.16154679656028748, 0.1597757488489151, 0.15835218131542206, 0.1569492220878601, 0.15564197301864624, 0.1545020192861557, 0.15338987112045288, 0.1524442881345749, 0.15152034163475037, 0.1507018357515335, 0.14987489581108093, 0.14905846118927002, 0.14833499491214752, 0.14764143526554108, 0.14699634909629822, 0.14642195403575897, 0.14584171772003174, 0.14532038569450378, 0.1448536366224289, 0.14431427419185638, 0.1438441127538681, 0.14345328509807587, 0.14304350316524506, 0.14259454607963562, 0.14226576685905457, 0.14191284775733948, 0.14151231944561005, 0.141194149851799, 0.14090317487716675, 0.14056460559368134, 0.14028261601924896, 0.14000120759010315, 0.13976547122001648, 0.13950717449188232, 0.1392243504524231, 0.13901448249816895, 0.13881073892116547, 0.13857772946357727, 0.13837894797325134, 0.13820810616016388, 0.1380421221256256, 0.13785628974437714, 0.13770560920238495, 0.1375165432691574, 0.13737133145332336, 0.1372048258781433, 0.13711200654506683, 0.1370014250278473, 0.13679780066013336, 0.13669556379318237, 0.1365710198879242, 0.13653172552585602, 0.1363411396741867, 0.13626457750797272, 0.1361272931098938, 0.13603107631206512, 0.13591767847537994, 0.13591143488883972, 0.13578112423419952, 0.1356131136417389, 0.13556306064128876, 0.13544394075870514, 0.13537487387657166, 0.135298490524292, 0.1351768523454666, 0.13518594205379486, 0.13508909940719604, 0.13506558537483215, 0.1349685937166214, 0.13492648303508759, 0.13478682935237885, 0.13478673994541168, 0.13472004234790802, 0.13463568687438965, 0.13463009893894196, 0.1345037966966629, 0.13446499407291412, 0.13438253104686737, 0.13438674807548523, 0.13430076837539673, 0.13425076007843018, 0.13417626917362213, 0.13410070538520813, 0.13410517573356628, 0.1340242177248001, 0.1339826136827469, 0.13391247391700745, 0.13390807807445526, 0.13381871581077576, 0.13384725153446198, 0.13375768065452576, 0.13376526534557343, 0.1336389034986496, 0.13370360434055328], "training_accs": [0.5894237338609131, 0.6146255748868944, 0.6288947224102457, 0.6363857722343803, 0.6438055694575741, 0.6489104028523441, 0.6539251128163645, 0.6592044405132246, 0.665588868353165, 0.6699557001182866, 0.6778746916635766, 0.682625544815314, 0.6895168674933855, 0.695235307225175, 0.7020372673930536, 0.7052612573554766, 0.7063782887328879, 0.7077857482684263, 0.7083785358190111, 0.7127788785254552, 0.7146554912395064, 0.7151804959868896, 0.7182893130138326, 0.7189930427816017, 0.721573385263422, 0.7216292368322925, 0.7246521611467815, 0.7248867377360378, 0.7238891100124026, 0.7274928906431456, 0.729104885624357, 0.7327086662551, 0.735932656217523, 0.7370496875949343, 0.7409774073251265, 0.7414465605036393, 0.7434383461531707, 0.7450503411343822, 0.7449609786241892, 0.7457540709021514, 0.7452255963570288, 0.7475413211060097, 0.7483344133839717, 0.7461939438576377, 0.7474561893141126, 0.7483944956711381, 0.7477466174722395, 0.7493328020281638, 0.7500365317959329, 0.750531495399733, 0.750531495399733, 0.7522328528911375, 0.7519089137916882, 0.7521434903809445, 0.7517043783460151, 0.7521735315245278, 0.7526426847030404, 0.7528772612922969, 0.7538155676493226, 0.7542847208278353, 0.7555727767095974, 0.7558967158090467, 0.7567156185122962, 0.7567156185122962, 0.7579478228251878, 0.7584169760037006, 0.758651552592957, 0.758651552592957, 0.7583276134935076, 0.758651552592957, 0.7590013021176937, 0.7590013021176937, 0.7590013021176937, 0.7599095673311359, 0.7601441439203924, 0.7610524091338347, 0.7610524091338347, 0.76254500046127, 0.763338092739232, 0.7630141536397829, 0.7646261486209944, 0.7649500877204437, 0.7648607252102507, 0.7653298783887635, 0.7660035670129495, 0.7667072967807186, 0.766941873369975, 0.7667072967807186, 0.7667072967807186, 0.7671764499592314, 0.7671764499592314, 0.7671764499592314, 0.7674110265484878, 0.7678801797270006, 0.7676456031377441, 0.7678801797270006, 0.7681147563162569, 0.7678801797270006, 0.7681147563162569, 0.7682041188264499],