{"training_acc": 0.4889247409316219, "validation_acc": 0.4931941898419933, "classes": ["aerobe", "anaerobe", "facultative"], "confusion_matrix": [232, 105, 0, 51, 184, 1, 50, 36, 1], "f1_score": 0.5911354544982595, "training_losses": [0.6197881102561951, 0.6148543953895569, 0.6127795577049255, 0.6114125847816467, 0.6104141473770142, 0.609651505947113, 0.6090508699417114, 0.6085646152496338, 0.6081609725952148, 0.6078203916549683, 0.6075296998023987, 0.6072773933410645, 0.6070556640625, 0.6068592667579651, 0.606684148311615, 0.6065271496772766, 0.6063873171806335, 0.6062617897987366, 0.6061493158340454, 0.6060488820075989, 0.6059591174125671, 0.6058785319328308, 0.6058065295219421, 0.6057424545288086, 0.6056851744651794, 0.6056340932846069, 0.6055893898010254, 0.6055518388748169, 0.6055205464363098, 0.6054964065551758, 0.6054788827896118, 0.6054664850234985, 0.6054582595825195, 0.6054550409317017, 0.605454683303833, 0.60545814037323, 0.6054655313491821, 0.6054794788360596, 0.6054985523223877, 0.6055243015289307, 0.6055562496185303, 0.6055936217308044, 0.6056362986564636, 0.6056836247444153, 0.6057375073432922, 0.6057963967323303, 0.6058608293533325, 0.6059291362762451, 0.6059998273849487, 0.6060724258422852, 0.6061504483222961, 0.6062332987785339, 0.6063207387924194, 0.6064114570617676, 0.6065046191215515, 0.6065999269485474, 0.6066966652870178, 0.6067934036254883, 0.6068897247314453, 0.6069865822792053, 0.6070824265480042, 0.6071779727935791, 0.6072719097137451, 0.6073663234710693, 0.6074609160423279, 0.6075512170791626, 0.6076421141624451, 0.6077330708503723, 0.6078230142593384, 0.607912003993988, 0.6079986691474915, 0.6080842614173889, 0.6081691980361938, 0.6082545518875122, 0.6083390116691589, 0.6084198951721191, 0.6085007786750793, 0.6085797548294067, 0.6086583137512207, 0.6087360382080078, 0.6088123321533203, 0.6088878512382507, 0.6089603900909424, 0.6090317368507385, 0.6091030836105347, 0.6091704368591309, 0.6092378497123718, 0.6093062162399292, 0.6093701720237732, 0.6094355583190918, 0.6094987988471985, 0.6095616817474365, 0.609623372554779, 0.6096830368041992, 0.6097412705421448, 0.609798014163971, 0.6098543405532837, 0.6099094748497009, 0.6099648475646973, 0.6100208759307861], "validation_losses": [0.18491780757904053, 0.1836531013250351, 0.18326503038406372, 0.18307460844516754, 0.18297326564788818, 0.18292467296123505, 0.18291234970092773, 0.18292590975761414, 0.18295928835868835, 0.18300673365592957, 0.18306627869606018, 0.18313460052013397, 0.1832093447446823, 0.18329006433486938, 0.1833757609128952, 0.183464914560318, 0.18355681002140045, 0.1836509257555008, 0.18374717235565186, 0.1838439702987671, 0.18394190073013306, 0.18403995037078857, 0.184138685464859, 0.18423782289028168, 0.18433646857738495, 0.18443433940410614, 0.18453152477741241, 0.18462924659252167, 0.18472567200660706, 0.18482154607772827, 0.18491651117801666, 0.18501052260398865, 0.1851043403148651, 0.18519912660121918, 0.18529261648654938, 0.185386523604393, 0.1854782998561859, 0.18557009100914001, 0.18566113710403442, 0.18575000762939453, 0.18583890795707703, 0.18592676520347595, 0.18601258099079132, 0.18609961867332458, 0.18618391454219818, 0.18626634776592255, 0.18634986877441406, 0.18643222749233246, 0.1865137219429016, 0.18659339845180511, 0.1866728812456131, 0.18675148487091064, 0.18682892620563507, 0.1869036853313446, 0.1869763433933258, 0.18704792857170105, 0.18712060153484344, 0.1871911883354187, 0.18725939095020294, 0.18732525408267975, 0.1873885542154312, 0.18745049834251404, 0.18751101195812225, 0.1875671148300171, 0.18763211369514465, 0.18768095970153809, 0.1877370923757553, 0.18779191374778748, 0.18784402310848236, 0.18789568543434143, 0.1879434585571289, 0.18799306452274323, 0.1880386620759964, 0.18808382749557495, 0.18813113868236542, 0.18816664814949036, 0.18820443749427795, 0.1882466822862625, 0.18827298283576965, 0.1883109211921692, 0.18834944069385529, 0.1883898377418518, 0.1884075552225113, 0.1884527951478958, 0.18848846852779388, 0.18851393461227417, 0.18854224681854248, 0.18857812881469727, 0.1885988861322403, 0.18862798810005188, 0.18864518404006958, 0.18867525458335876, 0.18870867788791656, 0.18873034417629242, 0.1887541264295578, 0.18877644836902618, 0.18880261480808258, 0.18882304430007935, 0.18884272873401642, 0.18886637687683105], "training_accs": [0.4771047367518779, 0.48315229367610885, 0.4967124558760661, 0.4946865968954548, 0.491981830914189, 0.4917474192873723, 0.49145134076924535, 0.4905086408479498, 0.4900398175943164, 0.4898943050422673, 0.4898943050422673, 0.4898943050422673, 0.49039541389338653, 0.49039541389338653, 0.4913036791068288, 0.491042035296555, 0.49113093437132255, 0.4908965227445059, 0.4908965227445059, 0.4913087325208576, 0.4913087325208576, 0.49148653067039266, 0.4918098413719769, 0.4924564627751453, 0.4925453618499129, 0.49231095022309623, 0.4920765385962795, 0.4923998492978637, 0.4918744125669487, 0.49161276875667487, 0.49161276875667487, 0.49258270086142747, 0.493229322264596, 0.493229322264596, 0.4941992543693486, 0.4945225650709329, 0.4945225650709329, 0.4939376105590747, 0.4939376105590747, 0.493703198932258, 0.493703198932258, 0.493703198932258, 0.4934687873054413, 0.4932343756786246, 0.4932343756786246, 0.49355768638020886, 0.49379209800702556, 0.49379209800702556, 0.49411540870860976, 0.49411540870860976, 0.49411540870860976, 0.49434982033542646, 0.49434982033542646, 0.49434982033542646, 0.49490754266382736, 0.4955541640669958, 0.4965240961717485, 0.4965240961717485, 0.4965240961717485, 0.4965240961717485, 0.4965240961717485, 0.4968474068733328, 0.4974940282765012, 0.4981406496796696, 0.49787900586939576, 0.49787900586939576, 0.49820231657097996, 0.4985256272725642, 0.49829121564574747, 0.49770626113388944, 0.49835288253705784, 0.49835288253705784, 0.49835288253705784, 0.49835288253705784, 0.49811847091024114, 0.49811847091024114, 0.49788405928342444, 0.49788405928342444, 0.49788405928342444, 0.49788405928342444, 0.49788405928342444, 0.4982073699850087, 0.49853068068659284, 0.49885399138817715, 0.49885399138817715, 0.49885399138817715, 0.49917730208976135, 0.49950061279134556, 0.49950061279134556, 0.4985923475779032, 0.4989156582794874, 0.49800739306604513, 0.49800739306604513, 0.49709912785260285, 0.49709912785260285, 0.49619086263916046, 0.49437433221227584, 0.4907412713585065, 0.4898330061450642, 0.4889247409316219],