{"training_acc": 0.7078733819786587, "validation_acc": 0.7447854960146012, "classes": ["aerobe", "anaerobe", "facultative"], "confusion_matrix": [293, 20, 26, 10, 213, 20, 22, 17, 38], "f1_score": 0.8277711626093156, "training_losses": [0.5157353281974792, 0.48313871026039124, 0.464774489402771, 0.4529220163822174, 0.44474101066589355, 0.43884289264678955, 0.43447914719581604, 0.43117329478263855, 0.4285745322704315, 0.42650434374809265, 0.42482924461364746, 0.4234439730644226, 0.42227238416671753, 0.421279639005661, 0.4204278588294983, 0.4196949601173401, 0.4190533757209778, 0.4184955060482025, 0.4180123209953308, 0.41759008169174194, 0.4172195494174957, 0.4168967306613922, 0.41661933064460754, 0.41636738181114197, 0.4161466658115387, 0.41594210267066956, 0.41575896739959717, 0.415606826543808, 0.4154742658138275, 0.41535791754722595, 0.41524627804756165, 0.4151551127433777, 0.4150712490081787, 0.4150046408176422, 0.4149457812309265, 0.4148916006088257, 0.4148505628108978, 0.41481852531433105, 0.4147907495498657, 0.41477084159851074, 0.4147583246231079, 0.4147479832172394, 0.41474249958992004, 0.41474270820617676, 0.4147472381591797, 0.41475632786750793, 0.41476675868034363, 0.4147803485393524, 0.41479089856147766, 0.41480571031570435, 0.4148259162902832, 0.41483819484710693, 0.4148522913455963, 0.41486823558807373, 0.414882093667984, 0.41489356756210327, 0.41490599513053894, 0.4149268567562103, 0.414950966835022, 0.41497573256492615, 0.4150119423866272, 0.4150378704071045, 0.41507193446159363, 0.41509467363357544, 0.4151209890842438, 0.415150910615921, 0.4151894152164459, 0.41520676016807556, 0.4152377247810364, 0.41526517271995544, 0.415296733379364, 0.41532865166664124, 0.4153803586959839, 0.4153977632522583, 0.41541770100593567, 0.4154373109340668, 0.4154731333255768, 0.41550111770629883, 0.41552722454071045, 0.4155508279800415, 0.41557562351226807, 0.41560447216033936, 0.41563230752944946, 0.4156547486782074, 0.41567835211753845, 0.41570141911506653, 0.4157286584377289, 0.4157484173774719, 0.4157790243625641, 0.4157930910587311, 0.4158102869987488, 0.41583049297332764, 0.4158466160297394, 0.415866494178772, 0.4158817529678345, 0.41589853167533875, 0.4159190058708191, 0.4159364700317383, 0.4159568250179291, 0.41597989201545715], "validation_losses": [0.14388085901737213, 0.13254649937152863, 0.12684045732021332, 0.12314420938491821, 0.12051621824502945, 0.11854498833417892, 0.11703754961490631, 0.11586600542068481, 0.11493478715419769, 0.11417965590953827, 0.11355916410684586, 0.1130521297454834, 0.11262664943933487, 0.11227044463157654, 0.11196266859769821, 0.1117069199681282, 0.11148539930582047, 0.11130040138959885, 0.11113549768924713, 0.11099288612604141, 0.1108650267124176, 0.11075867712497711, 0.11066406220197678, 0.11058554798364639, 0.110517218708992, 0.11045628041028976, 0.11039797216653824, 0.11034359037876129, 0.11029466986656189, 0.11025460064411163, 0.11020894348621368, 0.1101677268743515, 0.11013060063123703, 0.11010710895061493, 0.11008521169424057, 0.11005832254886627, 0.11003385484218597, 0.11001380532979965, 0.10999244451522827, 0.10997415333986282, 0.10995925217866898, 0.10994499921798706, 0.10993435233831406, 0.10991983115673065, 0.10991371423006058, 0.10990700125694275, 0.10990460962057114, 0.10990909487009048, 0.10990185290575027, 0.10990238189697266, 0.1099088042974472, 0.10990025103092194, 0.10990380495786667, 0.10990049690008163, 0.10989918559789658, 0.10990789532661438, 0.10991440713405609, 0.1099197044968605, 0.10992638021707535, 0.10993311554193497, 0.10995984077453613, 0.10994508117437363, 0.10996561497449875, 0.10995052009820938, 0.1099512055516243, 0.10995663702487946, 0.10994279384613037, 0.10996615141630173, 0.10997740924358368, 0.10997165739536285, 0.10997653752565384, 0.10998143255710602, 0.10994002223014832, 0.10994988679885864, 0.10998651385307312, 0.10998024791479111, 0.10998181253671646, 0.11000318080186844, 0.11000185459852219, 0.11000119149684906, 0.11000369489192963, 0.11000864952802658, 0.11002141237258911, 0.11002227663993835, 0.11002015322446823, 0.1100207194685936, 0.11003793030977249, 0.11003365367650986, 0.11006788909435272, 0.11004385352134705, 0.11004578322172165, 0.1100626215338707, 0.11004927009344101, 0.1100589707493782, 0.11005833745002747, 0.11006465554237366, 0.11006078869104385, 0.11007162183523178, 0.11007694900035858, 0.11008383333683014], "training_accs": [0.6276832503464381, 0.6653252129781835, 0.6753908152999984, 0.6819580338062544, 0.6871775006792747, 0.6911331018579885, 0.7013423339361101, 0.7013843373219047, 0.7048346431642601, 0.7044114102921286, 0.7038962725862974, 0.7041279185615791, 0.7049205942432119, 0.7049205942432119, 0.7051541845258561, 0.7053877748085001, 0.7045012499858051, 0.7042676597031611, 0.7047348402684493, 0.7049684305510936, 0.7049684305510936, 0.7039421645868168, 0.7048286894095118, 0.7051561288332184, 0.7057171585395693, 0.7057171585395693, 0.7063720373869825, 0.7090316118550676, 0.7095926415614184, 0.709920080985125, 0.7095926415614184, 0.7098262318440627, 0.7098262318440627, 0.7098262318440627, 0.7101536712677694, 0.7102475204088318, 0.7102475204088318, 0.710481110691476, 0.7108085501151825, 0.7110421403978268, 0.7110421403978268, 0.7108085501151825, 0.7108085501151825, 0.7108085501151825, 0.7108085501151825, 0.7110421403978268, 0.7110421403978268, 0.7110421403978268, 0.7108085501151825, 0.7108085501151825, 0.7111359895388892, 0.7111359895388892, 0.7111359895388892, 0.7111359895388892, 0.7111359895388892, 0.7109023992562449, 0.7112298386799516, 0.7112298386799516, 0.7112298386799516, 0.7112298386799516, 0.7112298386799516, 0.7112298386799516, 0.7114634289625958, 0.7105769041399008, 0.7103433138572566, 0.7094567890345616, 0.7094567890345616, 0.7085702642118665, 0.7085702642118665, 0.7085702642118665, 0.7088977036355731, 0.7092251430592796, 0.7095525824829862, 0.709880021906693, 0.7101136121893372, 0.7101136121893372, 0.7092270873666422, 0.708993497083998, 0.708993497083998, 0.7081069722613029, 0.7072204474386078, 0.7072204474386078, 0.7072204474386078, 0.7072204474386078, 0.7072204474386078, 0.7072204474386078, 0.7072204474386078, 0.7081069722613029, 0.7081069722613029, 0.7081069722613029, 0.7081069722613029, 0.7081069722613029, 0.7081069722613029, 0.7081069722613029, 0.7081069722613029, 0.7081069722613029, 0.7081069722613029, 0.7078733819786587, 0.7078733819786587, 0.7078733819786587],