{"training_acc": 0.6492951427160949, "validation_acc": 0.6248856815884021, "classes": ["aerobe", "anaerobe", "facultative"], "confusion_matrix": [281, 40, 18, 49, 191, 3, 48, 9, 20], "f1_score": 0.7344514590144599, "n_iter": 2131, "converged": true, "C": 100, "penalty": "l2", "max_iter": 100000, "feature_type": "nt_3mer", "model_class": "logistic", "binary": 0}