{"n_classes": 3, "train_acc": 1.0, "val_acc": 0.7977590604488288, "test_acc": 0.7557015986896599, "confusion_matrix": [279, 13, 21, 9, 176, 13, 26, 13, 37], "val_accs": null, "train_accs": null, "val_losses": null, "train_losses": null}