{"n_classes": 3, "train_acc": 0.6112333460860956, "val_acc": 0.6358017645287926, "test_acc": 0.5874321093339087, "confusion_matrix": [170, 60, 83, 24, 145, 29, 13, 26, 37], "val_accs": [0.5489207163583714, 0.5611040019972271, 0.5632130391161468, 0.5768184812930176, 0.5567530907957334, 0.5724675700915239, 0.5742331669199915, 0.5826713179629618, 0.58559940510401, 0.5762133722098397, 0.5741036675684895, 0.5741036675684895, 0.5719939629271392, 0.5753956572325721, 0.5813799958213096, 0.5787966840155746, 0.5813799958213096, 0.5707019732630566, 0.573285952591222, 0.5745772747328742, 0.5741036675684895, 0.5762127046874093, 0.5851257979396253, 0.5775053618739224, 0.5821977107985771, 0.58981814686428, 0.5830160932982751, 0.5766869793742244, 0.5826713179629618, 0.58559940510401, 0.5830160932982751, 0.5877091097453603, 0.5826719854853922, 0.5864171200812776, 0.5868907272456623, 0.590636529363978, 0.5919285190280607, 0.5915837436927474, 0.5890010994094429, 0.5932198411697129, 0.5945111633113651, 0.5920573508571322, 0.5974392504524134, 0.610570417942469, 0.6165554240536367, 0.624306026993272, 0.6230140373291894, 0.6272327790894593, 0.6119919069580535, 0.6217220476651066, 0.6230140373291894, 0.6152641019119846, 0.6230140373291894, 0.6123366822933668, 0.6311087480817074, 0.6298167584176247, 0.6209043326878391, 0.6042419715408487, 0.6277070537762744, 0.6298167584176247, 0.616211316240754, 0.6319264630589749, 0.6311087480817074, 0.620087285233002, 0.62512440949297, 0.6192695702557345, 0.6230140373291894, 0.6145758862862188, 0.6285261037984029, 0.624306026993272, 0.6175033059048366, 0.6192695702557345, 0.6268900063214374, 0.6358017645287926, 0.6158678759503016, 0.6234883120160045, 0.6239625867028197, 0.6260716238217395, 0.6289990434403572, 0.6315830227685225, 0.6247809692025176, 0.6205608923973868, 0.6205615599198172, 0.6200879527554325, 0.6239625867028197, 0.6247803016800871, 0.6294739856496028, 0.6320572974553377, 0.6142324459957665, 0.6273642810082526, 0.6252545763669023, 0.6260729588666003, 0.6176328052563387, 0.6286556031499049, 0.6184518552784669, 0.6163421506371168, 0.6184518552784669, 0.6345111099095707, 0.6171598656143843, 0.6192695702557345], "train_accs": [0.5297075239724514, 0.5425641841304589, 0.5540343200983672, 0.5564758241520394, 0.5563300296362345, 0.5609352829158855, 0.5600789232397808, 0.5601595318787669, 0.5647472270073721, 0.5671895436696878, 0.5689381919326322, 0.567089751662369, 0.5719927557466896, 0.5703430868824207, 0.5771558052891321, 0.5749576011511793, 0.5740183462286841, 0.5751900148605041, 0.573497442703797, 0.5756327475723355, 0.5758038872295329, 0.5757125436026781, 0.5777589426702922, 0.5773001258061762, 0.5778762928286568, 0.5826603215373262, 0.5796426504611729, 0.5811657081779696, 0.5872740231974412, 0.5821478663929031, 0.5849223887718625, 0.5854364691335724, 0.5849683912803488, 0.5853022222142794, 0.5887710743827278, 0.5907077590637978, 0.5880414770726213, 0.5897516073803745, 0.5884926581649168, 0.5936288885672059, 0.5972043559061504, 0.5926090250057245, 0.5948358247196435, 0.6011841892202606, 0.601818870174909, 0.602107359990471, 0.6056560081892622, 0.6053238024726184, 0.5961792943987788, 0.6038644566338797, 0.6039910677813519, 0.604370239833651, 0.6057473518161168, 0.6093076988299458, 0.6073770247034097, 0.6102989668154611, 0.6072796705220213, 0.6084614127515923, 0.6065099300394364, 0.6055502056274095, 0.6043785369955894, 0.6075405285887864, 0.6076586913557946, 0.6129307938946635, 0.6125156929316291, 0.6130942977800402, 0.6115679896286698, 0.6107501479077565, 0.6113724686572494, 0.6060282058598584, 0.6123161089169914, 0.6147155222868689, 0.6115050903592554, 0.6112333460860956, 0.614651810408811, 0.612639866253171, 0.6127580290201792, 0.6115863603883591, 0.6114597492408868, 0.6133434570317676, 0.6131471234517036, 0.6146141050622632, 0.6154612037492602, 0.618166003695628, 0.6145419448037411, 0.6132452902417356, 0.6195271827443348, 0.6129483520457094, 0.6134356132672658, 0.6171108726135291, 0.6158142180515237, 0.6193937484336853, 0.6121893465509934, 0.6124619034327964, 0.6200949013863516, 0.6163660037597815, 0.6142482570422888, 0.619958367859654, 0.6175965086177987, 0.6196806130319605], "val_losses": [0.19597028195858002, 0.1877838671207428, 0.18428224325180054, 0.18192149698734283, 0.18184952437877655, 0.18205559253692627, 0.1808052510023117, 0.18081016838550568, 0.17905692756175995, 0.17741306126117706, 0.17686133086681366, 0.17722758650779724, 0.17583081126213074, 0.17497457563877106, 0.1767362356185913, 0.17511266469955444, 0.17522989213466644, 0.17570430040359497, 0.17388013005256653, 0.17538167536258698, 0.1720709204673767, 0.17405347526073456, 0.17322304844856262, 0.17141960561275482, 0.1724138706922531, 0.17366023361682892, 0.17159081995487213, 0.17122100293636322, 0.17344728112220764, 0.17322345077991486, 0.17156891524791718, 0.17130669951438904, 0.170615553855896, 0.17156675457954407, 0.172003835439682, 0.17053315043449402, 0.17044351994991302, 0.17162162065505981, 0.17003268003463745, 0.1697879284620285, 0.17270393669605255, 0.17137596011161804, 0.1702459156513214, 0.17369531095027924, 0.1712888926267624, 0.17122365534305573, 0.17270171642303467, 0.17191877961158752, 0.17063622176647186, 0.17128436267375946, 0.1705678403377533, 0.16994957625865936, 0.1707714945077896, 0.17066922783851624, 0.16975098848342896, 0.17064633965492249, 0.17034059762954712, 0.16956505179405212, 0.171115905046463, 0.1693575233221054, 0.16857390105724335, 0.16992637515068054, 0.1681167185306549, 0.16837525367736816, 0.1686447262763977, 0.1682446151971817, 0.17089258134365082, 0.16950973868370056, 0.1683688759803772, 0.16912798583507538, 0.17084507644176483, 0.16889424622058868, 0.16950038075447083, 0.17101414501667023, 0.17022252082824707, 0.1692901998758316, 0.16858817636966705, 0.1686878502368927, 0.16980557143688202, 0.1702386736869812, 0.1670389324426651, 0.16875453293323517, 0.16863787174224854, 0.167157843708992, 0.1682523787021637, 0.16707634925842285, 0.1665114462375641, 0.16775523126125336, 0.1669979691505432, 0.16757990419864655, 0.16603867709636688, 0.16680651903152466, 0.16985167562961578, 0.16706863045692444, 0.16749097406864166, 0.16595596075057983, 0.16634529829025269, 0.16751602292060852, 0.16944646835327148, 0.16887500882148743],