{"n_classes": 3, "train_acc": 0.8922248001162213, "val_acc": 0.8416329734719911, "test_acc": 0.8179417627879038, "confusion_matrix": [276, 8, 29, 6, 181, 11, 18, 8, 50], "val_accs": [0.7259276392334973, 0.7635588824873488, 0.7717046587057942, 0.773129485333531, 0.8015015249549923, 0.7678306922808374, 0.792589766747637, 0.795173078553372, 0.7984432709400117, 0.7964657357398851, 0.8149754652130697, 0.7923267629100507, 0.789056570523411, 0.8321141036141667, 0.8275525890858747, 0.789056570523411, 0.8372820622704974, 0.8317706633237143, 0.8398667091210932, 0.8134728722221888, 0.8301372359364706, 0.8416329734719911, 0.8175587770188047, 0.8243628331521009, 0.7823860188761994, 0.8099396759979628, 0.7743704095316862, 0.7922469939796152, 0.8312963886368991, 0.8202749257881937, 0.8049025517379947, 0.819667146615294, 0.8399982110398865, 0.8253113825257312, 0.8186401633560892, 0.8152391365730867, 0.829662293727225, 0.8002102028133401, 0.8159246821091305, 0.8337495335687017, 0.8277638599351035, 0.8055880972740385, 0.8358592382100519, 0.8141577502358022, 0.8266027046673835, 0.8183764919960722, 0.8393910993894173, 0.8111525642540404, 0.8210926407654613, 0.83129772368176, 0.8257856572125464, 0.8021877380134667, 0.8191948744957701, 0.8283703040631423, 0.8191144380429044, 0.8351736926740081, 0.8295301242860013, 0.8191151055653347, 0.8303485067856992, 0.8247049383976925, 0.8183771595185027, 0.8175601120636656, 0.8249686097577094, 0.8214340784886224, 0.8236772876160572, 0.8206183660786461, 0.7966763390666834, 0.8181665561917044, 0.8176916139824589, 0.829662293727225, 0.8335382627194731, 0.8085155168926562, 0.8287130768311641, 0.8125243228485585, 0.8133413703033957, 0.819325708892133, 0.8108888928940234, 0.7937495869704961, 0.8215682504971373, 0.8147648618862715, 0.815106967131863, 0.8139471469090039, 0.8091226285431256, 0.800552975581362, 0.817823115901252, 0.8140269158394394, 0.8283703040631423, 0.8248377753613466, 0.8168738990051914, 0.7958599591342769, 0.8351736926740081, 0.8066708186561838, 0.7804869175616473, 0.827421754689512, 0.8002095352909095, 0.8108882253715931, 0.8138163125126412, 0.8298728970540233, 0.8216997524159306, 0.8121808825581062], "train_accs": [0.7172241566737569, 0.7872811457427501, 0.810182916525434, 0.8154269138029505, 0.835681720379258, 0.8147738620886128, 0.8333517071479424, 0.8424131687568656, 0.8433392508655618, 0.8546931883798369, 0.8536686003850207, 0.857317853199774, 0.8574644603242226, 0.8611328965073088, 0.8607334061840038, 0.8663204785825002, 0.8797408111413655, 0.8772424183728126, 0.8793333459501517, 0.8820986073400036, 0.8837430782583824, 0.8922248001162213, 0.8906367275981095, 0.9016000966820991, 0.891976775767167, 0.8951924056406709, 0.8721580131559813, 0.8784878724804416, 0.9053875082408368, 0.9092539032212739, 0.8972664364570818, 0.9003530173571832, 0.8983992648396811, 0.9080277837005033, 0.900281347413275, 0.9080149499827925, 0.9143488555484116, 0.9071814976221498, 0.9162202031341368, 0.9182004524977626, 0.9212205613998461, 0.9016681938974038, 0.9006624669768906, 0.9127749196712681, 0.9190683597703794, 0.9089213584085419, 0.9186087302976199, 0.9061260442460212, 0.9201847649046058, 0.914626610376105, 0.9241056107739931, 0.9202132092620462, 0.9184060470669341, 0.9217018120668686, 0.9095732752202066, 0.9177977117398838, 0.9229776580432545, 0.9304635753598057, 0.928925719611923, 0.9216862014271393, 0.9205068970234985, 0.9176931952992301, 0.9318039458228929, 0.9212088625848082, 0.9297599845812092, 0.9283033988624304, 0.9152801356029981, 0.9282016593437948, 0.9317771266827396, 0.9374635175759994, 0.9285254166799746, 0.9241477014577879, 0.9335878616064549, 0.9298649745344184, 0.939445392156912, 0.9351899027449507, 0.9359320114787386, 0.9053114361576234, 0.9339509495064693, 0.9226763345099815, 0.9381386639971557, 0.9338443343359732, 0.9315170812246177, 0.940285667680732, 0.9376746491871493, 0.9324114685412997, 0.9254339601280127, 0.9371457707943535, 0.9399619103445523, 0.9408779188554975, 0.9294638589938264, 0.9344658424768225, 0.9289878062726942, 0.9394177604081152, 0.9207557339811964, 0.9460710379726672, 0.9330477747132351, 0.9296361335536969, 0.9324495129839359, 0.9376546532101729], "val_losses": [0.11656922101974487, 0.12137876451015472, 0.10421782732009888, 0.09145507961511612, 0.09653971344232559, 0.08931398391723633, 0.0852738618850708, 0.08997220546007156, 0.09236399829387665, 0.08621465414762497, 0.09278065711259842, 0.09123894572257996, 0.08995470404624939, 0.08655783534049988, 0.07946430891752243, 0.09143276512622833, 0.07902346551418304, 0.07918354123830795, 0.07489213347434998, 0.07843628525733948, 0.07216762751340866, 0.07494351267814636, 0.0887509360909462, 0.0815504640340805, 0.08413445949554443, 0.08151964098215103, 0.09704786539077759, 0.07973916828632355, 0.07821112871170044, 0.07984965294599533, 0.08500448614358902, 0.08943827450275421, 0.07026790082454681, 0.08025512844324112, 0.07412558794021606, 0.0722087100148201, 0.07340898364782333, 0.08325710147619247, 0.07895000278949738, 0.08004512637853622, 0.07943975180387497, 0.09237854927778244, 0.0791453942656517, 0.08198298513889313, 0.07958632707595825, 0.0912860855460167, 0.07609966397285461, 0.06680114567279816, 0.07553397864103317, 0.07185545563697815, 0.07697916030883789, 0.08401937782764435, 0.08241160213947296, 0.07252234220504761, 0.07339394837617874, 0.071467325091362, 0.08150854706764221, 0.07358581572771072, 0.07558699697256088, 0.08371562510728836, 0.08306356519460678, 0.08764468878507614, 0.07603003829717636, 0.08677194267511368, 0.07092707604169846, 0.07919769734144211, 0.0890311598777771, 0.07274365425109863, 0.07733966410160065, 0.07212186604738235, 0.07129143178462982, 0.08876815438270569, 0.07803991436958313, 0.07717161625623703, 0.07822220027446747, 0.08139973878860474, 0.07943105697631836, 0.09191932529211044, 0.0699128806591034, 0.07270517945289612, 0.07981107383966446, 0.07237879186868668, 0.07717816531658173, 0.08138812333345413, 0.07203792780637741, 0.08654537051916122, 0.07397069036960602, 0.07772009819746017, 0.0752296969294548, 0.08306768536567688, 0.06952247023582458, 0.07135454565286636, 0.09042444825172424, 0.07517349720001221, 0.0775088518857956, 0.07649703323841095, 0.07576914131641388, 0.08946222811937332, 0.06888777017593384, 0.07555770128965378],