{"n_classes": 2, "train_acc": 0.8675724156713911, "val_acc": 0.8569455325114419, "test_acc": 0.8544117265196957, "confusion_matrix": [149, 49, 17, 372], "val_accs": null, "train_accs": null, "val_losses": null, "train_losses": null}