{"training_acc": 0.9022368629039442, "validation_acc": 0.7930902966260671, "classes": ["aerobe", "anaerobe", "facultative"], "confusion_matrix": [294, 8, 35, 16, 201, 19, 20, 10, 57], "f1_score": 0.8419488734426721, "training_losses": [0.4107745885848999, 0.3486343324184418, 0.31763923168182373, 0.30250686407089233, 0.28534621000289917, 0.2772810757160187, 0.26464709639549255, 0.25678497552871704, 0.25927335023880005, 0.24385958909988403, 0.24112601578235626, 0.23694570362567902, 0.2343478500843048, 0.22984786331653595, 0.2278079092502594, 0.22811612486839294, 0.22165702283382416, 0.2173544317483902, 0.21626690030097961, 0.21461695432662964, 0.21786464750766754, 0.20749235153198242, 0.21672652661800385, 0.2060033231973648, 0.20708933472633362, 0.19890712201595306, 0.19520457088947296, 0.19488948583602905, 0.19447927176952362, 0.1914806365966797, 0.1906553953886032, 0.18795879185199738, 0.18706005811691284, 0.18778279423713684, 0.1881842017173767, 0.18544302880764008, 0.18484945595264435, 0.18299178779125214, 0.18191653490066528, 0.17980283498764038, 0.18030834197998047, 0.1803819090127945, 0.1783483326435089, 0.1859745979309082, 0.17526307702064514, 0.17446935176849365, 0.17401129007339478, 0.17174822092056274, 0.17419081926345825, 0.17070133984088898, 0.1694154590368271, 0.17024943232536316, 0.16710253059864044, 0.16950304806232452, 0.1653079092502594, 0.1653938740491867, 0.17961809039115906, 0.16359898447990417, 0.1651318222284317, 0.15847371518611908, 0.16824905574321747, 0.16431188583374023, 0.15711066126823425, 0.1579384058713913, 0.16085922718048096, 0.15594540536403656, 0.15681537985801697, 0.15544341504573822, 0.1553509533405304, 0.15130500495433807, 0.14779676496982574, 0.15120500326156616, 0.1467147171497345, 0.14620524644851685, 0.14437462389469147, 0.14555999636650085, 0.1446463167667389, 0.14510080218315125, 0.1436251997947693, 0.142171710729599, 0.14674824476242065, 0.1445460468530655, 0.1449870467185974, 0.1472920924425125, 0.1478656679391861, 0.14636528491973877, 0.14688292145729065, 0.166185662150383, 0.15082046389579773, 0.1529354304075241, 0.15403005480766296, 0.1536049097776413, 0.15427753329277039, 0.15377061069011688, 0.15551407635211945, 0.16041859984397888, 0.1520654708147049, 0.15220315754413605, 0.15416626632213593, 0.1546415388584137], "validation_losses": [0.12760785222053528, 0.11443372070789337, 0.10676780343055725, 0.10402443259954453, 0.10049951821565628, 0.0993979200720787, 0.09696335345506668, 0.09491575509309769, 0.09691990911960602, 0.0921918973326683, 0.09246741235256195, 0.09188009053468704, 0.09165811538696289, 0.09071580320596695, 0.0906723365187645, 0.09236479550600052, 0.08880997449159622, 0.08803369849920273, 0.08832821249961853, 0.0883881077170372, 0.09202076494693756, 0.08800894767045975, 0.09099092334508896, 0.08906608819961548, 0.09159128367900848, 0.08769892901182175, 0.08714063465595245, 0.08677297085523605, 0.08679980039596558, 0.08628193289041519, 0.08658165484666824, 0.08609282225370407, 0.08560018241405487, 0.08596276491880417, 0.08563036471605301, 0.0859929695725441, 0.0856035128235817, 0.08586915582418442, 0.08617578446865082, 0.08549803495407104, 0.08559057116508484, 0.08539710193872452, 0.0863623097538948, 0.0889030247926712, 0.08567004650831223, 0.08361246436834335, 0.08466067165136337, 0.08390209078788757, 0.08456715196371078, 0.0842917412519455, 0.08404523879289627, 0.08427053689956665, 0.08347228169441223, 0.08410383015871048, 0.08286309242248535, 0.08273676782846451, 0.09450338035821915, 0.08439774811267853, 0.08286331593990326, 0.08329266309738159, 0.08490180224180222, 0.08469471335411072, 0.08268696069717407, 0.08359847962856293, 0.08458170294761658, 0.0836155116558075, 0.08400524407625198, 0.08342558145523071, 0.08349450677633286, 0.08249059319496155, 0.08258213102817535, 0.08366736024618149, 0.08264236897230148, 0.08295243978500366, 0.08120771497488022, 0.08204714208841324, 0.082304947078228, 0.0828884020447731, 0.08283770084381104, 0.08250845968723297, 0.08377633988857269, 0.08277461677789688, 0.08346295356750488, 0.08368434011936188, 0.08390916883945465, 0.08301867544651031, 0.08248163759708405, 0.08619115501642227, 0.083822101354599, 0.08338166773319244, 0.0843820571899414, 0.08444874733686447, 0.0843018963932991, 0.08556938916444778, 0.08429809659719467, 0.08534111827611923, 0.08314800262451172, 0.08344341814517975, 0.0833151564002037, 0.08372169733047485], "training_accs": [0.7046740999057332, 0.7656161379766143, 0.7883340132811255, 0.7968931825092791, 0.8129148073080522, 0.8194773293230048, 0.830676793244962, 0.8387721716284632, 0.8361756120698783, 0.8459784711992014, 0.8487142516576154, 0.8527919169553578, 0.8543493220584463, 0.8556367470948348, 0.8603390035476837, 0.8610317484973656, 0.8635683558439671, 0.8680251809646555, 0.8687643142098684, 0.8681697641983454, 0.8670322847295071, 0.8726374440619377, 0.8668222568747904, 0.8744294257542826, 0.8715191509937786, 0.8754276843232919, 0.8782371109853249, 0.8784716875745814, 0.8779125410405019, 0.8784716875745814, 0.8794944948781301, 0.8815210531597314, 0.8830784582628198, 0.8798544683003969, 0.8794699461435904, 0.8790007929650775, 0.8829639161727135, 0.8818155819609711, 0.8837521468870059, 0.8844313279202353, 0.8846358633659084, 0.8830484171192367, 0.8854295864892444, 0.8841804041790313, 0.8888581118973405, 0.8885989865735443, 0.8889726539874468, 0.8906746423242251, 0.892142054071747, 0.8922320474273137, 0.8948723421211175, 0.8920929566026676, 0.8959660864547367, 0.8918884211569944, 0.8954969332762239, 0.8958269956300907, 0.8829635259471645, 0.8952978902395943, 0.8957915921526469, 0.8985818324140009, 0.8927367341584533, 0.8967298985096724, 0.9007938698157791, 0.9000547365705662, 0.8981181716445317, 0.9035186654561062, 0.9004938486054958, 0.9027549834763535, 0.9031341432992995, 0.9078554560776446, 0.9120777046090766, 0.9071817674534586, 0.9108448694508112, 0.9106102928615548, 0.9118731691634036, 0.9125168166440062, 0.9135997062347213, 0.9103456751287151, 0.9138042416803945, 0.9144233404264576, 0.9117531346642536, 0.9129859698225188, 0.910520299505988, 0.9100265975929357, 0.9102857229167317, 0.9123122811983331, 0.906483530094733, 0.8939151095137787, 0.9067672041530689, 0.9029705037401138, 0.9042278876329188, 0.9041378942773521, 0.9032296290639098, 0.9051061117027778, 0.9018822518155378, 0.8984428716645377, 0.9037343157950493, 0.9035842401523162, 0.901707757513448, 0.9022368629039442],