{"training_acc": 0.40453291332953545, "validation_acc": 0.4091392982279669, "classes": ["aerobe", "anaerobe", "facultative"], "confusion_matrix": [238, 99, 0, 113, 123, 0, 53, 34, 0], "f1_score": 0.5067885331043225, "n_iter": 31, "converged": true, "C": 100, "penalty": "l2", "max_iter": 100000, "feature_type": "nt_1mer", "model_class": "logistic", "binary": 0}