{"n_classes": 3, "train_acc": 0.4941174527120195, "val_acc": 0.5093997171039939, "test_acc": 0.48053130939460176, "confusion_matrix": [197, 107, 9, 42, 153, 3, 28, 45, 3], "val_accs": [0.4756811565760639, 0.4764171000556046, 0.4895946603545745, 0.4948463930759233, 0.5016491141643588, 0.5041015915737308, 0.4972995380077259, 0.5042324259700938, 0.4929492943286627, 0.5045751987381156, 0.5051803078212935, 0.5005690628719351, 0.5025963284931282, 0.5055237481117459, 0.4985908601493782, 0.5055237481117459, 0.4970849295463451, 0.5055237481117459, 0.5041015915737308, 0.5047060331344784, 0.5025963284931282, 0.5050501409473611, 0.5066849033794657, 0.5066855709018961, 0.5047060331344784, 0.5034140434703956, 0.5050501409473611, 0.5068157377758286, 0.5066855709018961, 0.5047060331344784, 0.5034140434703956, 0.5047060331344784, 0.5047060331344784, 0.5034140434703956, 0.5042324259700938, 0.5076334527530961, 0.5076334527530961, 0.5050501409473611, 0.5034140434703956, 0.5047060331344784, 0.5092695502300616, 0.5071598455887113, 0.5021227213287435, 0.5047060331344784, 0.5068157377758286, 0.5047060331344784, 0.502940436306011, 0.502940436306011, 0.5072900124626437, 0.5076334527530961, 0.5021227213287435, 0.5055237481117459, 0.5047060331344784, 0.502940436306011, 0.502940436306011, 0.5042324259700938, 0.5050501409473611, 0.5068157377758286, 0.5042324259700938, 0.5072900124626437, 0.5068157377758286, 0.5076334527530961, 0.5068157377758286, 0.5034140434703956, 0.5047060331344784, 0.5034140434703956, 0.5047060331344784, 0.5021227213287435, 0.5042324259700938, 0.5068157377758286, 0.5021227213287435, 0.502940436306011, 0.5068157377758286, 0.5068157377758286, 0.5042324259700938, 0.5047060331344784, 0.5093997171039939, 0.5042324259700938, 0.5021227213287435, 0.5021227213287435, 0.5042324259700938, 0.5042324259700938, 0.5042324259700938, 0.5042324259700938, 0.5042324259700938, 0.5042324259700938, 0.5042324259700938, 0.5042324259700938, 0.5042324259700938, 0.5042324259700938, 0.5042324259700938, 0.5042324259700938, 0.5042324259700938, 0.5042324259700938, 0.5042324259700938, 0.5042324259700938, 0.5042324259700938, 0.5042324259700938, 0.5042324259700938, 0.49742970488165833], "train_accs": [0.47592346747928754, 0.47591893092351495, 0.49520836148632785, 0.4990189827975791, 0.4982984952580544, 0.49167203683365573, 0.4970162996310467, 0.4951709585768314, 0.49795083012020697, 0.4924469752621308, 0.49706377613829406, 0.49312909606499006, 0.49481941827332915, 0.4918807306188753, 0.49496145218296855, 0.4935027677343473, 0.4943682371810338, 0.4967829220945526, 0.4925191355206528, 0.4973607143343202, 0.49618904570250005, 0.49335015005536514, 0.4923564442439195, 0.49232117672330195, 0.4973607143343202, 0.492466971239107, 0.4927999895643942, 0.4925935823865793, 0.49234880847209883, 0.49470288072360785, 0.4932419096675822, 0.49833442416878954, 0.4938281502878139, 0.49243089110984606, 0.4943514916386313, 0.49331406992610405, 0.4919168107481362, 0.49247541961957114, 0.4937015391403416, 0.4920349735151444, 0.49309692776042047, 0.493484396974658, 0.49390031054633593, 0.49830679241999265, 0.49334170167490093, 0.4926564816559938, 0.49335015005536514, 0.49335015005536514, 0.49300868334961373, 0.49331406992610405, 0.4947113291040719, 0.492466971239107, 0.4917104035703213, 0.49335015005536514, 0.49335015005536514, 0.49305321185933887, 0.49335015005536514, 0.49386423041707483, 0.49337778180416186, 0.49365782323925994, 0.4924946029879039, 0.49396320981575026, 0.4925935823865793, 0.4937015391403416, 0.49467524897481097, 0.4943506790299878, 0.4938281502878139, 0.49386423041707483, 0.49390031054633593, 0.4924946029879039, 0.4942877797605734, 0.49399928994501136, 0.49301713173007783, 0.49217003304308077, 0.49432385988983435, 0.4924946029879039, 0.4941174527120195, 0.49337778180416186, 0.4937652510183994, 0.49295423246066344, 0.49390031054633593, 0.4938013311476605, 0.49390031054633593, 0.4938013311476605, 0.4947474092333328, 0.4938013311476605, 0.49337778180416186, 0.4951709585768314, 0.4938013311476605, 0.4934767612028373, 0.4947474092333328, 0.4942248804911589, 0.4938013311476605, 0.4938013311476605, 0.49464842983465757, 0.4938013311476605, 0.4951709585768314, 0.4977122546378225, 0.4942248804911589, 0.49813580398132107], "val_losses": [0.19548407196998596, 0.1922094225883484, 0.19435276091098785, 0.187604159116745, 0.18815657496452332, 0.19421076774597168, 0.18869136273860931, 0.1887008547782898, 0.1932397484779358, 0.19507862627506256, 0.18981386721134186, 0.19658128917217255, 0.19145923852920532, 0.19283393025398254, 0.18858274817466736, 0.19342577457427979, 0.194824680685997, 0.1923908144235611, 0.1905413419008255, 0.19049276411533356, 0.19191092252731323, 0.1905226856470108, 0.1944766491651535, 0.19060109555721283, 0.19186392426490784, 0.18960778415203094, 0.18966051936149597, 0.19047346711158752, 0.19175557792186737, 0.18978354334831238, 0.19305779039859772, 0.1923302412033081, 0.19153426587581635, 0.19206079840660095, 0.18924285471439362, 0.19094549119472504, 0.19203047454357147, 0.19079309701919556, 0.19167226552963257, 0.1916031837463379, 0.19108864665031433, 0.19299331307411194, 0.19012998044490814, 0.1934061497449875, 0.19071491062641144, 0.19212782382965088, 0.19026099145412445, 0.1906149834394455, 0.19088508188724518, 0.19154536724090576, 0.19052454829216003, 0.19129684567451477, 0.19253459572792053, 0.19160500168800354, 0.19082000851631165, 0.19064560532569885, 0.1912383884191513, 0.19102691113948822, 0.19043245911598206, 0.19104774296283722, 0.19125758111476898, 0.19157028198242188, 0.19135689735412598, 0.19310985505580902, 0.19254198670387268, 0.19267678260803223, 0.19257263839244843, 0.1913646012544632, 0.19128358364105225, 0.19164617359638214, 0.1915212720632553, 0.19202673435211182, 0.19279323518276215, 0.19234351813793182, 0.19225938618183136, 0.19273196160793304, 0.19194093346595764, 0.19221962988376617, 0.19252045452594757, 0.19217146933078766, 0.19225943088531494, 0.19200025498867035, 0.19198527932167053, 0.1920117437839508, 0.1929146647453308, 0.19186396896839142, 0.19272539019584656, 0.19306489825248718, 0.19286075234413147, 0.19248096644878387, 0.19285626709461212, 0.19210609793663025, 0.1925911009311676, 0.19228163361549377, 0.19219191372394562, 0.19258609414100647, 0.1929466724395752, 0.19268912076950073, 0.19284047186374664, 0.19270111620426178],