{"training_acc": 0.7798119482212565, "validation_acc": 0.7580519891942578, "classes": ["aerobe", "anaerobe", "facultative"], "confusion_matrix": [270, 5, 62, 17, 193, 26, 23, 7, 57], "f1_score": 0.8039155778309013, "training_losses": [0.5208067297935486, 0.4796641170978546, 0.45835790038108826, 0.44454383850097656, 0.43456634879112244, 0.4268791675567627, 0.4206095039844513, 0.41534119844436646, 0.4108056426048279, 0.40682217478752136, 0.4032212197780609, 0.39994749426841736, 0.3969913423061371, 0.39428576827049255, 0.3918182849884033, 0.38952305912971497, 0.3873755931854248, 0.3853561282157898, 0.3834650218486786, 0.38168269395828247, 0.38000667095184326, 0.378396600484848, 0.3768649697303772, 0.37541627883911133, 0.37404865026474, 0.37273353338241577, 0.3714883327484131, 0.37028878927230835, 0.3691401779651642, 0.36804908514022827, 0.36699584126472473, 0.3659873902797699, 0.36500969529151917, 0.3640727996826172, 0.3631593585014343, 0.36230388283729553, 0.3614707291126251, 0.36068442463874817, 0.3599255084991455, 0.35919708013534546, 0.35849758982658386, 0.3578244745731354, 0.3571804165840149, 0.35656094551086426, 0.35596075654029846, 0.3553812503814697, 0.3548341393470764, 0.35430383682250977, 0.35379838943481445, 0.3533008098602295, 0.35280922055244446, 0.3523416817188263, 0.35187917947769165, 0.35143643617630005, 0.35100898146629333, 0.3505886495113373, 0.3501799404621124, 0.34979522228240967, 0.34942427277565, 0.34904804825782776, 0.34870508313179016, 0.34834662079811096, 0.348013699054718, 0.3476899564266205, 0.34736794233322144, 0.3470463454723358, 0.34674152731895447, 0.34645187854766846, 0.34615060687065125, 0.34586846828460693, 0.34559106826782227, 0.3453187048435211, 0.34504562616348267, 0.3447783291339874, 0.3445347845554352, 0.34427183866500854, 0.34403449296951294, 0.3437800407409668, 0.3435520529747009, 0.34331172704696655, 0.3430972397327423, 0.34287530183792114, 0.342662513256073, 0.34245455265045166, 0.34225842356681824, 0.3420654535293579, 0.3418758511543274, 0.3416694104671478, 0.3414994180202484, 0.3413233160972595, 0.3411269187927246, 0.3409477770328522, 0.34077343344688416, 0.34060466289520264, 0.34043213725090027, 0.34028488397598267, 0.34011778235435486, 0.33996155858039856, 0.3398101329803467, 0.33966153860092163], "validation_losses": [0.1638742983341217, 0.15344180166721344, 0.14714737236499786, 0.14286604523658752, 0.13972702622413635, 0.13725295662879944, 0.1352340131998062, 0.13352060317993164, 0.13203851878643036, 0.13071927428245544, 0.12954677641391754, 0.12850236892700195, 0.12755845487117767, 0.12668682634830475, 0.12590362131595612, 0.12514977157115936, 0.12445224076509476, 0.12380648404359818, 0.1232047826051712, 0.12266341596841812, 0.12213610857725143, 0.12161359935998917, 0.12114029377698898, 0.12067513167858124, 0.1202705055475235, 0.11981751769781113, 0.11944357305765152, 0.11905471980571747, 0.11868423223495483, 0.11832919716835022, 0.11803271621465683, 0.11771731078624725, 0.11741220951080322, 0.11712504923343658, 0.11681140214204788, 0.11655890196561813, 0.11629551649093628, 0.11606937646865845, 0.11585575342178345, 0.11562357097864151, 0.11542181670665741, 0.11522062867879868, 0.11503558605909348, 0.11485657095909119, 0.11466305702924728, 0.11452895402908325, 0.11436000466346741, 0.1142149567604065, 0.11407402157783508, 0.11394315212965012, 0.11380494385957718, 0.11366558820009232, 0.11355710029602051, 0.1134376972913742, 0.11332491785287857, 0.11321532726287842, 0.1131211519241333, 0.11302371323108673, 0.11293713003396988, 0.11283767968416214, 0.11277192831039429, 0.11267416924238205, 0.11259843409061432, 0.11251387000083923, 0.1124352514743805, 0.11237512528896332, 0.11228150874376297, 0.11222411692142487, 0.11213507503271103, 0.11208493262529373, 0.11202174425125122, 0.11195480078458786, 0.1118985265493393, 0.11185549944639206, 0.11179476976394653, 0.11172063648700714, 0.11166933923959732, 0.11160862445831299, 0.11153747886419296, 0.11149279773235321, 0.11146529018878937, 0.1113983690738678, 0.11134754866361618, 0.1113196462392807, 0.1112683117389679, 0.11124039441347122, 0.11121311783790588, 0.11115925014019012, 0.11111361533403397, 0.11110842227935791, 0.11104761064052582, 0.11101393401622772, 0.11097488552331924, 0.11094805598258972, 0.11087058484554291, 0.11087468266487122, 0.11082296073436737, 0.11080269515514374, 0.11076716333627701, 0.11072415113449097], "training_accs": [0.6143894783045549, 0.655259447796146, 0.6652568124751133, 0.6842449094405594, 0.6927718718874335, 0.6979583089712252, 0.7005955994538576, 0.7042580416014513, 0.7080366150072698, 0.7114940268218711, 0.7168862494319493, 0.7175278174210891, 0.7189938049629324, 0.719228216589749, 0.7219823935239004, 0.721074128310458, 0.723154451657984, 0.726143040218952, 0.7260269089607272, 0.7280778510144286, 0.7286355733428295, 0.7306865153965308, 0.7322414020131416, 0.7346450360622517, 0.7361110236040949, 0.7354371700174692, 0.7359059932711025, 0.736932538853137, 0.7386057058383396, 0.7391634281667404, 0.740925494226711, 0.7423642495850968, 0.7456195353703676, 0.7462661567735359, 0.7478504246839712, 0.7511946095440094, 0.7537760417426546, 0.755861418504209, 0.7569496309775535, 0.759296651549382, 0.759592730067509, 0.7597110104361011, 0.762146930082697, 0.7627935514858654, 0.7633512738142662, 0.7636745845158505, 0.7630896300039923, 0.7635018397803441, 0.7647061835119136, 0.7660832719789892, 0.7660832719789892, 0.7676381585956, 0.7679614692971842, 0.7691930452122108, 0.7692819442869783, 0.7695163559137951, 0.7704590558350904, 0.7709278790887238, 0.771808912118709, 0.7726010460739267, 0.7731587684023274, 0.7731587684023274, 0.7738620032827775, 0.7738620032827775, 0.7738620032827775, 0.7738620032827775, 0.7738620032827775, 0.7741853139843617, 0.774508624685946, 0.774508624685946, 0.775211859566396, 0.7754462711932127, 0.7756806828200294, 0.7756806828200294, 0.7765889480334719, 0.7769122587350559, 0.776354536406655, 0.7768233596602885, 0.7770577712871051, 0.7761495060736628, 0.7775265945407385, 0.7772921829139218, 0.7778499052423227, 0.7778499052423227, 0.778758170455765, 0.778758170455765, 0.778758170455765, 0.778758170455765, 0.778758170455765, 0.7789925820825818, 0.7789925820825818, 0.7792269937093984, 0.7801352589228409, 0.7801352589228409, 0.7801352589228409, 0.779900847296024, 0.7801352589228409, 0.7801352589228409, 0.7801352589228409, 0.7798119482212565],