{"n_classes": 2, "train_acc": 0.8546719582576936, "val_acc": 0.8071063373603266, "test_acc": 0.814656851289242, "confusion_matrix": [147, 51, 44, 345], "val_accs": null, "train_accs": null, "val_losses": null, "train_losses": null}