{"n_classes": 3, "train_acc": 0.7584662850647504, "val_acc": 0.7270334059549746, "test_acc": 0.7192386831275721, "confusion_matrix": [62, 6, 12, 13, 55, 13, 6, 2, 19], "val_accs": [0.6342592592592592, 0.5942265795206971, 0.5695352214960058, 0.5992193173565722, 0.6494190268700072, 0.6262708787218592, 0.606118373275236, 0.6443355119825708, 0.6273602033405955, 0.6538671023965141, 0.6200072621641249, 0.6227305737109659, 0.6412490922294843, 0.670479302832244, 0.6542302106027597, 0.6796477850399419, 0.6457879448075526, 0.6751089324618736, 0.6866376180101671, 0.6523238925199709, 0.6200072621641249, 0.699074074074074, 0.6715686274509803, 0.6443355119825708, 0.638162672476398, 0.6986201888162672, 0.695079883805374, 0.6677559912854031, 0.7028867102396514, 0.6970769789397241, 0.7152323892519972, 0.6129266521423383, 0.6892701525054467, 0.6311728395061729, 0.6608569353667394, 0.662763253449528, 0.6858206245461148, 0.6855482933914306, 0.6707516339869283, 0.7236746550472041, 0.7043391430646332, 0.6997095134350036, 0.6757443718228031, 0.6938997821350762, 0.6261801016702977, 0.6561365286855483, 0.6808278867102396, 0.6840050835148874, 0.6242737835875091, 0.6720225127087872, 0.6512345679012346, 0.7081517792302106, 0.6576797385620915, 0.6291757443718228, 0.6257262164124909, 0.6594952795933189, 0.6842774146695715, 0.6092047930283224, 0.6477850399419026, 0.6426107480029049, 0.6299019607843137, 0.7070624546114742, 0.5887799564270153, 0.6188271604938271, 0.646151053013798, 0.7224037763253449, 0.632716049382716, 0.6113834422657952, 0.6909041394335511, 0.6654865649963689, 0.670479302832244, 0.6245461147421931, 0.6443355119825708, 0.6843681917211328, 0.5925925925925927, 0.6700254175744371, 0.6732026143790849, 0.6056644880174292, 0.6329883805374, 0.6943536673928832, 0.6042120551924474, 0.6551379811183734, 0.6847312999273784, 0.6299019607843137, 0.6539578794480755, 0.65159767610748, 0.6909949164851126, 0.6870915032679737, 0.6377087872185911, 0.633442265795207, 0.7270334059549746, 0.6827342047930284, 0.6469680464778503, 0.6812817719680465, 0.6712055192447349, 0.6550472040668119, 0.6651234567901234, 0.7132352941176471, 0.7013435003631082, 0.6584967320261438], "train_accs": [0.6619473876507125, 0.7021583512632107, 0.7091990419356149, 0.6992570941420047, 0.7220280382684475, 0.6971291898401873, 0.7554675976670863, 0.7222898821364293, 0.7520643039824625, 0.7862217350708399, 0.7166883178392128, 0.7279056550156294, 0.7435357717966413, 0.7632451048052071, 0.7441677153953369, 0.8005020365634176, 0.7481501779455743, 0.7671037497124454, 0.8085373279746682, 0.788805667194414, 0.7739766437976155, 0.7639778616760714, 0.7678513917644353, 0.7810247770605826, 0.7172302737520129, 0.7966352724664745, 0.7601456041353739, 0.7828272371750633, 0.8107281559966982, 0.8027415797236769, 0.7612261329652634, 0.764124007090759, 0.7648344361899349, 0.759845870715436, 0.7795477611334389, 0.7568958984560007, 0.7789009323536179, 0.7659521779726383, 0.7327487516745829, 0.7795288163574609, 0.7853807223372441, 0.7870370370370371, 0.8087504567044208, 0.8092924126172208, 0.7543309111084047, 0.7433199366703201, 0.7523038200787561, 0.8007936507936507, 0.7268474539574283, 0.7966799280098513, 0.7518667370329775, 0.7826249340315837, 0.7456934464607099, 0.7112119243832798, 0.743569601753745, 0.7602538599981056, 0.7918605123208704, 0.7769712716004277, 0.7824679630306228, 0.7598797006725396, 0.7508829618804044, 0.7998362630076187, 0.7344043897752338, 0.7417894694109527, 0.7065298583201396, 0.7363827656666532, 0.7960561036008608, 0.7349172519249246, 0.7579723676910378, 0.7752215862190287, 0.7321574040244118, 0.7442725882623581, 0.7429261559696343, 0.7983105319422455, 0.6914531996373429, 0.773007753826168, 0.8112890566854761, 0.7337284672323036, 0.7219130164142952, 0.7737147999296337, 0.7799963463646328, 0.7924329151950635, 0.7664007632038322, 0.7310207174657303, 0.777573444836872, 0.7737892258352616, 0.7760179434092477, 0.8193622376486828, 0.7510399328813651, 0.7696200219218122, 0.7584662850647504, 0.7450689454525771, 0.7667559777534203, 0.7948970892704909, 0.7429640455215902, 0.7740767804706423, 0.7748474268934626, 0.8289117579398909, 0.809826925939458, 0.7592849700266581], "val_losses": [0.22820830345153809, 0.2520705759525299, 0.2531159520149231, 0.23521225154399872, 0.21661219000816345, 0.22477076947689056, 0.20759862661361694, 0.21035240590572357, 0.22368082404136658, 0.17896948754787445, 0.2262025624513626, 0.23688940703868866, 0.21815088391304016, 0.18041524291038513, 0.17214109003543854, 0.15487171709537506, 0.19782286882400513, 0.1904856413602829, 0.15986183285713196, 0.18503797054290771, 0.19759905338287354, 0.16184620559215546, 0.1692112535238266, 0.16849184036254883, 0.2316325604915619, 0.17644241452217102, 0.16396154463291168, 0.17585855722427368, 0.17394517362117767, 0.1697307825088501, 0.18388056755065918, 0.1819469928741455, 0.16291718184947968, 0.20830465853214264, 0.19475466012954712, 0.1908269226551056, 0.16699695587158203, 0.17967532575130463, 0.17695510387420654, 0.16511888802051544, 0.166398823261261, 0.15090276300907135, 0.15857642889022827, 0.14708690345287323, 0.19577690958976746, 0.1807202249765396, 0.18286632001399994, 0.17323856055736542, 0.22983935475349426, 0.18668945133686066, 0.19818267226219177, 0.15083648264408112, 0.19917675852775574, 0.19322934746742249, 0.19349105656147003, 0.1643703728914261, 0.179499089717865, 0.20529285073280334, 0.20045804977416992, 0.1962333470582962, 0.20091606676578522, 0.14991265535354614, 0.2452240288257599, 0.2147665023803711, 0.1916223168373108, 0.16672158241271973, 0.1960712969303131, 0.20392954349517822, 0.18862181901931763, 0.18283484876155853, 0.2030809074640274, 0.20550206303596497, 0.2154531329870224, 0.1698794662952423, 0.22490663826465607, 0.18430200219154358, 0.183250293135643, 0.2002415508031845, 0.18512167036533356, 0.16609196364879608, 0.22045961022377014, 0.18547993898391724, 0.19047272205352783, 0.18243637681007385, 0.2061634212732315, 0.200948566198349, 0.1858612447977066, 0.1639775186777115, 0.20241272449493408, 0.2043016254901886, 0.1424277275800705, 0.1602472960948944, 0.2025226503610611, 0.17342479526996613, 0.18162508308887482, 0.19665829837322235, 0.20423075556755066, 0.1554296910762787, 0.1693405658006668, 0.17790618538856506],