{"n_classes": 3, "train_acc": 1.0, "val_acc": 0.8246285070794092, "test_acc": 0.7961260211554478, "confusion_matrix": [291, 10, 12, 10, 182, 6, 22, 13, 41], "val_accs": null, "train_accs": null, "val_losses": null, "train_losses": null}