{"n_classes": 3, "train_acc": 1.0, "val_acc": 0.744495776919344, "test_acc": 0.7496100515269845, "confusion_matrix": [266, 21, 26, 12, 178, 8, 27, 11, 38], "val_accs": null, "train_accs": null, "val_losses": null, "train_losses": null}