{"training_acc": 0.7130586043873554, "validation_acc": 0.5820365948192889, "classes": ["aerobe", "anaerobe", "facultative"], "confusion_matrix": [290, 10, 39, 79, 147, 17, 55, 0, 22], "f1_score": 0.6952297122527806, "training_losses": [0.5718109011650085, 0.5388462543487549, 0.5155109167098999, 0.49732354283332825, 0.4832232892513275, 0.47190892696380615, 0.4627184569835663, 0.45523256063461304, 0.44897252321243286, 0.44375285506248474, 0.4393364191055298, 0.43559935688972473, 0.4324323236942291, 0.42973974347114563, 0.42745599150657654, 0.42543962597846985, 0.4236280620098114, 0.42207804322242737, 0.4206925928592682, 0.4194518029689789, 0.4183444678783417, 0.41736212372779846, 0.41647806763648987, 0.41567906737327576, 0.41495293378829956, 0.4142793118953705, 0.413663774728775, 0.4131088852882385, 0.4126000702381134, 0.4121227562427521, 0.4116867780685425, 0.41127559542655945, 0.4108985662460327, 0.4105337858200073, 0.4101707637310028, 0.40984660387039185, 0.40954411029815674, 0.40925267338752747, 0.40897336602211, 0.4086896777153015, 0.40845194458961487, 0.4081985354423523, 0.40796536207199097, 0.40773776173591614, 0.40752196311950684, 0.40731388330459595, 0.4070943295955658, 0.40691033005714417, 0.4067161977291107, 0.4065387547016144, 0.4063585698604584, 0.40619176626205444, 0.4060221314430237, 0.4058610796928406, 0.4057178795337677, 0.40557295083999634, 0.40542933344841003, 0.40528759360313416, 0.40514642000198364, 0.4050099849700928, 0.40488141775131226, 0.40476858615875244, 0.40464112162590027, 0.40451908111572266, 0.40440985560417175, 0.40430182218551636, 0.4041963219642639, 0.4040941298007965, 0.4040026366710663, 0.4038999080657959, 0.4038071930408478, 0.4037136137485504, 0.40362605452537537, 0.40353691577911377, 0.4034568965435028, 0.4033752381801605, 0.40329936146736145, 0.4032215476036072, 0.40315955877304077, 0.4030766189098358, 0.40301334857940674, 0.40294182300567627, 0.4028705358505249, 0.40280881524086, 0.40274667739868164, 0.40267834067344666, 0.4026123583316803, 0.4025493264198303, 0.40249866247177124, 0.4024333655834198, 0.4023776054382324, 0.4023210108280182, 0.4022664725780487, 0.4022144079208374, 0.4021576941013336, 0.40210801362991333, 0.4020566940307617, 0.4020015597343445, 0.4019588530063629, 0.40191107988357544], "validation_losses": [0.250820517539978, 0.23778876662254333, 0.23006726801395416, 0.22381842136383057, 0.21741142868995667, 0.2113543450832367, 0.20586752891540527, 0.20135566592216492, 0.1975414901971817, 0.19331249594688416, 0.1893012821674347, 0.18567650020122528, 0.18275099992752075, 0.18053288757801056, 0.1778399795293808, 0.17592278122901917, 0.174088254570961, 0.17143245041370392, 0.1690363883972168, 0.16678620874881744, 0.16472221910953522, 0.16294072568416595, 0.1619165688753128, 0.16055074334144592, 0.15907466411590576, 0.1581825315952301, 0.1571686714887619, 0.1561843305826187, 0.15571729838848114, 0.15504124760627747, 0.15463565289974213, 0.15406742691993713, 0.15353982150554657, 0.15334312617778778, 0.1529662162065506, 0.152762770652771, 0.15256817638874054, 0.1522536426782608, 0.1518372893333435, 0.15185515582561493, 0.15142884850502014, 0.15123549103736877, 0.15122923254966736, 0.15102651715278625, 0.15092280507087708, 0.15078145265579224, 0.15081241726875305, 0.15057016909122467, 0.1505376696586609, 0.15048131346702576, 0.1503990739583969, 0.15041625499725342, 0.15037554502487183, 0.1503634750843048, 0.15031638741493225, 0.15024924278259277, 0.15030688047409058, 0.1502566635608673, 0.15032465755939484, 0.1502911001443863, 0.1503860503435135, 0.15034343302249908, 0.15035845339298248, 0.15041348338127136, 0.1503937840461731, 0.15034835040569305, 0.15037348866462708, 0.15031518042087555, 0.15033087134361267, 0.15035323798656464, 0.15038560330867767, 0.1504046618938446, 0.15035337209701538, 0.15038831532001495, 0.15035034716129303, 0.15035925805568695, 0.15035606920719147, 0.1503073126077652, 0.15029968321323395, 0.15036389231681824, 0.1503479927778244, 0.15043452382087708, 0.15033356845378876, 0.15027078986167908, 0.15016552805900574, 0.15022210776805878, 0.15020599961280823, 0.15026777982711792, 0.15019293129444122, 0.1501995474100113, 0.15017087757587433, 0.15023081004619598, 0.15027639269828796, 0.15029580891132355, 0.15033119916915894, 0.15040434896945953, 0.15037184953689575, 0.1504279524087906, 0.1504599153995514, 0.15046267211437225], "training_accs": [0.5448638170995606, 0.5727877495073616, 0.606947572382987, 0.6233663668346988, 0.650950141876096, 0.6780246121337492, 0.6879200149397015, 0.6959006826513191, 0.6994946182499812, 0.7032743078234057, 0.7081741125021693, 0.7109255918039543, 0.7131658220146329, 0.7125109431672197, 0.7140504025299655, 0.7139087170810211, 0.7141423073636654, 0.7152624224690046, 0.7162886884332815, 0.7152604781616422, 0.7149330387379357, 0.7157257144195682, 0.7150249435716355, 0.7145577630063471, 0.7139967332999961, 0.7137631430173519, 0.7146496678400469, 0.7141824872747584, 0.7139488969921143, 0.7148354218148093, 0.7148354218148093, 0.7148354218148093, 0.7146018315321649, 0.7143682412495208, 0.7146018315321649, 0.7146018315321649, 0.7143682412495208, 0.7150211757895716, 0.7146937363658651, 0.7152547660722158, 0.7149273266485091, 0.7149273266485091, 0.7149273266485091, 0.7149273266485091, 0.7149273266485091, 0.7149273266485091, 0.7149273266485091, 0.7146937363658651, 0.7146937363658651, 0.7142265558005766, 0.7139929655179321, 0.7139929655179321, 0.7139929655179321, 0.7139929655179321, 0.7139929655179321, 0.7139929655179321, 0.7139929655179321, 0.7142265558005766, 0.7144601460832206, 0.7142265558005766, 0.7144601460832206, 0.7144601460832206, 0.7144601460832206, 0.7144601460832206, 0.7144601460832206, 0.7144601460832206, 0.7144601460832206, 0.7144601460832206, 0.7144601460832206, 0.7144601460832206, 0.7144601460832206, 0.7144601460832206, 0.7142265558005766, 0.7142265558005766, 0.7142265558005766, 0.7142265558005766, 0.7139929655179321, 0.7139929655179321, 0.7139929655179321, 0.7139929655179321, 0.7139929655179321, 0.7139929655179321, 0.7139929655179321, 0.7139929655179321, 0.7137593752352881, 0.7137593752352881, 0.7135257849526436, 0.7135257849526436, 0.7130586043873554, 0.7132921946699996, 0.7130586043873554, 0.7130586043873554, 0.7132921946699996, 0.7132921946699996, 0.7132921946699996, 0.7132921946699996, 0.7132921946699996, 0.7132921946699996, 0.7132921946699996, 0.7130586043873554],