{"n_classes": 2, "train_acc": 0.9992289899768697, "val_acc": 0.895806704325238, "test_acc": 0.9071693801770923, "confusion_matrix": [176, 22, 29, 360], "val_accs": null, "train_accs": null, "val_losses": null, "train_losses": null}