{"n_classes": 3, "train_acc": 0.8835903093608742, "val_acc": 0.8123110494320386, "test_acc": 0.7711036433501541, "confusion_matrix": [270, 17, 26, 14, 170, 14, 22, 9, 45], "val_accs": [0.6186671312622782, 0.6319291331486966, 0.6805504656970237, 0.6721894134947669, 0.7101353935745626, 0.7466014764261115, 0.7306737237138011, 0.7332590380868274, 0.7461292043065878, 0.7341545194272391, 0.7514279973592813, 0.752114877940186, 0.7523268163118452, 0.7564644540968187, 0.7550382924242212, 0.7397203214521016, 0.7721762633028876, 0.7399329273461911, 0.7408290762090334, 0.7593898711481453, 0.7580978814840625, 0.781090024077534, 0.7450491530141642, 0.758360885321649, 0.7763983426753098, 0.7755812952204727, 0.7683002943106395, 0.796120960404572, 0.7602102562151344, 0.7544869188966922, 0.7997332580368033, 0.7650354421034432, 0.7679621941996305, 0.7762661732340862, 0.7921128219711003, 0.7814341318904169, 0.7964623981277331, 0.760209588692704, 0.7760575724745791, 0.7734709230566921, 0.8021066340381702, 0.7893980082465721, 0.7608958017511783, 0.7917700492030785, 0.7745529769164068, 0.7938790863219981, 0.7408290762090334, 0.7916385472842852, 0.76585182203585, 0.7692528488188525, 0.7767397803984708, 0.7900037848521806, 0.8011574171421095, 0.7887111276656674, 0.7949591376144217, 0.7881060185824894, 0.8000773658496859, 0.795173078553372, 0.7924569297839831, 0.7881557490035559, 0.7934054791576134, 0.7990483800231897, 0.7969380078594092, 0.7993904852687813, 0.8123110494320386, 0.7927206011439999, 0.7963328987762311, 0.8032671217834597, 0.7963315637313704, 0.7921134894935307, 0.7795901011763747, 0.7732065841742447, 0.8076166979400926, 0.7953039129497349, 0.7945659669029029, 0.7786402167578835, 0.8008146443740874, 0.7772951590605824, 0.7534505903234613, 0.7750272516032221, 0.7963335662986615, 0.77695171877013, 0.7830695618449518, 0.8072739251720705, 0.7959894584857787, 0.7753176238604559, 0.7985741053363746, 0.7966756715442531, 0.7877625782920371, 0.7942218590900202, 0.753274698163045, 0.7979669936859053, 0.8025795736801246, 0.7579703846998518, 0.7912937719489719, 0.7948269681731981, 0.7868133613959764, 0.7976242209178834, 0.788843297106891, 0.7814341318904169], "train_accs": [0.6440116234196194, 0.6741041329565821, 0.70864995628639, 0.7195492942532118, 0.7667957385519671, 0.7781789162302676, 0.7747984963501882, 0.7820212689925695, 0.799879573537485, 0.7960879477170044, 0.7969166924463704, 0.8134226054191313, 0.8119829164612806, 0.8131893791011628, 0.8193800990524113, 0.8245047986602465, 0.818637516806068, 0.8259457737392962, 0.8332899427812009, 0.8366016407148945, 0.8414409329211575, 0.8239782068748555, 0.8347593622176909, 0.8456390601056828, 0.8495376233906894, 0.8597479975344965, 0.8389776564546964, 0.8522339749565929, 0.8388032465059471, 0.8416385694244787, 0.8662429691595621, 0.859812522021198, 0.8499736841578692, 0.8735130304316286, 0.870704053140695, 0.8725793125511117, 0.8711736049926797, 0.8758419087602709, 0.8654376388623302, 0.8576586951744442, 0.8710811264631518, 0.8772520016559499, 0.8574283801949617, 0.8754944314999858, 0.8795535873318835, 0.8782941478018119, 0.8789722055614538, 0.8864020467717678, 0.8834973405167327, 0.8851915378907268, 0.8847270327661065, 0.8866945996305472, 0.8836584065761791, 0.885413065393657, 0.8684699567510434, 0.875622328768657, 0.8854767772717151, 0.8840122334870859, 0.897002327955743, 0.8782827880828621, 0.8931551163436388, 0.8942778711284869, 0.8858590485400623, 0.8904265964731654, 0.8835903093608742, 0.8783911796891708, 0.9016183162232626, 0.8973945216033153, 0.8939768698892433, 0.8971918383726297, 0.8921718232260322, 0.8808105722339662, 0.8886995694044842, 0.8923588958169885, 0.8984171452847566, 0.8937714265385978, 0.8901598790703923, 0.8532907144539204, 0.8633017291196886, 0.8905881528472257, 0.9047006630046427, 0.88844209618876, 0.8828350278132874, 0.8875647935105686, 0.8913712005600768, 0.8955665508225836, 0.9005412416528711, 0.90337393886791, 0.9025829162871503, 0.9058890771788654, 0.8889088879207848, 0.8972279185018907, 0.8866463471736928, 0.9008082614926959, 0.8992933497193117, 0.9065136845357626, 0.8982705381603081, 0.9105144776540185, 0.9128769982859914, 0.9038426781112513], "val_losses": [0.15763914585113525, 0.14641276001930237, 0.1281723827123642, 0.14651495218276978, 0.11872708797454834, 0.12705528736114502, 0.11697446554899216, 0.10903839021921158, 0.12085956335067749, 0.13026204705238342, 0.1064654067158699, 0.1084468737244606, 0.11646606028079987, 0.10627778619527817, 0.12487667053937912, 0.10126551985740662, 0.11760850995779037, 0.09911340475082397, 0.1099555641412735, 0.11007212102413177, 0.11013764142990112, 0.10595829784870148, 0.11103257536888123, 0.09911925345659256, 0.10149405896663666, 0.10049474239349365, 0.11952061951160431, 0.09461451321840286, 0.09892408549785614, 0.0912037044763565, 0.10092432051897049, 0.09617484360933304, 0.09431633353233337, 0.10743732750415802, 0.10522197186946869, 0.10469494014978409, 0.10141671448945999, 0.0992824137210846, 0.09377964586019516, 0.09830936789512634, 0.08913951367139816, 0.10784750431776047, 0.10213055461645126, 0.09624351561069489, 0.08851365000009537, 0.09796397387981415, 0.11063560843467712, 0.10730651021003723, 0.09465235471725464, 0.09413482993841171, 0.1062423437833786, 0.0974656268954277, 0.09455866366624832, 0.1002805083990097, 0.09018497914075851, 0.10462423413991928, 0.10173182189464569, 0.09004749357700348, 0.09890686720609665, 0.09369099885225296, 0.09824426472187042, 0.09105866402387619, 0.09494128078222275, 0.1000589057803154, 0.08545070886611938, 0.08672605454921722, 0.09815055876970291, 0.09322699904441833, 0.1014346182346344, 0.09803662449121475, 0.08811113238334656, 0.11240904778242111, 0.09499519318342209, 0.090693399310112, 0.10058995336294174, 0.09190403670072556, 0.08901257067918777, 0.11596090346574783, 0.11340198665857315, 0.08692166209220886, 0.09430905431509018, 0.11086229234933853, 0.10093480348587036, 0.09109552949666977, 0.09828396886587143, 0.1077231913805008, 0.09126166999340057, 0.09541558474302292, 0.10235868394374847, 0.10022878646850586, 0.10182932764291763, 0.09946374595165253, 0.09204603731632233, 0.09208106994628906, 0.10686329752206802, 0.09948279708623886, 0.10684419423341751, 0.09653464704751968, 0.09222912788391113, 0.10306595265865326],