{"training_acc": 0.6850671681120403, "validation_acc": 0.6910881241469493, "classes": ["aerobe", "anaerobe", "facultative"], "confusion_matrix": [293, 20, 24, 16, 219, 1, 31, 32, 24], "f1_score": 0.797407824201571, "training_losses": [0.5217206478118896, 0.4932207465171814, 0.48349401354789734, 0.4779123067855835, 0.47382277250289917, 0.4705294966697693, 0.4677852392196655, 0.4654228091239929, 0.4633396863937378, 0.46151137351989746, 0.45991817116737366, 0.4584842324256897, 0.45719319581985474, 0.456028550863266, 0.45497268438339233, 0.45403409004211426, 0.45318281650543213, 0.45242148637771606, 0.45171764492988586, 0.4510972201824188, 0.45050567388534546, 0.44996878504753113, 0.4494761526584625, 0.44900277256965637, 0.44855475425720215, 0.44817274808883667, 0.4477849006652832, 0.44742077589035034, 0.447086900472641, 0.44674474000930786, 0.4464271664619446, 0.4461364448070526, 0.44582873582839966, 0.44555309414863586, 0.44528576731681824, 0.44502702355384827, 0.4448016583919525, 0.4445863962173462, 0.4443824589252472, 0.44414022564888, 0.44394755363464355, 0.443747878074646, 0.44357818365097046, 0.44338300824165344, 0.44322121143341064, 0.44302982091903687, 0.44286948442459106, 0.44268998503685, 0.44253167510032654, 0.4423578381538391, 0.4421979486942291, 0.4420435428619385, 0.4418947696685791, 0.44175347685813904, 0.44158434867858887, 0.44144561886787415, 0.4413270056247711, 0.441161185503006, 0.4410155117511749, 0.44090384244918823, 0.4407825767993927, 0.4406355917453766, 0.4405003488063812, 0.4403723180294037, 0.44024237990379333, 0.44010698795318604, 0.439998060464859, 0.43986353278160095, 0.4397292733192444, 0.43963584303855896, 0.4395248591899872, 0.439424067735672, 0.43931758403778076, 0.4391915202140808, 0.4390736222267151, 0.43899375200271606, 0.43887782096862793, 0.43876832723617554, 0.43866074085235596, 0.4385596811771393, 0.43849289417266846, 0.4383900761604309, 0.43829047679901123, 0.4381958246231079, 0.43810930848121643, 0.4380165636539459, 0.437967985868454, 0.43784666061401367, 0.43778324127197266, 0.43768852949142456, 0.4376101493835449, 0.4375207722187042, 0.4374297261238098, 0.43735405802726746, 0.4372842013835907, 0.4372294843196869, 0.4371557831764221, 0.43709489703178406, 0.43698546290397644, 0.43695420026779175], "validation_losses": [0.14485318958759308, 0.1303083300590515, 0.12587857246398926, 0.12397110462188721, 0.12292994558811188, 0.12227139621973038, 0.12178318947553635, 0.12144080549478531, 0.12111975252628326, 0.12083471566438675, 0.12057067453861237, 0.12035440653562546, 0.12015017867088318, 0.11999575048685074, 0.1197889894247055, 0.1196317970752716, 0.11944326013326645, 0.11933095753192902, 0.11916285753250122, 0.11907763034105301, 0.1189032569527626, 0.11880068480968475, 0.11867449432611465, 0.11857747286558151, 0.11847972869873047, 0.11842687427997589, 0.11828703433275223, 0.11821389198303223, 0.11811862885951996, 0.11804188787937164, 0.11796184629201889, 0.11789222061634064, 0.11782146990299225, 0.11775249987840652, 0.11768338084220886, 0.11765341460704803, 0.11755731701850891, 0.11752237379550934, 0.11746014654636383, 0.11735602468252182, 0.11732210218906403, 0.1172604188323021, 0.1172199472784996, 0.11718786507844925, 0.11711817979812622, 0.1171133816242218, 0.11705461144447327, 0.117047518491745, 0.11700139194726944, 0.11693134903907776, 0.11689677834510803, 0.11686129122972488, 0.11681690812110901, 0.1168055310845375, 0.11673407256603241, 0.11674726009368896, 0.11673729121685028, 0.11668053269386292, 0.11661674082279205, 0.11659848690032959, 0.11654912680387497, 0.11651354283094406, 0.11653101444244385, 0.11646505445241928, 0.11642144620418549, 0.11640603095293045, 0.1163921132683754, 0.11634203791618347, 0.11635982990264893, 0.11628727614879608, 0.11626860499382019, 0.11623196303844452, 0.11626744270324707, 0.11622963100671768, 0.11617527902126312, 0.11618252843618393, 0.11617115885019302, 0.11612998694181442, 0.11611238121986389, 0.11609797924757004, 0.11607314646244049, 0.1160464808344841, 0.1160445585846901, 0.11600562185049057, 0.11603441089391708, 0.11598635464906693, 0.11592257022857666, 0.11594434082508087, 0.1159641444683075, 0.1159091666340828, 0.1159021407365799, 0.11590329557657242, 0.11587246507406235, 0.1158817782998085, 0.1158374547958374, 0.11585357040166855, 0.11583609879016876, 0.11582740396261215, 0.11585082113742828, 0.11580023169517517], "training_accs": [0.6441246697077873, 0.6475233189347399, 0.6475520615047855, 0.6459693039809388, 0.6466431575675645, 0.6461743343139311, 0.6540197859230585, 0.658475117219164, 0.6601159986068809, 0.6623447388101172, 0.66539133476544, 0.6673584311584025, 0.6697377373277168, 0.6697377373277168, 0.670061048029301, 0.6715270355711443, 0.6715270355711443, 0.67290412403822, 0.67290412403822, 0.6739034374367971, 0.6766282330771242, 0.6775364982905664, 0.6770382937431085, 0.6770382937431085, 0.6770382937431085, 0.6770382937431085, 0.6770382937431085, 0.6779465589565509, 0.6779465589565509, 0.6784153822101843, 0.6784153822101843, 0.6790892357968099, 0.6790892357968099, 0.6788548241699933, 0.6795580590504433, 0.6795580590504433, 0.6795580590504433, 0.6795580590504433, 0.6795580590504433, 0.6795580590504433, 0.6795580590504433, 0.6795580590504433, 0.6795580590504433, 0.6795580590504433, 0.6795580590504433, 0.6795580590504433, 0.6795580590504433, 0.6795580590504433, 0.6795580590504433, 0.6795580590504433, 0.6795580590504433, 0.6795580590504433, 0.6795580590504433, 0.6795580590504433, 0.6807007358907023, 0.6807007358907023, 0.6807007358907023, 0.6807007358907023, 0.6807007358907023, 0.6807007358907023, 0.6807007358907023, 0.6807007358907023, 0.6807007358907023, 0.6807007358907023, 0.6799975010102522, 0.6807007358907023, 0.6799975010102522, 0.6799975010102522, 0.6799975010102522, 0.6799975010102522, 0.6809057662236947, 0.6809057662236947, 0.6809057662236947, 0.6809057662236947, 0.6823423724717133, 0.6823423724717133, 0.6823423724717133, 0.6823423724717133, 0.6823423724717133, 0.6823423724717133, 0.6823423724717133, 0.6823423724717133, 0.6823423724717133, 0.6823423724717133, 0.684158902898598, 0.6859754333254826, 0.6859754333254826, 0.6859754333254826, 0.6859754333254826, 0.6859754333254826, 0.6859754333254826, 0.6859754333254826, 0.6850671681120403, 0.6859754333254826, 0.6850671681120403, 0.6850671681120403, 0.6850671681120403, 0.6859754333254826, 0.6859754333254826, 0.6850671681120403],