{"n_classes": 2, "train_acc": 0.9341178303170546, "val_acc": 0.9091143363707582, "test_acc": 0.9059749162576927, "confusion_matrix": [174, 24, 26, 363], "val_accs": null, "train_accs": null, "val_losses": null, "train_losses": null}