{"training_acc": 0.5181108335744439, "validation_acc": 0.529218726484802, "classes": ["aerobe", "anaerobe", "facultative"], "confusion_matrix": [192, 81, 64, 36, 148, 52, 25, 28, 34], "f1_score": 0.5848384225786458, "training_losses": [0.620542049407959, 0.61231929063797, 0.6062072515487671, 0.6013561487197876, 0.5974819660186768, 0.5944362878799438, 0.5919572710990906, 0.5898609161376953, 0.5880556106567383, 0.5865454077720642, 0.5853064656257629, 0.5843158960342407, 0.5835105776786804, 0.5828332304954529, 0.5822880864143372, 0.5818516612052917, 0.5814899206161499, 0.5811867713928223, 0.5809282064437866, 0.5806881785392761, 0.5805222392082214, 0.580407440662384, 0.5803194046020508, 0.580258846282959, 0.5802227854728699, 0.5802006721496582, 0.5801864862442017, 0.5801843404769897, 0.5802004933357239, 0.5802338719367981, 0.5802720785140991, 0.5803115367889404, 0.5803585052490234, 0.5804132223129272, 0.5804752707481384, 0.5805414915084839, 0.5806084275245667, 0.5806769728660583, 0.5807432532310486, 0.5808150768280029, 0.5808859467506409, 0.5809606313705444, 0.581035315990448, 0.5811090469360352, 0.5811784863471985, 0.5812456607818604, 0.5813150405883789, 0.5813850164413452, 0.5814513564109802, 0.5815141201019287, 0.5815786719322205, 0.5816430449485779, 0.5817068815231323, 0.5817693471908569, 0.5818290710449219, 0.58188796043396, 0.5819433927536011, 0.5820019841194153, 0.5820606350898743, 0.582115113735199, 0.582169771194458, 0.5822247862815857, 0.5822803378105164, 0.5823327302932739, 0.5823876261711121, 0.5824378728866577, 0.5824905633926392, 0.5825420618057251, 0.5825916528701782, 0.5826448202133179, 0.5826944708824158, 0.5827440619468689, 0.5827934741973877, 0.5828394889831543, 0.582884669303894, 0.5829309821128845, 0.5829759240150452, 0.5830221772193909, 0.5830630660057068, 0.5831055641174316, 0.5831440687179565, 0.5831835865974426, 0.5832232236862183, 0.5832623839378357, 0.5833010077476501, 0.5833383202552795, 0.5833751559257507, 0.583410382270813, 0.5834444165229797, 0.5834755897521973, 0.5835064053535461, 0.5835371017456055, 0.5835652351379395, 0.5835916996002197, 0.5836178660392761, 0.5836430191993713, 0.583667516708374, 0.5836949348449707, 0.5837217569351196, 0.5837504863739014], "validation_losses": [0.1937629133462906, 0.19170883297920227, 0.1900068074464798, 0.18867594003677368, 0.18764914572238922, 0.18686418235301971, 0.18623177707195282, 0.18570494651794434, 0.1852523237466812, 0.18487678468227386, 0.18457825481891632, 0.18435533344745636, 0.18418562412261963, 0.18405315279960632, 0.18395473062992096, 0.18388624489307404, 0.18383708596229553, 0.18380111455917358, 0.1837741583585739, 0.18375088274478912, 0.18374623358249664, 0.18374894559383392, 0.18376395106315613, 0.1837846040725708, 0.18381276726722717, 0.18384496867656708, 0.183872252702713, 0.1839040219783783, 0.18393756449222565, 0.183968186378479, 0.1840028017759323, 0.1840333640575409, 0.18406078219413757, 0.1840939074754715, 0.18412750959396362, 0.1841599941253662, 0.18419212102890015, 0.18422536551952362, 0.18425479531288147, 0.18428047001361847, 0.18430522084236145, 0.18433107435703278, 0.18435585498809814, 0.18438145518302917, 0.18440112471580505, 0.18441703915596008, 0.1844315528869629, 0.18444174528121948, 0.18445579707622528, 0.18446917831897736, 0.18447837233543396, 0.18448758125305176, 0.1844978630542755, 0.1845080405473709, 0.18451650440692902, 0.18452323973178864, 0.18452845513820648, 0.18453563749790192, 0.18454112112522125, 0.18454842269420624, 0.18455669283866882, 0.18455928564071655, 0.18456177413463593, 0.18456821143627167, 0.18457138538360596, 0.18457916378974915, 0.1845817118883133, 0.18458572030067444, 0.1845899075269699, 0.18459436297416687, 0.18460145592689514, 0.18460655212402344, 0.1846148818731308, 0.184620663523674, 0.1846223771572113, 0.1846323013305664, 0.18463972210884094, 0.1846427023410797, 0.18464979529380798, 0.18465587496757507, 0.18466238677501678, 0.1846703737974167, 0.18467578291893005, 0.1846819669008255, 0.18468761444091797, 0.18469297885894775, 0.1846969723701477, 0.184703066945076, 0.18470825254917145, 0.18471716344356537, 0.1847236007452011, 0.18472804129123688, 0.18473492562770844, 0.18473902344703674, 0.18474234640598297, 0.18474559485912323, 0.18475127220153809, 0.18475298583507538, 0.184758722782135, 0.18476267158985138], "training_accs": [0.44851289826168256, 0.4586015082956845, 0.4759756125263241, 0.48887118215046704, 0.5002530818067403, 0.5046580262228544, 0.5108931950574889, 0.5112096194329566, 0.5149545692165204, 0.5157810426569881, 0.5197877709246599, 0.521587954199597, 0.523453582095561, 0.5252046679014187, 0.5276294423314623, 0.5291214028135238, 0.5289113749588071, 0.5317261639547008, 0.531985289278497, 0.5325689845471162, 0.5327626652498852, 0.5330217905736814, 0.5341891811109197, 0.534513751055743, 0.5329563459526544, 0.5320480807392121, 0.5320480807392121, 0.5313989408495658, 0.5319826361181851, 0.5300761123357337, 0.5294269724460875, 0.5295715556797772, 0.5292469857349541, 0.5285078524897411, 0.5285078524897411, 0.5285078524897411, 0.5294161177031834, 0.5284178591341744, 0.527509593920732, 0.5284178591341744, 0.5288870123126872, 0.5279787470992449, 0.5270704818858025, 0.5269804885302358, 0.5264759318742792, 0.5267105084635356, 0.5266205151079689, 0.5268550916972253, 0.5270896682864817, 0.5270896682864817, 0.527793398054251, 0.5281179679990741, 0.527793398054251, 0.527793398054251, 0.5274688281094279, 0.527793398054251, 0.5274688281094279, 0.5265605628959855, 0.5265605628959855, 0.5265605628959855, 0.5247440324691008, 0.5247440324691008, 0.5249786090583571, 0.52544776223687, 0.52544776223687, 0.5250086502019405, 0.5250086502019405, 0.5252432267911968, 0.5245940869015506, 0.5245940869015506, 0.5245940869015506, 0.5245940869015506, 0.524828663490807, 0.524828663490807, 0.5239203982773647, 0.52210386785048, 0.52210386785048, 0.52210386785048, 0.5202873374235953, 0.5202873374235953, 0.5202873374235953, 0.5202873374235953, 0.5207564906021082, 0.520431920657285, 0.520431920657285, 0.520431920657285, 0.5195236554438428, 0.519433662088276, 0.519433662088276, 0.5191090921434529, 0.5191090921434529, 0.5191090921434529, 0.518435403519267, 0.518435403519267, 0.518435403519267, 0.518435403519267, 0.5181108335744439, 0.5181108335744439, 0.5181108335744439, 0.5181108335744439],