{"n_classes": 3, "train_acc": 0.8270665642107694, "val_acc": 0.8015001899101315, "test_acc": 0.7745746801573269, "confusion_matrix": [253, 22, 38, 8, 175, 15, 18, 10, 48], "val_accs": [0.5823298802398008, 0.6042433065857096, 0.6109151932777821, 0.6224109308133027, 0.6492783748765918, 0.631929800671127, 0.6755420449015638, 0.6543168341814206, 0.6816585529315248, 0.6766254338061395, 0.7026738278473003, 0.7314403732251412, 0.7233456624726232, 0.7221871772946251, 0.735660450030272, 0.7251145969132429, 0.7510334916029016, 0.7516386006860795, 0.7555145696783275, 0.7532740306406146, 0.7510334916029016, 0.757493439923315, 0.749398729170797, 0.7579677146101301, 0.7385878696488898, 0.7550416300363733, 0.733683582352576, 0.7550402949915124, 0.7430689477243159, 0.7592597042742129, 0.7558586774912103, 0.7491881258439986, 0.7524576507082079, 0.7721789333926093, 0.7537496403722906, 0.7555152372007581, 0.756333619700456, 0.7511649935216949, 0.7847036567546262, 0.7576256093645387, 0.757281501551656, 0.7633456090708287, 0.7759227329436338, 0.7605523614607259, 0.7387193715676831, 0.7536188059759278, 0.7866020905467477, 0.7623179582891934, 0.7584419892969453, 0.7644289979754045, 0.7497415019388188, 0.7456542620973421, 0.7639520531988676, 0.7580998840513539, 0.7916385472842852, 0.752456315663347, 0.7615015783567868, 0.7801421422263343, 0.7859969814635696, 0.7822511793452539, 0.7814334643679864, 0.7623186258116238, 0.7809598572036017, 0.7721796009150398, 0.7555159047231884, 0.7935356460315458, 0.7924555947391223, 0.7779002681437603, 0.7869441957923392, 0.772047431473816, 0.7600774192514804, 0.7942225266124505, 0.7804842474719257, 0.7683036319227917, 0.7636106154757064, 0.7580992165289234, 0.795645350672896, 0.7827267890769299, 0.7721796009150398, 0.7903465576202025, 0.7831997287188842, 0.8015001899101315, 0.7785073797942296, 0.7855213717318937, 0.7959887909633484, 0.7822525143901148, 0.7767397803984708, 0.7888426295844607, 0.7916385472842852, 0.7942225266124505, 0.7902157232238397, 0.7942225266124505, 0.7683029644003613, 0.79116427259747, 0.7946968012992657, 0.7618436836023782, 0.7553850703268257, 0.786602758069178, 0.7796678675395191, 0.7874198055240152], "train_accs": [0.6069851701519253, 0.6310351752773169, 0.6421439997810233, 0.6507507075690477, 0.6587266462271154, 0.674015227155658, 0.6948270173861132, 0.7055539097175606, 0.6988769122289032, 0.7121784206306426, 0.726513458777196, 0.7430965955379017, 0.7358057256802156, 0.7551233928659286, 0.7497927763948921, 0.7657103500175788, 0.7629442760190835, 0.7734907677042259, 0.7772453495682764, 0.7698078725861418, 0.7601513828804346, 0.7712933761749164, 0.7731694481939765, 0.7774241249972945, 0.7687564654511722, 0.7754791431542861, 0.7772422503522285, 0.7855627549320953, 0.7897581051946023, 0.7874901786240578, 0.7922665715609062, 0.7903809162587088, 0.7909791779880081, 0.7872348575992708, 0.7828949989421576, 0.7978916884020385, 0.7927278262509526, 0.781353419247146, 0.7928134816173033, 0.7943867561043292, 0.7881685754797877, 0.796505486505969, 0.7937543617570854, 0.8010268608550821, 0.791047275203313, 0.7968419064843557, 0.807951731474268, 0.7971528301028245, 0.8109854867027059, 0.7878994202510841, 0.8117877177838898, 0.8094364224543993, 0.8136064275755137, 0.8094372350630427, 0.8179901533522345, 0.8170016454866792, 0.8038077328846635, 0.8158524106577656, 0.8035564581010353, 0.819986486868145, 0.8256031553288133, 0.8119340026143087, 0.806703178150591, 0.8127742781381285, 0.8113261407998138, 0.8192471550563756, 0.831415344760902, 0.8221983373324523, 0.8279985056554735, 0.8238184269366079, 0.8255210726910661, 0.8229729534668978, 0.823334738443655, 0.8254513502584745, 0.8176841053856263, 0.8297336588105892, 0.8233290669852092, 0.8205967865085703, 0.817839160890539, 0.8336260603225364, 0.8234225093419063, 0.8270665642107694, 0.8298258150460875, 0.8160531295750765, 0.8199023055005555, 0.8297965580800039, 0.8367058180594603, 0.8245813442560155, 0.8120396539576356, 0.8309666014945369, 0.8365332044035019, 0.830868434704505, 0.8294342827886328, 0.84086833862728, 0.8268686054134186, 0.8323999408017658, 0.8253340001001096, 0.8123138360567256, 0.8343441100361306, 0.8295365126218819], "val_losses": [0.18053163588047028, 0.17011047899723053, 0.16278119385242462, 0.15792010724544525, 0.1532006561756134, 0.14595337212085724, 0.14930036664009094, 0.14666157960891724, 0.14083094894886017, 0.13627387583255768, 0.13544054329395294, 0.13171018660068512, 0.12495981156826019, 0.1286139190196991, 0.12705422937870026, 0.13018041849136353, 0.12465283274650574, 0.12636657059192657, 0.12039420008659363, 0.11882162094116211, 0.11968894302845001, 0.11947889626026154, 0.1180802434682846, 0.11604729294776917, 0.11971887201070786, 0.11173637956380844, 0.11528295278549194, 0.11384675651788712, 0.12130415439605713, 0.11454243212938309, 0.11496969312429428, 0.10865011811256409, 0.11185989528894424, 0.1081564724445343, 0.10980605334043503, 0.11249611526727676, 0.11210291087627411, 0.1084485650062561, 0.11458823084831238, 0.10882124304771423, 0.10699785500764847, 0.11975805461406708, 0.10864707082509995, 0.11086972802877426, 0.11056555807590485, 0.1140836775302887, 0.10753864049911499, 0.10895335674285889, 0.10962838679552078, 0.10461068153381348, 0.12101224064826965, 0.10997126251459122, 0.11334843188524246, 0.10690493881702423, 0.10765647888183594, 0.11497511714696884, 0.10379383713006973, 0.10919005423784256, 0.10894965380430222, 0.11154800653457642, 0.1100865975022316, 0.10674696415662766, 0.10818081349134445, 0.1023135632276535, 0.10854548960924149, 0.10265634953975677, 0.10998275130987167, 0.11492760479450226, 0.11284979432821274, 0.10867750644683838, 0.11058023571968079, 0.10652521252632141, 0.11369844526052475, 0.10424942523241043, 0.1040649488568306, 0.10665708780288696, 0.10317593067884445, 0.10265424102544785, 0.10219411551952362, 0.10665135830640793, 0.10690954327583313, 0.10331640392541885, 0.10182809084653854, 0.11306377500295639, 0.10234981030225754, 0.10416556149721146, 0.11007830500602722, 0.10102907568216324, 0.10687682777643204, 0.10540328174829483, 0.109285369515419, 0.10427965968847275, 0.10611093044281006, 0.10905776172876358, 0.10202893614768982, 0.10396278649568558, 0.10771036893129349, 0.10116768628358841, 0.10918854922056198, 0.10112258791923523],