{"n_classes": 3, "train_acc": 0.8883896096131848, "val_acc": 0.839392434434278, "test_acc": 0.7809644565151542, "confusion_matrix": [259, 10, 44, 11, 175, 12, 20, 8, 48], "val_accs": [0.7188679220093492, 0.7369557773065069, 0.7468160848874925, 0.7732596522074634, 0.7485032478303851, 0.7904773920165652, 0.7972834507171527, 0.7909536692706717, 0.8182980581104977, 0.746815417365062, 0.8093332318699238, 0.7997352606040944, 0.7956460181953265, 0.8215669154522764, 0.8172160042507827, 0.7477673043508445, 0.839392434434278, 0.814501858048685, 0.7916385472842852, 0.7887935666858246, 0.8244950025933248, 0.7887928991633942, 0.813945811864143, 0.8234136162560403, 0.7970164417449838, 0.7613176759272053, 0.784624555346621, 0.8085155168926562, 0.8106762869999339, 0.7900011147624587, 0.801632359351355, 0.8346987504647624, 0.80421567115709, 0.8241508947804418, 0.8139471469090039, 0.8089911266243325, 0.780010640307541, 0.7720507690859683, 0.7978892273227611, 0.8052466595508775, 0.7934054791576134, 0.8262599318993615, 0.7984432709400117, 0.7868664294291948, 0.8340132049287187, 0.8173481736920065, 0.8151076346542935, 0.8023165698425382, 0.8241508947804418, 0.8081727441246344, 0.8102811137211239, 0.8152384690506563, 0.7987853761856032, 0.8234646817219676, 0.7963335662986615, 0.7666695370131175, 0.7815145683432828, 0.8136043741409821, 0.8113638351032691, 0.8152378015282258, 0.8172166717732132, 0.809252795417058, 0.8123110494320386, 0.8098068390343086, 0.8199314854977414, 0.8052459920284472, 0.8287137443535947, 0.7771656597090804, 0.8061938738796471, 0.7956486882850481, 0.8147648618862715, 0.8126544897224909, 0.8134728722221888, 0.8194572108109263, 0.7883716925097977, 0.832114771136597, 0.8227280707199963, 0.8194585458557871, 0.8207498679974394, 0.816743732131259, 0.8045611140148337, 0.8089917941467628, 0.805588764796469, 0.8133407027809652, 0.8140269158394394, 0.8129979300129433, 0.7932779823734027, 0.8049829881908606, 0.8065379816925299, 0.792377828375978, 0.8055894323188996, 0.7996050937301621, 0.8084357479622208, 0.8222531285107507, 0.8023205749771206, 0.8042974426548168, 0.8308227814725143, 0.8036903310043476, 0.7461762646379325, 0.8026620127002818], "train_accs": [0.7487226762062034, 0.7898235935084728, 0.8045202455562794, 0.8300853869916539, 0.8236417670394905, 0.8507019785447184, 0.8556608876597726, 0.8498386246299328, 0.8601419676178815, 0.8421358874417276, 0.8600008807333529, 0.8689318361721708, 0.8686817130932744, 0.8912738463786883, 0.8777127828334407, 0.866381430340598, 0.8883896096131848, 0.9004736179501217, 0.8894197178479208, 0.8809501683176751, 0.9032689489147008, 0.8829520388755641, 0.9085810434075222, 0.9009477063578791, 0.8796793690686537, 0.8659193462398497, 0.9065959183920356, 0.9085386136276394, 0.8981751482922946, 0.8555068158390072, 0.9084560574773368, 0.9177968991312403, 0.9069128525650382, 0.9209652403750592, 0.9064834438855316, 0.9153069547431517, 0.8738519080929237, 0.9156123413196419, 0.9115046107368605, 0.9182657895931076, 0.8875340625457234, 0.9210281396444736, 0.9255649566127319, 0.9212192752786472, 0.909793667820464, 0.9347518944664545, 0.9305978222790987, 0.9181918528987728, 0.9259119603604615, 0.9291220531919872, 0.9234255887009762, 0.9296810011595101, 0.9308715140635749, 0.9139838201370806, 0.9202608369878192, 0.9162325633392925, 0.897819830580568, 0.9279985026005538, 0.9338319741308178, 0.9145383659652984, 0.9101102628973784, 0.944250229451201, 0.9234628205349686, 0.9251826853443846, 0.9357639710375892, 0.9407436719362045, 0.939582889510779, 0.8893013672033504, 0.9322910558259236, 0.8931364232899197, 0.9330316905609504, 0.937465804183404, 0.9367110129504309, 0.9451717750041245, 0.9489946053020056, 0.9410337869690536, 0.9465927541061978, 0.9519141095881268, 0.9481543297781858, 0.9502083646176205, 0.9448580912656959, 0.9472511549849516, 0.939353235921414, 0.9323341103368875, 0.9173886213313831, 0.9511006532044602, 0.9433511177011838, 0.9317062525454164, 0.9360017339113303, 0.9397234860806937, 0.9446890503383406, 0.9495936796399485, 0.9444758199973485, 0.9387710583443994, 0.9567694859466744, 0.9407942110004633, 0.9525339925116891, 0.9137874697549583, 0.8718897438539942, 0.9493957208425976], "val_losses": [0.12389995902776718, 0.11415378004312515, 0.11169750988483429, 0.09108825773000717, 0.0931599959731102, 0.1038612425327301, 0.0874817743897438, 0.0886828601360321, 0.08066512644290924, 0.11116873472929001, 0.10065428167581558, 0.08750519156455994, 0.0882815569639206, 0.08687689155340195, 0.08665402978658676, 0.09416549652814865, 0.08592917770147324, 0.09036093950271606, 0.09705755114555359, 0.10385192930698395, 0.08347050100564957, 0.10303148627281189, 0.08234188705682755, 0.09274949133396149, 0.10694751888513565, 0.12570837140083313, 0.0875517949461937, 0.09099127352237701, 0.07807207852602005, 0.10507510602474213, 0.08632156997919083, 0.08449266105890274, 0.08503261208534241, 0.07915464788675308, 0.07798843085765839, 0.08946730941534042, 0.11149825900793076, 0.09288933128118515, 0.07860994338989258, 0.08727968484163284, 0.09837157279253006, 0.08192424476146698, 0.08905232697725296, 0.0802585631608963, 0.07365335524082184, 0.08018336445093155, 0.07882991433143616, 0.09764744341373444, 0.08292703330516815, 0.09222891926765442, 0.09741975367069244, 0.07711765170097351, 0.09344931691884995, 0.0721593052148819, 0.0829479992389679, 0.09653296321630478, 0.11759653687477112, 0.0703616589307785, 0.07742241024971008, 0.07834522426128387, 0.08425698429346085, 0.08155941963195801, 0.0772453024983406, 0.09481149911880493, 0.08142635971307755, 0.08875063806772232, 0.07506177574396133, 0.1136975884437561, 0.08813228458166122, 0.08098788559436798, 0.07794620841741562, 0.08633491396903992, 0.07851999998092651, 0.0833757221698761, 0.0764547735452652, 0.07968107610940933, 0.08242475986480713, 0.07202377915382385, 0.077540323138237, 0.07911093533039093, 0.07526389509439468, 0.08443880081176758, 0.08939094096422195, 0.0916229635477066, 0.0926295593380928, 0.08240783959627151, 0.07873130589723587, 0.10272271186113358, 0.08772330731153488, 0.07993558049201965, 0.09079116582870483, 0.08455587178468704, 0.07937222719192505, 0.08308033645153046, 0.08266586065292358, 0.09245200455188751, 0.0802609771490097, 0.10599951446056366, 0.0996951013803482, 0.08649515360593796],