{"n_classes": 3, "train_acc": 1.0, "val_acc": 0.7673394534404352, "test_acc": 0.7455297115929618, "confusion_matrix": [297, 15, 29, 15, 203, 8, 33, 16, 43], "val_accs": null, "train_accs": null, "val_losses": null, "train_losses": null}