{"training_acc": 0.6884453269549792, "validation_acc": 0.6624029788824007, "classes": ["aerobe", "anaerobe", "facultative"], "confusion_matrix": [305, 17, 15, 33, 193, 10, 47, 17, 23], "f1_score": 0.7744228121281902, "n_iter": 658, "converged": true, "C": 100, "penalty": "l2", "max_iter": 100000, "feature_type": "cds_3mer", "model_class": "logistic", "binary": 0}