{"n_classes": 3, "train_acc": 0.6704695269543891, "val_acc": 0.6462711863275385, "test_acc": 0.6495000167019673, "confusion_matrix": [196, 41, 76, 24, 155, 19, 17, 18, 41], "val_accs": [0.5330734000989269, 0.5737595597556067, 0.5804321139701097, 0.5668260042708085, 0.5817227685893315, 0.5770297521422464, 0.585942177872032, 0.5799571717608641, 0.6021315993770681, 0.5969636407207374, 0.5961465932659001, 0.5995476200489027, 0.5927455664828978, 0.5893438721774649, 0.5992041797584503, 0.6013152194446615, 0.5969643082431677, 0.5949861055206108, 0.6000225622581482, 0.6060082358917466, 0.599548287571333, 0.59403688862455, 0.6017888266090461, 0.6047162462276638, 0.6043728059372114, 0.6064825105785617, 0.6081172730106664, 0.6068252833465837, 0.6038985312503963, 0.6064825105785617, 0.617503973427267, 0.6158692109951626, 0.6158692109951626, 0.610832754257625, 0.6265479010758459, 0.6260736263890307, 0.6243073620381329, 0.6286576057171961, 0.6260736263890307, 0.6260736263890307, 0.6281833310303809, 0.6291318804040112, 0.6283141654267438, 0.6286576057171961, 0.6359352690148771, 0.6286576057171961, 0.6264170666794832, 0.6325335747094442, 0.6273656160531135, 0.6281833310303809, 0.6325335747094442, 0.6354609943280619, 0.6286576057171961, 0.6325335747094442, 0.6325335747094442, 0.6338255643735269, 0.6393362957978795, 0.63933696332031, 0.6411025601487774, 0.6436872069993732, 0.6411032276712078, 0.6354609943280619, 0.6372272586789597, 0.6406282854619623, 0.6423952173352905, 0.6423952173352905, 0.6372272586789597, 0.6351175540376096, 0.6351175540376096, 0.6419209426484753, 0.6423952173352905, 0.6445042544542103, 0.6432122647901276, 0.6398112380071251, 0.6330078493962593, 0.6330078493962593, 0.6432122647901276, 0.6291318804040112, 0.6389935230298577, 0.6441614816861884, 0.6402855126939403, 0.6462711863275385, 0.6423952173352905, 0.6402855126939403, 0.6462711863275385, 0.6389935230298577, 0.6420517770448382, 0.6402855126939403, 0.6436872069993732, 0.6381764755750204, 0.6449791966634558, 0.6449791966634558, 0.6381764755750204, 0.6441614816861884, 0.6330078493962593, 0.6360667709336704, 0.6360667709336704, 0.6407597873807555, 0.6389935230298577, 0.6389935230298577], "train_accs": [0.5739660307286126, 0.5814171540371016, 0.5895988384828663, 0.5961492248240515, 0.5953726611782896, 0.5993656673061988, 0.6064285087918069, 0.6051955661078593, 0.6014380729053229, 0.6129059222658265, 0.6147483519815561, 0.6156222698087066, 0.6149463107789069, 0.6228133476590738, 0.617893446813825, 0.6188219667484515, 0.62844447505474, 0.6243019504638965, 0.6255088866163341, 0.6276619008544443, 0.6335178061876147, 0.6335169935789712, 0.6315274832262378, 0.6328694789066119, 0.6326578737829066, 0.6381547542592798, 0.6474871475327193, 0.6507412953614145, 0.6444350215445922, 0.6443997540239746, 0.6534997335880893, 0.6476093733429448, 0.6519614043276513, 0.6500700607649498, 0.6547911902042044, 0.6587013010857231, 0.6554908691581095, 0.6601261920124878, 0.6533747476579038, 0.6518785090812605, 0.6596112990421346, 0.6614143981940291, 0.6588110154722672, 0.6624610808956639, 0.6622363029581597, 0.657782042140204, 0.6573469452001933, 0.661198068636989, 0.6597999968503778, 0.6606194637885779, 0.6626161364005766, 0.6612349613748935, 0.6648388730712784, 0.6624610808956639, 0.6641728364207039, 0.66465489969637, 0.6640101451439707, 0.6629567904976844, 0.6633957992623866, 0.6663214653215672, 0.6666821153956514, 0.6653614018134523, 0.665087710028976, 0.663806175792086, 0.6678806031676249, 0.6692770497369493, 0.6646978029888082, 0.6666167783003064, 0.6654366612880224, 0.6680501176075354, 0.6658634610660946, 0.6696568831793662, 0.6669605316134625, 0.6685073092543646, 0.6644016774014254, 0.6734111259473288, 0.673041214884137, 0.6683361695971671, 0.674312675523276, 0.6747594712783246, 0.6717661815163947, 0.6698556545853603, 0.6703773707188909, 0.6732139797586213, 0.6704695269543891, 0.6704823606721, 0.6801481113669148, 0.6752090271533331, 0.6717538213112392, 0.6719665781396759, 0.6769822079490263, 0.6749650658474962, 0.6763186091243822, 0.68174251673359, 0.6745182700924475, 0.6800635909032372, 0.6729050204535275, 0.6778913932967944, 0.6755204242843572, 0.6749702637933863], "val_losses": [0.1923431009054184, 0.18460850417613983, 0.1792275607585907, 0.17797397077083588, 0.1758849024772644, 0.17316940426826477, 0.17370279133319855, 0.17059414088726044, 0.16818904876708984, 0.17157605290412903, 0.16754353046417236, 0.1684066653251648, 0.16662438213825226, 0.16720597445964813, 0.1660369336605072, 0.16419565677642822, 0.16673456132411957, 0.16405954957008362, 0.16432887315750122, 0.16410207748413086, 0.16554532945156097, 0.16615645587444305, 0.16386884450912476, 0.1643235981464386, 0.16029100120067596, 0.16074976325035095, 0.16317138075828552, 0.16205236315727234, 0.1603621244430542, 0.159527987241745, 0.16109800338745117, 0.15841858088970184, 0.1588614284992218, 0.1576099991798401, 0.1577480137348175, 0.15882565081119537, 0.15989497303962708, 0.15779414772987366, 0.15876534581184387, 0.15873821079730988, 0.15843145549297333, 0.15745127201080322, 0.1567627191543579, 0.15545770525932312, 0.15561847388744354, 0.15724751353263855, 0.15931643545627594, 0.15652969479560852, 0.15741392970085144, 0.15747936069965363, 0.1546076536178589, 0.15623563528060913, 0.1566312462091446, 0.1550625115633011, 0.15552404522895813, 0.15208742022514343, 0.1563407927751541, 0.15595301985740662, 0.15017834305763245, 0.15331268310546875, 0.15309055149555206, 0.15606942772865295, 0.15230710804462433, 0.1542101353406906, 0.1539904624223709, 0.1538121998310089, 0.15401914715766907, 0.15440231561660767, 0.15350763499736786, 0.15385779738426208, 0.15123246610164642, 0.15192298591136932, 0.15335194766521454, 0.1556752622127533, 0.15231654047966003, 0.15527674555778503, 0.15604808926582336, 0.15547633171081543, 0.15467014908790588, 0.15054820477962494, 0.15157468616962433, 0.15152719616889954, 0.15204298496246338, 0.1539069563150406, 0.1502864509820938, 0.1544775515794754, 0.15182602405548096, 0.1517794281244278, 0.15386438369750977, 0.14943233132362366, 0.15269513428211212, 0.1513935625553131, 0.1506824940443039, 0.15205542743206024, 0.1557217240333557, 0.1536414474248886, 0.1484086811542511, 0.15350289642810822, 0.1543470025062561, 0.15471655130386353],