{"n_classes": 3, "train_acc": 1.0, "val_acc": 0.8242857343113871, "test_acc": 0.8006381000747909, "confusion_matrix": [287, 8, 18, 10, 182, 6, 24, 9, 43], "val_accs": null, "train_accs": null, "val_losses": null, "train_losses": null}