{"training_acc": 0.9154030458371688, "validation_acc": 0.8127013816265768, "classes": ["aerobe", "anaerobe", "facultative"], "confusion_matrix": [281, 5, 51, 9, 205, 22, 15, 8, 64], "f1_score": 0.8452246508300689, "training_losses": [0.3758265972137451, 0.3271659314632416, 0.30398309230804443, 0.2882058322429657, 0.27665504813194275, 0.26751482486724854, 0.2600436508655548, 0.25349509716033936, 0.24778319895267487, 0.24278534948825836, 0.23836667835712433, 0.23442642390727997, 0.23072846233844757, 0.22741147875785828, 0.22433534264564514, 0.22143404185771942, 0.21890950202941895, 0.2167760282754898, 0.2142866849899292, 0.2121744602918625, 0.209956094622612, 0.20812100172042847, 0.20649515092372894, 0.20433452725410461, 0.2028355449438095, 0.20106825232505798, 0.19958928227424622, 0.1981145143508911, 0.19675126671791077, 0.19539090991020203, 0.19428671896457672, 0.19287900626659393, 0.19155870378017426, 0.19046899676322937, 0.18925511837005615, 0.1879807710647583, 0.18710857629776, 0.18634136021137238, 0.18533851206302643, 0.18396925926208496, 0.18306834995746613, 0.18249419331550598, 0.18182693421840668, 0.18105313181877136, 0.180032417178154, 0.17954173684120178, 0.17862433195114136, 0.17787763476371765, 0.17709065973758698, 0.17630502581596375, 0.17578911781311035, 0.17510583996772766, 0.17456476390361786, 0.17389905452728271, 0.17337878048419952, 0.1727149784564972, 0.17241902649402618, 0.17160923779010773, 0.17127910256385803, 0.17067380249500275, 0.17016305029392242, 0.16984915733337402, 0.16964012384414673, 0.1692054122686386, 0.1687648445367813, 0.16773024201393127, 0.16756291687488556, 0.16730016469955444, 0.16652026772499084, 0.1665455847978592, 0.16621775925159454, 0.16609328985214233, 0.16523662209510803, 0.16503256559371948, 0.16446372866630554, 0.164314866065979, 0.1633545607328415, 0.1634780913591385, 0.16310055553913116, 0.1629301905632019, 0.1625564694404602, 0.16202259063720703, 0.16240377724170685, 0.16204655170440674, 0.1617068499326706, 0.16119389235973358, 0.1606406271457672, 0.16027557849884033, 0.1600734442472458, 0.15956342220306396, 0.16002358496189117, 0.15926428139209747, 0.15897051990032196, 0.15915164351463318, 0.15881316363811493, 0.15828163921833038, 0.15799525380134583, 0.15754546225070953, 0.1576097011566162, 0.15729160606861115], "validation_losses": [0.11562658846378326, 0.10410911589860916, 0.09860420972108841, 0.09561388939619064, 0.09362217783927917, 0.09229529649019241, 0.09151139855384827, 0.09061634540557861, 0.08982543647289276, 0.08930745720863342, 0.08878173679113388, 0.08854382485151291, 0.08812481164932251, 0.0878416895866394, 0.08744096755981445, 0.08716460317373276, 0.08684016764163971, 0.08680099993944168, 0.08637992292642593, 0.08632980287075043, 0.08578602224588394, 0.08574002236127853, 0.08552111685276031, 0.08541975170373917, 0.08515487611293793, 0.08514641970396042, 0.08491905778646469, 0.08482962101697922, 0.08452493697404861, 0.08469489216804504, 0.08432845026254654, 0.0843002200126648, 0.0840282142162323, 0.0839250311255455, 0.08405803143978119, 0.08361954241991043, 0.08370830118656158, 0.08375691622495651, 0.0836031585931778, 0.08344904333353043, 0.08323922753334045, 0.08341730386018753, 0.08344266563653946, 0.08335542678833008, 0.08319184184074402, 0.08291397243738174, 0.08298086374998093, 0.08284806460142136, 0.08292955905199051, 0.08274386823177338, 0.0828826054930687, 0.08267327398061752, 0.082980215549469, 0.08251253515481949, 0.08238546550273895, 0.0823429524898529, 0.08241654187440872, 0.08228752017021179, 0.08222144097089767, 0.08194614946842194, 0.08225952833890915, 0.08227512240409851, 0.08216778934001923, 0.08228300511837006, 0.08212187141180038, 0.081955187022686, 0.08197146654129028, 0.08193091303110123, 0.08172907680273056, 0.0817524790763855, 0.08179137855768204, 0.08204855769872665, 0.08151882886886597, 0.08163603395223618, 0.0816650390625, 0.0817646011710167, 0.08144629746675491, 0.08142445236444473, 0.08150668442249298, 0.08139603585004807, 0.08125632256269455, 0.08139999955892563, 0.08151181787252426, 0.08161855489015579, 0.08160893619060516, 0.08124812692403793, 0.08131292462348938, 0.08084478974342346, 0.08112342655658722, 0.08124645799398422, 0.08128013461828232, 0.08113642036914825, 0.08094815909862518, 0.08100797981023788, 0.08093730360269547, 0.08076658844947815, 0.0809548944234848, 0.08037731796503067, 0.08110503852367401, 0.0808599442243576], "training_accs": [0.7241831463503855, 0.7795258600616716, 0.7986101750957966, 0.8104563557991344, 0.8223842330528438, 0.8392333605526309, 0.8433080124765763, 0.8435151919199356, 0.8467998589990309, 0.8476192251377057, 0.8509017431064336, 0.8527476548271427, 0.854949162846922, 0.8587621709605934, 0.8598482343235708, 0.8592926611055373, 0.8624296665222161, 0.8633379317356583, 0.8656849523074867, 0.8671781720327871, 0.8706678694448745, 0.8730421222001601, 0.8747131400749956, 0.8759447159900221, 0.8761791276168388, 0.87752683479009, 0.8798121884706082, 0.8798121884706082, 0.8817469992660847, 0.8803699107990091, 0.8816308680078601, 0.8812803251228186, 0.8852366966781721, 0.8837434769528717, 0.8874360555875841, 0.888079772687091, 0.8874654368814084, 0.8881099091742096, 0.8910418842578962, 0.8946749451116655, 0.89611079616639, 0.8929766950533727, 0.8943244022266241, 0.8971079604546, 0.8973423720814165, 0.8975201702309517, 0.9009482007517287, 0.8995711122846529, 0.9009188194579042, 0.9004793774980953, 0.9008915872744471, 0.902414188293572, 0.9016543399358402, 0.9035296329503737, 0.9035296329503737, 0.9035296329503737, 0.9029152971446912, 0.9033841203983246, 0.903852943651958, 0.9040601230953175, 0.904588464129894, 0.9034457872896349, 0.9041196408762606, 0.9041196408762606, 0.9043540525030772, 0.9054967293433362, 0.905027906089703, 0.9052623177165197, 0.9059655525969696, 0.9061705829299619, 0.9050572873835273, 0.9059361713031452, 0.9071971285119962, 0.9078709820986219, 0.9081053937254385, 0.9076365704718051, 0.9104796464807241, 0.9095419999734573, 0.9108301893657655, 0.9106846768137163, 0.9104796464807241, 0.9102452348539073, 0.9105685455554916, 0.9104796464807241, 0.9113879116941664, 0.9119456340225675, 0.912883280529834, 0.9133521037834674, 0.9133521037834674, 0.912883280529834, 0.9140259573700931, 0.9137915457432765, 0.9131176921566508, 0.9124438385700251, 0.912883280529834, 0.9134976163355167, 0.9132632047086999, 0.9143786493655018, 0.9142603689969097, 0.9154030458371688],