{"n_classes": 3, "train_acc": 0.5473415607514546, "val_acc": 0.5670856704962429, "test_acc": 0.5245257065922948, "confusion_matrix": [172, 60, 81, 28, 122, 48, 17, 28, 31], "val_accs": [0.4823143269671719, 0.5116349159622636, 0.4786543014811655, 0.5412989452478078, 0.5302761473542414, 0.5463354019853452, 0.5445698051568778, 0.5321268532925877, 0.5440961979924931, 0.5295428739644223, 0.5494767625429133, 0.539401846500547, 0.539401846500547, 0.5555906004831528, 0.539401846500547, 0.5423292661191648, 0.5507680846845656, 0.5402195614778146, 0.5389275718137319, 0.543620588260817, 0.5465486754018651, 0.543620588260817, 0.5462039000665521, 0.5415108836194669, 0.5415108836194669, 0.5394011789781167, 0.5402188939553841, 0.5372914743367664, 0.5508969165136371, 0.5415108836194669, 0.5372914743367664, 0.5576996376020725, 0.5394011789781167, 0.5394011789781167, 0.5394011789781167, 0.5394011789781167, 0.5440941954252018, 0.543620588260817, 0.5465480078794348, 0.543620588260817, 0.5419844907838516, 0.5440941954252018, 0.5474952222082042, 0.5470216150438195, 0.5462039000665521, 0.5462039000665521, 0.5419844907838516, 0.5406925011197689, 0.5406925011197689, 0.5444383032380845, 0.5449119104024693, 0.5406925011197689, 0.5406925011197689, 0.5474952222082042, 0.5419844907838516, 0.5419844907838516, 0.5670856704962429, 0.5428022057611191, 0.5432764804479343, 0.5419844907838516, 0.5428022057611191, 0.5428022057611191, 0.5419844907838516, 0.5419844907838516, 0.5419844907838516, 0.5623926540491577, 0.5487878793947174, 0.5419844907838516, 0.5483136047079022, 0.5440941954252018, 0.5504233093492524, 0.5462039000665521, 0.5419844907838516, 0.5419844907838516, 0.5440941954252018, 0.5432764804479343, 0.5432764804479343, 0.548787211872287, 0.5555899329607223, 0.5453861850892845, 0.5419844907838516, 0.5419844907838516, 0.5419844907838516, 0.5432764804479343, 0.5432764804479343, 0.5419844907838516, 0.5432764804479343, 0.5419844907838516, 0.5432764804479343, 0.548787211872287, 0.5432764804479343, 0.5500792015363697, 0.5419844907838516, 0.5568819226248051, 0.5432764804479343, 0.5453861850892845, 0.549605594371985, 0.5568819226248051, 0.5474958897306347, 0.5432764804479343], "train_accs": [0.4620676576429074, 0.49500426077289567, 0.4872811854567065, 0.5257948240464767, 0.5281986227536011, 0.5282155195145293, 0.5227808769174528, 0.5230150670625905, 0.5195821438048772, 0.5215196410945905, 0.5212916127225125, 0.5250757738466766, 0.5226703499222652, 0.5246705952628673, 0.5230846382766562, 0.5248233641603753, 0.5251840142344595, 0.5247151237725926, 0.5279047471145863, 0.5257870003970938, 0.5270400902765434, 0.5328430187195247, 0.5332573070739156, 0.5349515044479096, 0.5341044057609126, 0.5344918749751502, 0.5359604818029965, 0.5361499922198832, 0.5386820272917667, 0.5370331710361412, 0.5385830478930914, 0.5386459471625057, 0.536862031378944, 0.5370599901762946, 0.53900659723659, 0.5381594985495929, 0.53900659723659, 0.5397002656359612, 0.5376639401660982, 0.5387541875502887, 0.539745455535804, 0.542737120080447, 0.54189002139345, 0.5375825189184686, 0.5400248355807843, 0.5348432640601267, 0.5423135707369485, 0.542773200209708, 0.5406278217434186, 0.5368797407485154, 0.5372218688443845, 0.5425744288037136, 0.5433854473614498, 0.543151408434838, 0.5406554534922154, 0.5435749577783365, 0.5473415607514546, 0.5404298629460678, 0.5425299002939887, 0.5427639392206005, 0.538906805229271, 0.538906805229271, 0.5402319041487169, 0.5414303919206905, 0.5414664720499515, 0.5460080134515447, 0.5382584779482683, 0.5409163115589807, 0.5391952950448332, 0.5404298629460678, 0.5348248933004373, 0.5379339080034452, 0.5403937828168067, 0.5429258178886903, 0.5392581943142476, 0.5428268384900149, 0.5442240976679827, 0.5441603857899248, 0.5453949536911594, 0.5410429227064529, 0.5417902293861311, 0.5437729165756874, 0.5400692128719836, 0.5402948034181314, 0.5431874885640989, 0.5408173321603053, 0.5411058219758673, 0.5418263095153921, 0.5412048013745427, 0.5456205442373071, 0.5414303919206905, 0.5456205442373071, 0.5425022685451918, 0.5443498962068116, 0.5412048013745427, 0.5388983568488069, 0.5345908543738255, 0.5451969948938086, 0.536275790758712, 0.5414932911901049], "val_losses": [0.20038603246212006, 0.19487164914608002, 0.19233931601047516, 0.19279032945632935, 0.1928873211145401, 0.1927071064710617, 0.19185741245746613, 0.1900496780872345, 0.18910938501358032, 0.18734553456306458, 0.18935558199882507, 0.18980588018894196, 0.18847090005874634, 0.187936931848526, 0.18739713728427887, 0.18742723762989044, 0.1861298829317093, 0.1860227733850479, 0.18647295236587524, 0.18611054122447968, 0.18432393670082092, 0.18655432760715485, 0.1868862807750702, 0.18615029752254486, 0.18566638231277466, 0.18585935235023499, 0.18603259325027466, 0.18536385893821716, 0.1856493204832077, 0.18451043963432312, 0.18480435013771057, 0.18513622879981995, 0.18359829485416412, 0.18446487188339233, 0.18368174135684967, 0.18306812644004822, 0.18352487683296204, 0.18392843008041382, 0.18336370587348938, 0.18283963203430176, 0.1834036111831665, 0.1832888424396515, 0.1834794282913208, 0.18330702185630798, 0.18258920311927795, 0.1828053742647171, 0.1834719032049179, 0.18304549157619476, 0.18417976796627045, 0.18271686136722565, 0.1831284761428833, 0.183761864900589, 0.18412142992019653, 0.18383680284023285, 0.18309861421585083, 0.18315139412879944, 0.18391257524490356, 0.18316543102264404, 0.18278561532497406, 0.18311676383018494, 0.18323390185832977, 0.18318358063697815, 0.18253003060817719, 0.18267768621444702, 0.18252508342266083, 0.18281936645507812, 0.18167389929294586, 0.18288415670394897, 0.18142572045326233, 0.1824093908071518, 0.18254807591438293, 0.18212264776229858, 0.18298813700675964, 0.18337412178516388, 0.18309788405895233, 0.1826876550912857, 0.18257196247577667, 0.1836237907409668, 0.18362556397914886, 0.18249782919883728, 0.18332810699939728, 0.18348555266857147, 0.1829739660024643, 0.18260806798934937, 0.1830751597881317, 0.18294280767440796, 0.1825299710035324, 0.1831551194190979, 0.18278925120830536, 0.18324872851371765, 0.18252548575401306, 0.1830679327249527, 0.18329085409641266, 0.1826847344636917, 0.1830783635377884, 0.1821604073047638, 0.18208259344100952, 0.18337567150592804, 0.18172648549079895, 0.1823188066482544],