{"training_acc": 0.6548945934096362, "validation_acc": 0.6654430814903199, "classes": ["aerobe", "anaerobe", "facultative"], "confusion_matrix": [315, 10, 12, 32, 199, 5, 52, 16, 19], "f1_score": 0.7865016602961872, "n_iter": 114, "converged": true, "C": 100, "penalty": "l2", "max_iter": 100000, "feature_type": "aa_1mer", "model_class": "logistic", "binary": 0}