{"n_classes": 3, "train_acc": 1.0, "val_acc": 0.7389426537995388, "test_acc": 0.7012059987436184, "confusion_matrix": [279, 22, 40, 21, 189, 11, 38, 11, 37], "val_accs": null, "train_accs": null, "val_losses": null, "train_losses": null}