{"training_acc": 0.9423435119154137, "validation_acc": 0.7961979994100611, "classes": ["aerobe", "anaerobe", "facultative"], "confusion_matrix": [267, 21, 51, 10, 206, 27, 10, 9, 58], "f1_score": 0.8196109627493927, "training_losses": [0.4226413369178772, 0.2529580295085907, 0.22458645701408386, 0.20774982869625092, 0.3007126450538635, 0.2799580991268158, 0.29330670833587646, 0.2983168065547943, 0.22496649622917175, 0.28740736842155457, 0.15944606065750122, 0.15231186151504517, 0.16498632729053497, 0.16967840492725372, 0.16080446541309357, 0.15524864196777344, 0.14493313431739807, 0.19069503247737885, 0.18129807710647583, 0.2010166198015213, 0.2245360165834427, 0.14486147463321686, 0.19100038707256317, 0.12010791897773743, 0.1291055977344513, 0.11747591197490692, 0.0986604392528534, 0.09152891486883163, 0.13136795163154602, 0.12300679087638855, 0.09880338609218597, 0.17237165570259094, 0.13742846250534058, 0.1265285462141037, 0.1110520288348198, 0.10556093603372574, 0.1525651067495346, 0.0949922651052475, 0.09710677713155746, 0.12168813496828079, 0.13545404374599457, 0.10859427601099014, 0.10048268735408783, 0.11223028600215912, 0.09263499826192856, 0.08977396041154861, 0.0923025980591774, 0.08910270035266876, 0.0770319327712059, 0.10821226984262466, 0.10243348032236099, 0.125478133559227, 0.08300841599702835, 0.09466049820184708, 0.14367292821407318, 0.08883620798587799, 0.14357519149780273, 0.11978238075971603, 0.16528908908367157, 0.07716066390275955, 0.15770567953586578, 0.11796080321073532, 0.1638716459274292, 0.097322016954422, 0.08811666071414948, 0.090916708111763, 0.12455033510923386, 0.12253684550523758, 0.13950449228286743, 0.09790821373462677, 0.1308264285326004, 0.08331093192100525, 0.10564383864402771, 0.09361980855464935, 0.06761111319065094, 0.07473917305469513, 0.06994709372520447, 0.06367433071136475, 0.12169548869132996, 0.12246707081794739, 0.07721217721700668, 0.18504966795444489, 0.06891007721424103, 0.10936930030584335, 0.07555802166461945, 0.13508716225624084, 0.08960308879613876, 0.06789502501487732, 0.0811438113451004, 0.05609714239835739, 0.0558326281607151, 0.062124695628881454, 0.05668524280190468, 0.11036541312932968, 0.054972995072603226, 0.06627898663282394, 0.05357179045677185, 0.06940606236457825, 0.1686049997806549, 0.09080007672309875], "validation_losses": [0.12382006645202637, 0.09103599935770035, 0.08650387078523636, 0.08866900205612183, 0.11656820774078369, 0.11544233560562134, 0.099077008664608, 0.099875807762146, 0.08073031157255173, 0.09711424261331558, 0.07932866364717484, 0.07833235710859299, 0.08261290192604065, 0.08229630440473557, 0.0780348852276802, 0.08164125680923462, 0.0836469978094101, 0.08433035761117935, 0.07894980907440186, 0.08044452965259552, 0.09066034853458405, 0.08390334248542786, 0.11299418658018112, 0.08406856656074524, 0.08159827440977097, 0.08175001293420792, 0.07728195190429688, 0.07673864811658859, 0.08769932389259338, 0.08304708451032639, 0.07317584753036499, 0.10065317898988724, 0.0866696909070015, 0.08058227598667145, 0.08229460567235947, 0.07664415240287781, 0.08817870914936066, 0.08037643879652023, 0.07860929518938065, 0.07742857187986374, 0.08734232187271118, 0.07952781766653061, 0.07471641153097153, 0.07670792937278748, 0.07673631608486176, 0.08313246071338654, 0.07668069005012512, 0.0758458822965622, 0.07485225051641464, 0.07509000599384308, 0.08456993848085403, 0.09246549010276794, 0.07789155095815659, 0.0788218080997467, 0.08559219539165497, 0.07480623573064804, 0.07751065492630005, 0.08663603663444519, 0.09780080616474152, 0.07845867425203323, 0.08213720470666885, 0.08586525917053223, 0.08428534865379333, 0.07772228866815567, 0.08081185072660446, 0.07549983263015747, 0.09841126203536987, 0.09503953158855438, 0.10136023163795471, 0.08423647284507751, 0.09309130907058716, 0.08171946555376053, 0.09016723185777664, 0.08153754472732544, 0.07315665483474731, 0.07559200376272202, 0.0744008794426918, 0.07257726043462753, 0.09653342515230179, 0.08763469010591507, 0.0810471773147583, 0.08654402196407318, 0.0765649825334549, 0.0898425281047821, 0.08007050305604935, 0.09670472890138626, 0.08455146104097366, 0.08498018234968185, 0.07975932210683823, 0.07957714051008224, 0.08101791888475418, 0.08430291712284088, 0.08008785545825958, 0.10068851709365845, 0.0802474319934845, 0.07824894040822983, 0.0774284228682518, 0.08526555448770523, 0.12261896580457687, 0.09887214004993439], "training_accs": [0.7482675135127287, 0.8420739676914262, 0.8631116699422327, 0.8721073002719355, 0.8006115704688804, 0.819701690670087, 0.8283126935525634, 0.8301660175829048, 0.8623990379650167, 0.8365333031949825, 0.9046153101591815, 0.9111653179447106, 0.8972512856912463, 0.8955127038675229, 0.9025951064598234, 0.9004466602501839, 0.9117728438148855, 0.8832334874747988, 0.8887895111450335, 0.8732058790913927, 0.8659872614742524, 0.9127087867548421, 0.8745534171315404, 0.93268388536479, 0.9238166928304773, 0.9270906037368997, 0.9464699631535082, 0.9491793182368374, 0.9176012975347998, 0.925176231140548, 0.9417612620409503, 0.8919480073317451, 0.9131763298181136, 0.9155751400806936, 0.9328943111719594, 0.9335289011171216, 0.9095461029230831, 0.9461997190765127, 0.9391376163712506, 0.9206839095899078, 0.9151424273370719, 0.9366759450527461, 0.9455600321900163, 0.9362716719235954, 0.9484037788234839, 0.950309154878989, 0.9465711061933764, 0.9471474486933049, 0.9600679801621185, 0.9375851974004857, 0.9349315303069355, 0.9226550576699871, 0.9509980182174251, 0.9416748276313548, 0.9134685764241878, 0.9496787061986609, 0.9085555704720831, 0.9212657969663883, 0.8920318188182258, 0.9536787384011752, 0.8956233731590948, 0.9273570055793835, 0.8942621322069835, 0.9392225153516797, 0.9442599960320018, 0.9454243004958199, 0.9212670052929978, 0.9232732827230493, 0.902106044198117, 0.9382138226061123, 0.9235470529167866, 0.9545560250177019, 0.9352271712123036, 0.9408021546255186, 0.9650255843508981, 0.9559683867291153, 0.9558365436496441, 0.9677843575514892, 0.9201247778107061, 0.9246361054845403, 0.9563439041260257, 0.8735543433981032, 0.9608147638432315, 0.929346025908495, 0.9574642608966869, 0.9163753513264541, 0.9440129164304816, 0.9644094244378594, 0.9527800644036618, 0.9695557045548387, 0.973654935489859, 0.9672522044100397, 0.9728584920261624, 0.9327739667237885, 0.9756196928647597, 0.9641751091592493, 0.9724466833328836, 0.9579582528868533, 0.8917341872252821, 0.9423435119154137],