{"training_acc": 0.8126120769242201, "validation_acc": 0.7566395598157266, "classes": ["aerobe", "anaerobe", "facultative"], "confusion_matrix": [270, 16, 51, 23, 192, 21, 16, 14, 57], "f1_score": 0.7961946192084294, "training_losses": [0.5497469902038574, 0.5103856921195984, 0.4876939356327057, 0.4719354212284088, 0.45923659205436707, 0.4484660029411316, 0.4380985498428345, 0.4285433888435364, 0.4199320375919342, 0.4117492139339447, 0.40420210361480713, 0.39750584959983826, 0.3913501799106598, 0.38519230484962463, 0.38020846247673035, 0.37560373544692993, 0.37069156765937805, 0.36676621437072754, 0.3634437024593353, 0.36037519574165344, 0.3575778007507324, 0.35466083884239197, 0.3521198034286499, 0.34875279664993286, 0.3465805649757385, 0.3448278307914734, 0.3430471122264862, 0.3414169251918793, 0.33955928683280945, 0.3380221128463745, 0.3369124233722687, 0.33569133281707764, 0.3342393636703491, 0.33189842104911804, 0.3306717574596405, 0.32960012555122375, 0.3288140892982483, 0.32779380679130554, 0.3267834186553955, 0.32583755254745483, 0.3248846232891083, 0.32402729988098145, 0.32362401485443115, 0.32282739877700806, 0.32215356826782227, 0.32129713892936707, 0.3207278549671173, 0.31978845596313477, 0.31871497631073, 0.31789329648017883, 0.3172774314880371, 0.31705427169799805, 0.3164823353290558, 0.3159193694591522, 0.3152317404747009, 0.3133828341960907, 0.31374847888946533, 0.3132764399051666, 0.31218135356903076, 0.311687171459198, 0.3112640976905823, 0.3107808828353882, 0.310244083404541, 0.3097690939903259, 0.30934813618659973, 0.3088876008987427, 0.30848604440689087, 0.3081432282924652, 0.3077153265476227, 0.3072853088378906, 0.30734124779701233, 0.30698254704475403, 0.30658262968063354, 0.30629175901412964, 0.3059391677379608, 0.3050154745578766, 0.30403560400009155, 0.3037848174571991, 0.3033300042152405, 0.30313587188720703, 0.30330216884613037, 0.30247244238853455, 0.30218571424484253, 0.30196696519851685, 0.30169522762298584, 0.301516056060791, 0.30137577652931213, 0.3012911081314087, 0.3009464740753174, 0.30074918270111084, 0.30049577355384827, 0.3003087043762207, 0.3000353276729584, 0.29980528354644775, 0.2996308505535126, 0.2993389368057251, 0.2991369366645813, 0.2993555963039398, 0.29913920164108276, 0.2989344298839569], "validation_losses": [0.17221695184707642, 0.16171309351921082, 0.15560771524906158, 0.15095700323581696, 0.1471688151359558, 0.14381898939609528, 0.14014829695224762, 0.13799168169498444, 0.1353440135717392, 0.13284873962402344, 0.13050435483455658, 0.1286027580499649, 0.12679430842399597, 0.12511003017425537, 0.1236652284860611, 0.12235981225967407, 0.12124989926815033, 0.1202685609459877, 0.11938883364200592, 0.11864539235830307, 0.11789306998252869, 0.11725007742643356, 0.11662774533033371, 0.11516658961772919, 0.11462963372468948, 0.1144743263721466, 0.11479675024747849, 0.11446614563465118, 0.11412529647350311, 0.11382819712162018, 0.11353681981563568, 0.11329483985900879, 0.11295250058174133, 0.1118529811501503, 0.11242742836475372, 0.1122780442237854, 0.11209259927272797, 0.11196986585855484, 0.11171306669712067, 0.11165669560432434, 0.11146307736635208, 0.11135460436344147, 0.11122816801071167, 0.11109296977519989, 0.11094365268945694, 0.11089523136615753, 0.11071634292602539, 0.11066107451915741, 0.11053083837032318, 0.11045844107866287, 0.1103062555193901, 0.11031278967857361, 0.11012137681245804, 0.1100558489561081, 0.10997302085161209, 0.10923520475625992, 0.10999512672424316, 0.11000550538301468, 0.10984531044960022, 0.10975775122642517, 0.10972535610198975, 0.1096377745270729, 0.10958850383758545, 0.10946029424667358, 0.10941841453313828, 0.10932131111621857, 0.10930302739143372, 0.10923057794570923, 0.10921035706996918, 0.10911925137042999, 0.10903382301330566, 0.10903340578079224, 0.10895217210054398, 0.10885942727327347, 0.10882501304149628, 0.10868355631828308, 0.10809013992547989, 0.10797667503356934, 0.10793539136648178, 0.10768966376781464, 0.10853605717420578, 0.10851282626390457, 0.10838952660560608, 0.10829547047615051, 0.1084173396229744, 0.10839386284351349, 0.10832535475492477, 0.10833719372749329, 0.10824589431285858, 0.10824570804834366, 0.1081792339682579, 0.1081780195236206, 0.10812133550643921, 0.1081240251660347, 0.10804598778486252, 0.10803453624248505, 0.10799801349639893, 0.10797709971666336, 0.10793577879667282, 0.10792707651853561], "training_accs": [0.5894676262184709, 0.6265915116407141, 0.6341331058239964, 0.6380908666977717, 0.6514123746659407, 0.6672542729039465, 0.6851008898625625, 0.7037166812099747, 0.7107538488124833, 0.7271739499100648, 0.7310226611027772, 0.7383843986501092, 0.742816805111441, 0.7476883236077022, 0.7492512211198342, 0.7530589063508765, 0.7579249324380942, 0.7613834989897738, 0.7650220522525865, 0.7668140339449313, 0.7690397653383453, 0.7713254489437427, 0.773960251228503, 0.7748685164419453, 0.7751030930312016, 0.775806822798971, 0.7787661950285543, 0.778531618439298, 0.7795599181518901, 0.7802336067760761, 0.7829829511509429, 0.7827483745616863, 0.7848894749333942, 0.7859423233805262, 0.786291442059889, 0.7860568654706327, 0.786291442059889, 0.786291442059889, 0.7864360252935786, 0.7892808554330556, 0.7898645507016747, 0.7910073925043735, 0.7926793396975685, 0.7925893463420017, 0.7938221815002672, 0.7944058767688863, 0.7948750299473991, 0.7948750299473991, 0.7954341764814786, 0.7955241698370453, 0.795289593247789, 0.795963281871975, 0.7956387119271519, 0.7975452357096032, 0.7972206657647801, 0.7974552423540365, 0.7999454614051071, 0.799241731637338, 0.7997108848158506, 0.8003600247054968, 0.8002700313499301, 0.8003600247054968, 0.8005946012947533, 0.8009191712395763, 0.8018274364530188, 0.8018274364530188, 0.8019174298085855, 0.8018274364530188, 0.8021520063978419, 0.8021520063978419, 0.8023865829870983, 0.8021520063978419, 0.8023865829870983, 0.8023865829870983, 0.8032948482005405, 0.8032048548449738, 0.8051414197710085, 0.8051414197710085, 0.8058151083951944, 0.8058151083951944, 0.807631638822079, 0.8078662154113355, 0.807631638822079, 0.807631638822079, 0.8085399040355213, 0.808305327446265, 0.8094481692489636, 0.8101218578731496, 0.810356434462406, 0.810356434462406, 0.810356434462406, 0.810356434462406, 0.810356434462406, 0.810356434462406, 0.8112646996758484, 0.8112646996758484, 0.8112646996758484, 0.8107955464973355, 0.8126120769242201, 0.8126120769242201],