{"training_acc": 0.4605023237952736, "validation_acc": 0.4513395729390486, "classes": ["aerobe", "anaerobe", "facultative"], "confusion_matrix": [180, 152, 7, 35, 200, 8, 26, 51, 0], "f1_score": 0.5476148549139273, "training_losses": [0.6285034418106079, 0.6240319609642029, 0.6224807500839233, 0.6213364601135254, 0.6200668215751648, 0.61934894323349, 0.6187973022460938, 0.6183606386184692, 0.6180084943771362, 0.6177265644073486, 0.617499589920044, 0.6173152327537537, 0.6171655654907227, 0.6170415878295898, 0.6169397234916687, 0.6168574094772339, 0.6167938113212585, 0.6167410612106323, 0.6166971921920776, 0.6166626214981079, 0.616631031036377, 0.6166032552719116, 0.6165807843208313, 0.6165653467178345, 0.6165549159049988, 0.6165490746498108, 0.6165494322776794, 0.6165547370910645, 0.6165648698806763, 0.6165797710418701, 0.6165981292724609, 0.6166167259216309, 0.6166371703147888, 0.6166605949401855, 0.61668461561203, 0.6167119145393372, 0.6167404055595398, 0.6167683601379395, 0.6167961955070496, 0.6168232560157776, 0.616852343082428, 0.6168821454048157, 0.6169111728668213, 0.6169394254684448, 0.6169673800468445, 0.616995632648468, 0.6170228123664856, 0.6170486211776733, 0.617074728012085, 0.6171008348464966, 0.6171260476112366, 0.6171513795852661, 0.6171765923500061, 0.6172008514404297, 0.6172249913215637, 0.6172482371330261, 0.6172698736190796, 0.6172924041748047, 0.6173121333122253, 0.6173326969146729, 0.617350697517395, 0.6173694133758545, 0.6173866987228394, 0.6174032688140869, 0.6174193620681763, 0.617434561252594, 0.617448091506958, 0.6174607872962952, 0.6174731850624084, 0.6174853444099426, 0.617497444152832, 0.6175090670585632, 0.6175189018249512, 0.6175306439399719, 0.6175412535667419, 0.6175499558448792, 0.6175588369369507, 0.6175659894943237, 0.6175729632377625, 0.6175794005393982, 0.6175867319107056, 0.6175931096076965, 0.6175995469093323, 0.6176031231880188, 0.6176080107688904, 0.6176130771636963, 0.6176172494888306, 0.6176214814186096, 0.6176235675811768, 0.6176275014877319, 0.6176304221153259, 0.6176341772079468, 0.617637038230896, 0.6176404356956482, 0.6176411509513855, 0.6176442503929138, 0.6176465153694153, 0.6176454424858093, 0.617648720741272, 0.6176515221595764], "validation_losses": [0.2037118524312973, 0.20135344564914703, 0.20127399265766144, 0.2011273056268692, 0.20091396570205688, 0.20079456269741058, 0.20067617297172546, 0.20055519044399261, 0.20043382048606873, 0.20031939446926117, 0.2002173811197281, 0.2001224160194397, 0.20004016160964966, 0.1999637335538864, 0.1998923420906067, 0.19982130825519562, 0.19975580275058746, 0.19969406723976135, 0.19963210821151733, 0.19958624243736267, 0.19953761994838715, 0.19948551058769226, 0.1994401067495346, 0.1993921399116516, 0.19935189187526703, 0.19930721819400787, 0.19926363229751587, 0.19922120869159698, 0.19917994737625122, 0.19913962483406067, 0.19910387694835663, 0.19906997680664062, 0.1990356296300888, 0.19900333881378174, 0.19897392392158508, 0.19894593954086304, 0.19891884922981262, 0.1988947093486786, 0.1988658457994461, 0.19883933663368225, 0.19881696999073029, 0.19879378378391266, 0.1987713724374771, 0.1987481713294983, 0.19872890412807465, 0.19870959222316742, 0.198691725730896, 0.19867300987243652, 0.1986546516418457, 0.19863471388816833, 0.19861756265163422, 0.1986059993505478, 0.19858388602733612, 0.1985691636800766, 0.1985558569431305, 0.19854463636875153, 0.19853289425373077, 0.19852356612682343, 0.1985204666852951, 0.1985059380531311, 0.198491632938385, 0.1984815150499344, 0.19847145676612854, 0.19847004115581512, 0.19845721125602722, 0.19844886660575867, 0.19844380021095276, 0.19843465089797974, 0.19843058288097382, 0.19842113554477692, 0.19841130077838898, 0.19840572774410248, 0.19840185344219208, 0.19840936362743378, 0.1984023153781891, 0.19838884472846985, 0.19838619232177734, 0.19837722182273865, 0.19838686287403107, 0.1983972191810608, 0.1983739733695984, 0.19837212562561035, 0.1983616203069687, 0.19837117195129395, 0.19836094975471497, 0.1983603984117508, 0.1983480155467987, 0.1983414739370346, 0.19835437834262848, 0.1983487904071808, 0.1983432024717331, 0.19834166765213013, 0.19833816587924957, 0.1983354538679123, 0.19834597408771515, 0.19832758605480194, 0.19831323623657227, 0.19834302365779877, 0.1983204483985901, 0.1983095407485962], "training_accs": [0.4395571211740635, 0.45247199552370115, 0.4583969117830311, 0.46100948284227744, 0.4564423199151671, 0.46188390680820834, 0.4611581197414631, 0.4614726147429477, 0.4638882433793237, 0.46421632736882495, 0.4629039914108197, 0.46178371249742806, 0.4624398804764307, 0.46342413244493463, 0.46384654633324063, 0.4648307983017446, 0.46515888229124586, 0.46515888229124586, 0.46591277741605747, 0.46535773382986795, 0.4663419857983719, 0.4679824057458784, 0.46896665771438234, 0.46906438486019125, 0.46883402801649887, 0.46916211200600016, 0.4701463639745041, 0.47267670599170986, 0.4733328739707125, 0.474086769095524, 0.4753991050535293, 0.47516874820983684, 0.47493839136614446, 0.4747080345224521, 0.4718181032106745, 0.469912423867401, 0.469912423867401, 0.47243936863760255, 0.4731932637624141, 0.4735213477519154, 0.4715179412628329, 0.4718460252523342, 0.47007297560694417, 0.47007297560694417, 0.46951453477375044, 0.46806956911786163, 0.4648515538165829, 0.4650853079072794, 0.46419878308458434, 0.4633122582618893, 0.46345168245378116, 0.46312359846427986, 0.46223707364158484, 0.46223707364158484, 0.462704581822978, 0.46237649783347673, 0.46237649783347673, 0.462282167934672, 0.462282167934672, 0.462282167934672, 0.462282167934672, 0.46162599995566933, 0.4612979159661681, 0.4612979159661681, 0.46162599995566933, 0.46162599995566933, 0.46162599995566933, 0.4612979159661681, 0.4612979159661681, 0.4612979159661681, 0.4612979159661681, 0.4612979159661681, 0.4612979159661681, 0.4612979159661681, 0.4612979159661681, 0.4612979159661681, 0.4612979159661681, 0.4612979159661681, 0.4612979159661681, 0.4612979159661681, 0.4612979159661681, 0.4612979159661681, 0.4612979159661681, 0.4612979159661681, 0.4612979159661681, 0.4612979159661681, 0.4612979159661681, 0.4612979159661681, 0.4609698319766667, 0.4609698319766667, 0.4609698319766667, 0.4609698319766667, 0.4609698319766667, 0.4609698319766667, 0.46073607788597015, 0.46073607788597015, 0.46073607788597015, 0.4605023237952736, 0.4605023237952736, 0.4605023237952736],