{"training_acc": 0.9786028181418264, "validation_acc": 0.7888376357730668, "classes": ["aerobe", "anaerobe", "facultative"], "confusion_matrix": [297, 13, 29, 16, 217, 10, 24, 7, 46], "f1_score": 0.8517748001313816, "training_losses": [0.2136303037405014, 0.15879756212234497, 0.1287158876657486, 0.11893430352210999, 0.10317382216453552, 0.10848688334226608, 0.09491705149412155, 0.10118553787469864, 0.09218961745500565, 0.08712134510278702, 0.10162778198719025, 0.08151419460773468, 0.11278194934129715, 0.09959539026021957, 0.10404312610626221, 0.12509198486804962, 0.11620518565177917, 0.0986679419875145, 0.09820640832185745, 0.09451884031295776, 0.08867853134870529, 0.07521452754735947, 0.08673174679279327, 0.08586065471172333, 0.0803280770778656, 0.09485112130641937, 0.0894179493188858, 0.1038629412651062, 0.09912174195051193, 0.09006915241479874, 0.07907966524362564, 0.08304156363010406, 0.07025286555290222, 0.07198607921600342, 0.06856201589107513, 0.07298198342323303, 0.15086176991462708, 0.09261201322078705, 0.09640549123287201, 0.07203264534473419, 0.07997459918260574, 0.07218524813652039, 0.05527687817811966, 0.08159282058477402, 0.0753994956612587, 0.07277537882328033, 0.0883791595697403, 0.07406195253133774, 0.06327584385871887, 0.07739471644163132, 0.0659877359867096, 0.07743537425994873, 0.06894847750663757, 0.08826261013746262, 0.07002881169319153, 0.0723363608121872, 0.0735418051481247, 0.0804547592997551, 0.07347147911787033, 0.06057117134332657, 0.055271122604608536, 0.05814267322421074, 0.05854904279112816, 0.04657115787267685, 0.05856497958302498, 0.06414824724197388, 0.04799101501703262, 0.06612574309110641, 0.06605540215969086, 0.07003499567508698, 0.057171162217855453, 0.046932268887758255, 0.05824551731348038, 0.05410786345601082, 0.04811229929327965, 0.06982193887233734, 0.05126446485519409, 0.04696919023990631, 0.04787593334913254, 0.04207935184240341, 0.0603095218539238, 0.04562382772564888, 0.049855172634124756, 0.0993155986070633, 0.07150417566299438, 0.03913493826985359, 0.03822771832346916, 0.04062849283218384, 0.0397576205432415, 0.044532403349876404, 0.04235769808292389, 0.038780372589826584, 0.036307211965322495, 0.05087868496775627, 0.03352424502372742, 0.0516294464468956, 0.05925045907497406, 0.04574631527066231, 0.048173870891332626, 0.038485944271087646], "validation_losses": [0.08363692462444305, 0.0772285982966423, 0.08100190758705139, 0.07811162620782852, 0.08312801271677017, 0.08201681822538376, 0.07939256727695465, 0.08847279101610184, 0.07888901233673096, 0.07904902845621109, 0.08551163971424103, 0.08736365288496017, 0.09200165420770645, 0.08421286195516586, 0.08470575511455536, 0.08092041313648224, 0.07885038107633591, 0.09595873206853867, 0.08121300488710403, 0.087307870388031, 0.09789014607667923, 0.08538870513439178, 0.08264417201280594, 0.08414671570062637, 0.08264359086751938, 0.07496194541454315, 0.07515591382980347, 0.08065368980169296, 0.08384131640195847, 0.08461572229862213, 0.08249293267726898, 0.07956025004386902, 0.08045805245637894, 0.08287541568279266, 0.07622915506362915, 0.07628117501735687, 0.09874405711889267, 0.09111659973859787, 0.08055965602397919, 0.08583401143550873, 0.08028686046600342, 0.08092667162418365, 0.08344411104917526, 0.0719061940908432, 0.08298590779304504, 0.07954443246126175, 0.08026817440986633, 0.08231362700462341, 0.08302615582942963, 0.08418675512075424, 0.08409979194402695, 0.08257865160703659, 0.08448377996683121, 0.0852634459733963, 0.07698791474103928, 0.07795550674200058, 0.08108418434858322, 0.08141665160655975, 0.0753307119011879, 0.074057437479496, 0.07896342128515244, 0.0812651738524437, 0.0861629843711853, 0.07815497368574142, 0.07205136865377426, 0.07483989000320435, 0.07845719158649445, 0.08230789005756378, 0.07758031785488129, 0.07812774181365967, 0.07805941998958588, 0.08010128140449524, 0.08097691833972931, 0.07822827249765396, 0.07873401790857315, 0.07904527336359024, 0.08396703004837036, 0.08149697631597519, 0.07847386598587036, 0.07771393656730652, 0.08396482467651367, 0.08247480541467667, 0.07616649568080902, 0.09336032718420029, 0.08574914187192917, 0.08245467394590378, 0.0761488527059555, 0.074069544672966, 0.07631494104862213, 0.08167311549186707, 0.07830390334129333, 0.07322624325752258, 0.0762011706829071, 0.07594437152147293, 0.07637346535921097, 0.07829400897026062, 0.0766698494553566, 0.07862377166748047, 0.07788414508104324, 0.08139391243457794], "training_accs": [0.8501868519652854, 0.9052313492395593, 0.9215201240865013, 0.9303167991681011, 0.942726202378469, 0.9430077498016561, 0.9443710558937909, 0.9410851166452113, 0.9454014521381146, 0.9447504619054263, 0.9333540770057809, 0.9558061597278108, 0.9316270401935712, 0.9457214768303542, 0.9392398469050675, 0.9241283825101757, 0.9277609162105515, 0.9422607244552212, 0.9421824297730583, 0.9418055722320902, 0.9514058174633181, 0.9590800706342333, 0.9506860124199572, 0.9505905814695153, 0.9514692082300996, 0.9462112640880264, 0.949422388390972, 0.9344737087804763, 0.9426516754783701, 0.9476410781854886, 0.9564663881666675, 0.9575923361940942, 0.9635664848103386, 0.962344864167148, 0.9637118172086859, 0.9568590418318571, 0.9095508373664346, 0.9479713077451842, 0.9430352117700522, 0.9583733460315522, 0.9540980826585819, 0.957508329422505, 0.9689354143617531, 0.9531673684774078, 0.954837451608228, 0.9569857769852067, 0.9493880414019662, 0.9612308236492181, 0.9685125439876044, 0.9562887739193379, 0.9637466475283354, 0.9546957661592836, 0.9629539718467028, 0.9507128238448351, 0.9573665231408998, 0.9604913338669108, 0.958904279861605, 0.953445268951192, 0.9595568519036729, 0.9624461280396774, 0.9672616842815299, 0.9681943427700664, 0.9684202766559218, 0.9727743644219121, 0.967319362958885, 0.9618548816243675, 0.974629718196851, 0.9630649572560442, 0.9576918974245828, 0.9570965207292262, 0.9675415290626765, 0.975560432378025, 0.9667010170731619, 0.9700972911875652, 0.974028508579407, 0.9585842551693653, 0.9706183826481448, 0.9751045551589282, 0.9748327292725533, 0.9793573790523893, 0.963765607271316, 0.9743559480031135, 0.9701646914017324, 0.9389687460146581, 0.9557373449171384, 0.974256145107303, 0.9792576969892396, 0.9751103880810156, 0.980197770209243, 0.9760448700442534, 0.9768376665585471, 0.9783808937033568, 0.9822523672778202, 0.9698410197600897, 0.9822983801110006, 0.9649872279145065, 0.9655750690457353, 0.9749669999900307, 0.9742658666441152, 0.9786028181418264],