{"training_acc": 0.4958388771114068, "validation_acc": 0.49583282687183045, "classes": ["aerobe", "anaerobe", "facultative"], "confusion_matrix": [229, 107, 3, 52, 191, 0, 40, 35, 2], "f1_score": 0.607219730055281, "training_losses": [0.6194281578063965, 0.6138997673988342, 0.6117359399795532, 0.6103315949440002, 0.6093011498451233, 0.6085121631622314, 0.6078912615776062, 0.6073924899101257, 0.6069844365119934, 0.6066455245018005, 0.6063581705093384, 0.6061128973960876, 0.6059027910232544, 0.6057212352752686, 0.6055623292922974, 0.6054227948188782, 0.6052992939949036, 0.6051904559135437, 0.6050949096679688, 0.6050113439559937, 0.6049382090568542, 0.6048751473426819, 0.6048210859298706, 0.6047735810279846, 0.6047318577766418, 0.6046975255012512, 0.6046678423881531, 0.6046435236930847, 0.6046269536018372, 0.6046177744865417, 0.6046143174171448, 0.6046180129051208, 0.6046285629272461, 0.6046438813209534, 0.6046628355979919, 0.6046852469444275, 0.6047101616859436, 0.6047389507293701, 0.6047725081443787, 0.6048101782798767, 0.6048533320426941, 0.6048993468284607, 0.6049501299858093, 0.6050063967704773, 0.6050698161125183, 0.6051396727561951, 0.6052150130271912, 0.6052951812744141, 0.6053763628005981, 0.6054583191871643, 0.6055428981781006, 0.6056334376335144, 0.6057308912277222, 0.6058302521705627, 0.6059320569038391, 0.6060382127761841, 0.6061458587646484, 0.606252133846283, 0.6063581705093384, 0.6064650416374207, 0.6065709590911865, 0.6066769957542419, 0.6067813038825989, 0.6068833470344543, 0.6069842576980591, 0.6070825457572937, 0.6071802377700806, 0.6072763204574585, 0.6073716878890991, 0.6074653267860413, 0.6075557470321655, 0.6076425909996033, 0.6077299118041992, 0.6078137159347534, 0.6079018115997314, 0.6079874634742737, 0.6080740690231323, 0.6081625819206238, 0.6082460284233093, 0.6083307266235352, 0.6084118485450745, 0.6084914207458496, 0.6085702776908875, 0.6086461544036865, 0.6087213754653931, 0.6087958216667175, 0.6088681221008301, 0.6089372038841248, 0.6090063452720642, 0.6090731620788574, 0.6091382503509521, 0.6092017889022827, 0.6092662215232849, 0.6093302965164185, 0.6093938946723938, 0.6094548106193542, 0.609515368938446, 0.6095727682113647, 0.6096301078796387, 0.6096843481063843], "validation_losses": [0.19068853557109833, 0.18975543975830078, 0.18936163187026978, 0.1890895962715149, 0.18888869881629944, 0.18874222040176392, 0.18863782286643982, 0.1885671317577362, 0.18852218985557556, 0.18849851191043854, 0.18849265575408936, 0.188500314950943, 0.18851912021636963, 0.18854747712612152, 0.18858258426189423, 0.18862339854240417, 0.18866832554340363, 0.18871687352657318, 0.18876811861991882, 0.18882232904434204, 0.18887770175933838, 0.18893463909626007, 0.18899153172969818, 0.18905046582221985, 0.1891084611415863, 0.18916647136211395, 0.1892237514257431, 0.18927982449531555, 0.1893358826637268, 0.18939119577407837, 0.18944430351257324, 0.18949726223945618, 0.18955036997795105, 0.18960152566432953, 0.189652681350708, 0.1897028535604477, 0.18975301086902618, 0.18980182707309723, 0.1898505538702011, 0.18989799916744232, 0.18994443118572235, 0.18999071419239044, 0.19003650546073914, 0.19008305668830872, 0.19012731313705444, 0.19017240405082703, 0.1902151256799698, 0.19025728106498718, 0.19030286371707916, 0.19034747779369354, 0.1903938204050064, 0.1904378980398178, 0.19048035144805908, 0.19052161276340485, 0.19056223332881927, 0.19060340523719788, 0.19064484536647797, 0.1906859576702118, 0.19072581827640533, 0.19076654314994812, 0.19080667197704315, 0.1908458173274994, 0.19088242948055267, 0.1909209042787552, 0.19095632433891296, 0.1909877359867096, 0.19102248549461365, 0.1910543292760849, 0.1910836398601532, 0.191116064786911, 0.191144660115242, 0.1911718249320984, 0.19120070338249207, 0.19122523069381714, 0.19125626981258392, 0.1912766396999359, 0.1912974864244461, 0.191338911652565, 0.19135795533657074, 0.19138573110103607, 0.19140717387199402, 0.19142946600914001, 0.1914483606815338, 0.1914667934179306, 0.19148863852024078, 0.19150671362876892, 0.1915251761674881, 0.1915244311094284, 0.19155395030975342, 0.19157233834266663, 0.19158419966697693, 0.19160126149654388, 0.19161057472229004, 0.19163085520267487, 0.19164641201496124, 0.19164825975894928, 0.19167129695415497, 0.19168028235435486, 0.19169162213802338, 0.19170333445072174], "training_accs": [0.4803390138256291, 0.49109299249364075, 0.49109299249364075, 0.4902045233635833, 0.4919756287016109, 0.4914145989952601, 0.4887491916050876, 0.48907663102879434, 0.48851560132244337, 0.48818816189873676, 0.48818816189873676, 0.48818816189873676, 0.4879545716160925, 0.4879545716160925, 0.4882820110397991, 0.4882820110397991, 0.48870329960456815, 0.48870329960456815, 0.4884697093219239, 0.48762919733240934, 0.4877230464734717, 0.48856562360300965, 0.4905302601452493, 0.4906241092863117, 0.4909515487100183, 0.4912789881337249, 0.4912789881337249, 0.49193386698113817, 0.49193386698113817, 0.49291618525225805, 0.49202966042956303, 0.491143135606868, 0.4903504599252353, 0.49011686964259105, 0.4898832793599468, 0.4908655976310667, 0.490959446772129, 0.490959446772129, 0.49128688619583566, 0.4914745844779604, 0.4914745844779604, 0.4914745844779604, 0.491802023901667, 0.491802023901667, 0.49212946332537366, 0.49212946332537366, 0.4924569027490802, 0.49311178159649344, 0.4922252567737984, 0.4925526961975051, 0.4925526961975051, 0.4923210502222232, 0.4923210502222232, 0.4923210502222232, 0.49264848964592983, 0.49264848964592983, 0.49297592906963644, 0.49297592906963644, 0.4931156702112183, 0.4931156702112183, 0.49344310963492494, 0.4937705490586315, 0.4947528673297514, 0.4941937819307629, 0.4945212213544696, 0.4945212213544696, 0.4945212213544696, 0.4945212213544696, 0.4945212213544696, 0.4951761002018828, 0.4961584184730026, 0.49634611675512735, 0.49634611675512735, 0.49634611675512735, 0.49634611675512735, 0.49634611675512735, 0.49611447077984555, 0.49611447077984555, 0.49644191020355216, 0.49644191020355216, 0.49644191020355216, 0.49644191020355216, 0.49644191020355216, 0.49644191020355216, 0.4962083199209079, 0.4962083199209079, 0.49653575934461464, 0.49653575934461464, 0.49653575934461464, 0.4968631987683212, 0.49719063819202775, 0.49719063819202775, 0.49719063819202775, 0.4975180776157344, 0.4975180776157344, 0.4975180776157344, 0.4975180776157344, 0.4966315527930394, 0.4967254019341018, 0.4958388771114068],