{"n_classes": 3, "train_acc": 0.6180640732445106, "val_acc": 0.6344413538155916, "test_acc": 0.6246630590417374, "confusion_matrix": [232, 23, 58, 6, 180, 12, 30, 29, 17], "val_accs": [0.6092630752624865, 0.6185176062378636, 0.6227363479981336, 0.6107636656860762, 0.6344413538155916, 0.6107636656860762, 0.6172236140064896, 0.6198075933346551, 0.612872702804996, 0.6146396346783243, 0.6260038702950516, 0.6107636656860762, 0.6142968619103023, 0.6185156036705723, 0.6198075933346551, 0.6253183247590077, 0.6107636656860762, 0.6142968619103023, 0.6198075933346551, 0.6149824074463462, 0.6081796863579109, 0.6154566821331614, 0.6107636656860762, 0.6142968619103023, 0.6175663867745116, 0.6172236140064896, 0.6185156036705723, 0.6149824074463462, 0.6185156036705723, 0.624026335094925, 0.6120556553501589, 0.615931624342407, 0.6107636656860762, 0.6107636656860762, 0.6185156036705723, 0.6120556553501589, 0.6142968619103023, 0.6142968619103023, 0.6185156036705723, 0.6120556553501589, 0.6185156036705723, 0.615931624342407, 0.6185156036705723, 0.6185156036705723, 0.615931624342407, 0.6120556553501589, 0.6185156036705723, 0.6185156036705723, 0.6185156036705723, 0.6146396346783243, 0.6142968619103023, 0.6185156036705723, 0.6172236140064896, 0.6198075933346551, 0.6185156036705723, 0.6185156036705723, 0.6185156036705723, 0.6198075933346551, 0.6185156036705723, 0.6185156036705723, 0.6185156036705723, 0.6185156036705723, 0.6185156036705723, 0.6185156036705723, 0.6198075933346551, 0.6142968619103023, 0.6198075933346551, 0.6185156036705723, 0.6198075933346551, 0.6185156036705723, 0.6185156036705723, 0.6185156036705723, 0.6185156036705723, 0.6185156036705723, 0.6185156036705723, 0.6185156036705723, 0.6185156036705723, 0.6210995829987377, 0.6210995829987377, 0.6198075933346551, 0.6198075933346551, 0.6198075933346551, 0.6185156036705723, 0.6185156036705723, 0.6185156036705723, 0.6185156036705723, 0.6185156036705723, 0.6185156036705723, 0.6185156036705723, 0.6198075933346551, 0.6185156036705723, 0.6185156036705723, 0.6185156036705723, 0.6185156036705723, 0.6185156036705723, 0.6185156036705723, 0.6185156036705723, 0.6185156036705723, 0.6185156036705723, 0.6185156036705723], "train_accs": [0.5969464030680315, 0.6052244778680156, 0.6098718218314613, 0.6131077699759712, 0.6180640732445106, 0.6115218129897599, 0.6120643377089101, 0.6079671542364351, 0.6170698939205097, 0.6102796093167048, 0.6137604825942207, 0.610602554044241, 0.6105284462744024, 0.6107316030176436, 0.6126437551659647, 0.6115065414461186, 0.6086928397218502, 0.6084828598154318, 0.6078044629597018, 0.6133109267192122, 0.6126273319175919, 0.6148187128923677, 0.6112877740631482, 0.6080593104719333, 0.6143062577479447, 0.6120282575796491, 0.6109571935637913, 0.6173944638653328, 0.6065061831804094, 0.612190136247739, 0.613496051798852, 0.6123251957756753, 0.610638634173502, 0.613496051798852, 0.6094970351164091, 0.61054046738347, 0.6085810266054638, 0.609293878373168, 0.6135244961562923, 0.6110269159963829, 0.611182784109939, 0.6123251957756753, 0.6086223046806151, 0.6126773974692953, 0.61355976367691, 0.6132351937320868, 0.6098216050612322, 0.6097863375406146, 0.6106963354970261, 0.608720471470647, 0.6076710286490524, 0.6127134775985563, 0.6117397677640871, 0.6078044629597018, 0.6097226256625567, 0.6115073540547621, 0.610371765552203, 0.6102735987621709, 0.6114789096973218, 0.6122270289856434, 0.6127134775985563, 0.6082624672151745, 0.6086507490380554, 0.6109571935637913, 0.6099490288173478, 0.6077347405271102, 0.6102735987621709, 0.6101461750060553, 0.6092998889277016, 0.6089116071048207, 0.6070916111919978, 0.6101461750060553, 0.6065061831804094, 0.6119661709188782, 0.6076770392035861, 0.6097226256625567, 0.6070916111919978, 0.6088418846722291, 0.6081927447825829, 0.608453602849348, 0.6079034423583772, 0.6074798930148787, 0.6089753189828785, 0.6101461750060553, 0.6065061831804094, 0.6107316030176436, 0.6091724651715859, 0.6076770392035861, 0.6070916111919978, 0.6078044629597018, 0.6089116071048207, 0.6076770392035861, 0.6089116071048207, 0.607352469258763, 0.607352469258763, 0.6078397304803195, 0.6075151605354963, 0.6082624672151745, 0.6075151605354963, 0.6078397304803195], "val_losses": [0.1356167495250702, 0.1283799260854721, 0.12396219372749329, 0.13221389055252075, 0.1358960121870041, 0.12840035557746887, 0.1270604282617569, 0.12317686527967453, 0.13115087151527405, 0.12591184675693512, 0.13210785388946533, 0.12788113951683044, 0.12143184244632721, 0.12449005246162415, 0.1232619509100914, 0.1250569075345993, 0.12674061954021454, 0.12182442098855972, 0.12421800941228867, 0.13026542961597443, 0.12916763126850128, 0.13067330420017242, 0.12777915596961975, 0.12264114618301392, 0.12907807528972626, 0.12752677500247955, 0.12603731453418732, 0.13100098073482513, 0.12482400238513947, 0.12805424630641937, 0.12783242762088776, 0.127534881234169, 0.12879718840122223, 0.12831836938858032, 0.1264219731092453, 0.12806151807308197, 0.12501688301563263, 0.12407061457633972, 0.12755276262760162, 0.12796442210674286, 0.12675972282886505, 0.12808085978031158, 0.12685300409793854, 0.12799426913261414, 0.128521129488945, 0.12888620793819427, 0.12729649245738983, 0.12668892741203308, 0.1270652413368225, 0.1284484714269638, 0.12579727172851562, 0.12806160748004913, 0.12870432436466217, 0.12686938047409058, 0.12800537049770355, 0.12788917124271393, 0.12812642753124237, 0.12712004780769348, 0.1288527250289917, 0.12868981063365936, 0.12943287193775177, 0.12851814925670624, 0.12779507040977478, 0.12886345386505127, 0.12777280807495117, 0.12608787417411804, 0.12781892716884613, 0.12879975140094757, 0.12814290821552277, 0.12870058417320251, 0.12855345010757446, 0.12881706655025482, 0.12811274826526642, 0.12947948276996613, 0.1288314163684845, 0.12912137806415558, 0.1283121109008789, 0.12785683572292328, 0.12756109237670898, 0.1282578557729721, 0.1279371976852417, 0.1281908005475998, 0.12877433001995087, 0.12917321920394897, 0.12829925119876862, 0.12970823049545288, 0.12939245998859406, 0.12901301681995392, 0.12868177890777588, 0.12798547744750977, 0.12927374243736267, 0.1293570101261139, 0.12926313281059265, 0.1294105499982834, 0.12952417135238647, 0.1286095529794693, 0.12870413064956665, 0.1295272260904312, 0.12881386280059814, 0.12866055965423584],