{"n_classes": 3, "train_acc": 0.8623944515692809, "val_acc": 0.6514928805395184, "test_acc": 0.6472419956529591, "confusion_matrix": [249, 39, 25, 31, 154, 13, 32, 16, 28], "val_accs": null, "train_accs": null, "val_losses": null, "train_losses": null}