{"training_acc": 0.45850634764494025, "validation_acc": 0.45460108300222973, "classes": ["aerobe", "anaerobe", "facultative"], "confusion_matrix": [194, 137, 6, 38, 186, 12, 25, 62, 0], "f1_score": 0.5477271618246585, "training_losses": [0.6292803883552551, 0.6268562078475952, 0.6250468492507935, 0.6237385272979736, 0.6227779388427734, 0.622055172920227, 0.6214993000030518, 0.6210596561431885, 0.6207067370414734, 0.6204158067703247, 0.6201755404472351, 0.6199747920036316, 0.6198111772537231, 0.6196814179420471, 0.6195744276046753, 0.6194867491722107, 0.6194161176681519, 0.6193588972091675, 0.6193152666091919, 0.6192848086357117, 0.6192672252655029, 0.6192629933357239, 0.6192660927772522, 0.6192819476127625, 0.6193032264709473, 0.619329571723938, 0.6193599700927734, 0.6193934082984924, 0.6194308996200562, 0.6194713711738586, 0.6195154786109924, 0.6195635795593262, 0.6196137070655823, 0.6196638941764832, 0.6197142601013184, 0.6197642683982849, 0.6198133826255798, 0.6198614239692688, 0.6199077367782593, 0.6199530959129333, 0.619998574256897, 0.6200443506240845, 0.620087206363678, 0.6201291084289551, 0.6201688647270203, 0.6202086210250854, 0.6202474236488342, 0.6202859282493591, 0.6203221678733826, 0.620357871055603, 0.6203931570053101, 0.6204285621643066, 0.6204628944396973, 0.6204962134361267, 0.6205288767814636, 0.6205620169639587, 0.6205936670303345, 0.620625376701355, 0.6206541657447815, 0.6206839084625244, 0.6207120418548584, 0.6207402348518372, 0.6207652688026428, 0.6207908391952515, 0.6208152770996094, 0.6208396553993225, 0.6208640336990356, 0.6208878755569458, 0.6209080815315247, 0.6209282875061035, 0.6209479570388794, 0.6209666132926941, 0.6209835410118103, 0.6209996938705444, 0.621016263961792, 0.6210301518440247, 0.6210461258888245, 0.6210618615150452, 0.6210764050483704, 0.6210927367210388, 0.6211063265800476, 0.6211199164390564, 0.6211332082748413, 0.6211463212966919, 0.621158242225647, 0.6211711168289185, 0.6211830973625183, 0.6211938261985779, 0.621204674243927, 0.6212149858474731, 0.621225118637085, 0.6212354302406311, 0.6212441325187683, 0.6212522983551025, 0.6212616562843323, 0.6212670207023621, 0.6212747097015381, 0.6212822198867798, 0.6212887763977051, 0.621296226978302], "validation_losses": [0.20566116273403168, 0.20507895946502686, 0.20432068407535553, 0.203683540225029, 0.2031574249267578, 0.2027096152305603, 0.20231787860393524, 0.20196515321731567, 0.2016434520483017, 0.20134462416172028, 0.20106643438339233, 0.20080605149269104, 0.20056484639644623, 0.2003423273563385, 0.20013338327407837, 0.19994103908538818, 0.19975940883159637, 0.19958992302417755, 0.19943088293075562, 0.19928155839443207, 0.19914348423480988, 0.1990162879228592, 0.198893740773201, 0.19878385961055756, 0.19868174195289612, 0.19858792424201965, 0.1985011249780655, 0.1984216421842575, 0.1983494907617569, 0.19828028976917267, 0.19821511209011078, 0.19815485179424286, 0.19810116291046143, 0.19805096089839935, 0.19800464808940887, 0.1979624330997467, 0.197923481464386, 0.19788525998592377, 0.19784963130950928, 0.19781632721424103, 0.19778646528720856, 0.19775809347629547, 0.19773055613040924, 0.19770553708076477, 0.1976793110370636, 0.19765564799308777, 0.19763100147247314, 0.19761143624782562, 0.1975882649421692, 0.19756756722927094, 0.19754783809185028, 0.1975325345993042, 0.1975167989730835, 0.1975025236606598, 0.19748541712760925, 0.19747455418109894, 0.19746223092079163, 0.1974543184041977, 0.19743871688842773, 0.19742992520332336, 0.19742262363433838, 0.19741816818714142, 0.19740483164787292, 0.19739383459091187, 0.1973837912082672, 0.1973777860403061, 0.1973717212677002, 0.19737139344215393, 0.19736288487911224, 0.19735154509544373, 0.19734877347946167, 0.1973498910665512, 0.19733895361423492, 0.19734635949134827, 0.19733835756778717, 0.19733557105064392, 0.197324737906456, 0.19732041656970978, 0.19731548428535461, 0.197318434715271, 0.1973150074481964, 0.19730812311172485, 0.1973041445016861, 0.19730103015899658, 0.19729910790920258, 0.19729216396808624, 0.1972963958978653, 0.1972881257534027, 0.19728855788707733, 0.1972845196723938, 0.1972856968641281, 0.19727998971939087, 0.19728198647499084, 0.19727972149848938, 0.1972845494747162, 0.19727475941181183, 0.1972682923078537, 0.19727811217308044, 0.19727523624897003, 0.1972680687904358], "training_accs": [0.42679324854060763, 0.44671600536430733, 0.45424242277592275, 0.461316701192676, 0.46459730364452634, 0.4640842301314739, 0.46383154363296536, 0.465566412065692, 0.46721191798822587, 0.46876806140056687, 0.46967632661400915, 0.4678597961871245, 0.46662759187423286, 0.4688316134854724, 0.4690661900747288, 0.46874225097527944, 0.4669257205483948, 0.4672238492225567, 0.46819566652090466, 0.46790946908107367, 0.4679730211659792, 0.4672993325417933, 0.46753390913104975, 0.4678578482304991, 0.46569156827887775, 0.4666633855772257, 0.4669873246766749, 0.46654821264174534, 0.46678278923100186, 0.46464231970466785, 0.4661091006068159, 0.465137283308468, 0.4638157164853834, 0.4628180887617482, 0.4641955071537032, 0.46443008374295974, 0.46443008374295974, 0.4645752978220232, 0.46357767009838796, 0.4626694048849456, 0.46143720057205395, 0.46234546578549635, 0.4622561032753034, 0.4622561032753034, 0.4622561032753034, 0.4610238989624118, 0.4588834294360779, 0.4591180060253342, 0.4593525826145906, 0.45949779669365404, 0.45973237328291056, 0.4594084341834612, 0.45996694987216685, 0.4607858525754163, 0.4607858525754163, 0.4607858525754163, 0.4607858525754163, 0.4607858525754163, 0.4613701786894093, 0.4607223004905107, 0.46189095271849673, 0.46156701361904745, 0.46156701361904745, 0.46156701361904745, 0.46156701361904745, 0.46156701361904745, 0.46156701361904745, 0.4612430745195981, 0.4609191354201488, 0.4609191354201488, 0.4609191354201488, 0.4605951963206995, 0.4605951963206995, 0.4605951963206995, 0.46027125722125023, 0.46027125722125023, 0.46027125722125023, 0.46027125722125023, 0.45994731812180095, 0.45994731812180095, 0.45994731812180095, 0.45994731812180095, 0.45994731812180095, 0.45994731812180095, 0.45994731812180095, 0.45994731812180095, 0.45994731812180095, 0.45994731812180095, 0.45994731812180095, 0.45994731812180095, 0.4596233790223516, 0.4593888024330952, 0.4593888024330952, 0.4590648633336459, 0.4590648633336459, 0.4590648633336459, 0.4590648633336459, 0.45850634764494025, 0.45850634764494025, 0.45850634764494025],