{"n_classes": 3, "train_acc": 0.7718416059566291, "val_acc": 0.6979547780254286, "test_acc": 0.679204607025357, "confusion_matrix": [261, 32, 20, 21, 168, 9, 31, 18, 27], "val_accs": null, "train_accs": null, "val_losses": null, "train_losses": null}