{"n_classes": 3, "train_acc": 0.9827765108262, "val_acc": 0.851840058955581, "test_acc": 0.8150330727260271, "confusion_matrix": [285, 11, 17, 10, 184, 4, 20, 10, 46], "val_accs": [0.7831212948333096, 0.6988762927406267, 0.8174292776673028, 0.8281583656914832, 0.8333249893029531, 0.7953306138469518, 0.8316908943932789, 0.8024520768959139, 0.8145535910370428, 0.8141604203255239, 0.840815926017154, 0.7956513583747697, 0.8026116147567848, 0.7989993171245536, 0.8216473519051424, 0.8310871203549617, 0.8167423970863981, 0.7332139803227737, 0.818167223714135, 0.8110217298576776, 0.7830742345019649, 0.8159273521988522, 0.8238898935101467, 0.8306121781457162, 0.7746354159365639, 0.8191962095406312, 0.8274210871670814, 0.8043505106880353, 0.8373624987233633, 0.8058551062462076, 0.8241535648701636, 0.8338005990346291, 0.7884521289626635, 0.8243648357193921, 0.8076220381195359, 0.7917733868152306, 0.7908712302505144, 0.8079124103767698, 0.851840058955581, 0.7890592406131326, 0.7718415008040308, 0.8080883025371861, 0.8092568005516405, 0.8091226285431256, 0.8019791372539595, 0.8120513832066041, 0.79293387456052, 0.8071470959102903, 0.8256561578610445, 0.8436118437169785, 0.7961236304942938, 0.8240193928616485, 0.7825992922927192, 0.8148983663723559, 0.8387873253511001, 0.8311668892853973, 0.8158475832684168, 0.7978918974124828, 0.8095989057972321, 0.8227294057648572, 0.8241502272580113, 0.7664072006979614, 0.8058551062462076, 0.8208309719727357, 0.7844172896319749, 0.8021099716503223, 0.811627506463286, 0.8003443748218549, 0.7970224494468576, 0.8228609076836504, 0.7993951579257942, 0.8455116125539609, 0.7931478154994703, 0.8419784163297347, 0.7400146988439179, 0.8198033211911002, 0.8505480692914983, 0.8114973395893536, 0.7970695097782023, 0.7666735421477, 0.8053801640369621, 0.8038769035236507, 0.7799355440341184, 0.7940152608978043, 0.8392622675603456, 0.8201467614815526, 0.8059866081650009, 0.8259198292210613, 0.7580241202555008, 0.8108384949505266, 0.8338830380547863, 0.8275559266980269, 0.8251034492886546, 0.8095982382748016, 0.8161916910812996, 0.8183000606777888, 0.8393951045239998, 0.8236792901833483, 0.8157147463047627, 0.8019798047763901], "train_accs": [0.7692125389973866, 0.7466458883247521, 0.8862840352232854, 0.9080778492522068, 0.8847384092871148, 0.8675090271731901, 0.9367930955881781, 0.9170621038752436, 0.939388029929476, 0.9487834736908557, 0.9597190598075227, 0.9525196847952171, 0.9297464726713222, 0.9343634247660111, 0.927257528769439, 0.9456094609885913, 0.9541300230956513, 0.9085940283437589, 0.9700024068184953, 0.9693464437656717, 0.9567527404042719, 0.9676667053266756, 0.972613425312078, 0.9603261090133741, 0.938246242994821, 0.9764092852512799, 0.97180550597039, 0.9802981140346234, 0.934495421736936, 0.9794586511194471, 0.9751687067955116, 0.9697361995873139, 0.9727484848400144, 0.9836564392078845, 0.9654893097743424, 0.9636124251466388, 0.8985881505254868, 0.9631019175135324, 0.9827765108262, 0.968738581951177, 0.9749431162493639, 0.9373567511869775, 0.987848216741788, 0.9707497134981735, 0.9860911200983794, 0.9880109080185212, 0.9815479534794993, 0.990571387447845, 0.9744818615593175, 0.9866765481099677, 0.9786375589639601, 0.9562614161394983, 0.9767699353253639, 0.9749086613373897, 0.9684300961586385, 0.9768404703665992, 0.9651234617543679, 0.9621140878401532, 0.9798921228421708, 0.9797539640981864, 0.9519778214661846, 0.9604094777723202, 0.9921666054231637, 0.9748654189488635, 0.9908606898720507, 0.9867594433563585, 0.9836879827813728, 0.9827388054796522, 0.964782468561172, 0.9883983772327586, 0.9928433770616069, 0.9962594035583918, 0.9829796675694413, 0.9944109632881286, 0.8945473287942419, 0.9896890212402306, 0.9921037061537494, 0.9739013091995897, 0.9690140868305024, 0.9620984772004239, 0.9789806508869981, 0.988320206419703, 0.9840455336394088, 0.9916809694188942, 0.9879832762697243, 0.99246354361919, 0.9976566627363597, 0.9907256303441142, 0.9358905623280834, 0.9593497734754122, 0.9862890788957303, 0.9789470085836677, 0.9889148954203989, 0.9928870929626884, 0.9916457018982768, 0.9975937634669454, 0.9970788704965919, 0.9859653215595506, 0.9846025172935567, 0.9888227391849007], "val_losses": [0.07869049161672592, 0.17028014361858368, 0.08591875433921814, 0.06949550658464432, 0.07122696936130524, 0.12947411835193634, 0.06260887533426285, 0.07788170129060745, 0.06951534003019333, 0.07429470121860504, 0.06640163064002991, 0.06623244285583496, 0.10427358001470566, 0.0935933068394661, 0.09544264525175095, 0.06322871148586273, 0.07629314064979553, 0.0974782183766365, 0.07019688934087753, 0.06503251194953918, 0.07449708133935928, 0.0720420628786087, 0.07515820115804672, 0.06417520344257355, 0.0870823934674263, 0.07319366931915283, 0.07603859156370163, 0.059562236070632935, 0.08958332240581512, 0.06630857288837433, 0.06250130385160446, 0.06262484937906265, 0.0828213319182396, 0.0728861540555954, 0.05773515999317169, 0.07218589633703232, 0.08169682323932648, 0.08574012666940689, 0.05650119483470917, 0.07721520960330963, 0.06775718927383423, 0.09651660174131393, 0.06469807773828506, 0.0790066346526146, 0.06470827013254166, 0.0709114745259285, 0.08064432442188263, 0.0625007376074791, 0.07252083718776703, 0.06689637154340744, 0.07126318663358688, 0.08598347008228302, 0.08234737813472748, 0.06169819086790085, 0.07500448077917099, 0.07140835374593735, 0.05781848356127739, 0.05940782651305199, 0.06896896660327911, 0.07252616435289383, 0.07831796258687973, 0.09724186360836029, 0.06047439947724342, 0.08112632483243942, 0.06105077639222145, 0.06638428568840027, 0.057809241116046906, 0.06336520612239838, 0.08257303386926651, 0.06642664968967438, 0.06451671570539474, 0.05312403663992882, 0.08070499449968338, 0.058113791048526764, 0.10499797016382217, 0.06594210863113403, 0.05988796800374985, 0.057517435401678085, 0.07832829654216766, 0.07572460919618607, 0.06820325553417206, 0.061302900314331055, 0.07029064744710922, 0.0662674531340599, 0.0698300153017044, 0.06560683250427246, 0.056752610951662064, 0.05725227668881416, 0.06473921239376068, 0.0928889662027359, 0.06311579048633575, 0.061971232295036316, 0.0537554994225502, 0.06645199656486511, 0.05609573423862457, 0.05425776541233063, 0.057538148015737534, 0.06709751486778259, 0.06953506171703339, 0.06614533811807632],