{"n_classes": 2, "train_acc": 0.8726241769720031, "val_acc": 0.9129950974067862, "test_acc": 0.8773273518772098, "confusion_matrix": [205, 21, 66, 367], "val_accs": null, "train_accs": null, "val_losses": null, "train_losses": null}