{"training_acc": 0.7621489565298565, "validation_acc": 0.7196434390224962, "classes": ["aerobe", "anaerobe", "facultative"], "confusion_matrix": [254, 36, 47, 26, 196, 14, 15, 22, 50], "f1_score": 0.7630593042042985, "training_losses": [0.5624043345451355, 0.526418149471283, 0.5070744156837463, 0.4938763976097107, 0.48390868306159973, 0.47583848237991333, 0.4693751633167267, 0.4629521071910858, 0.45715922117233276, 0.45176538825035095, 0.4467710554599762, 0.442190945148468, 0.4379930794239044, 0.433649480342865, 0.4301051199436188, 0.42683145403862, 0.42315852642059326, 0.420510470867157, 0.4178211987018585, 0.41453224420547485, 0.4121050238609314, 0.4097117483615875, 0.40757840871810913, 0.40550655126571655, 0.40351906418800354, 0.40114110708236694, 0.40003645420074463, 0.3986707925796509, 0.3974134027957916, 0.39417731761932373, 0.39267149567604065, 0.3916626572608948, 0.3903161585330963, 0.38898640871047974, 0.3880763649940491, 0.3867809474468231, 0.3850988745689392, 0.3842802941799164, 0.38337743282318115, 0.38247939944267273, 0.38007864356040955, 0.37963247299194336, 0.40344512462615967, 0.3859472870826721, 0.3789141774177551, 0.37683385610580444, 0.3758390247821808, 0.37298136949539185, 0.371934711933136, 0.37075114250183105, 0.37009042501449585, 0.36930105090141296, 0.3685353100299835, 0.3679766356945038, 0.3672020137310028, 0.3668149411678314, 0.3659800589084625, 0.36541399359703064, 0.3648058772087097, 0.3643931746482849, 0.36392757296562195, 0.36333662271499634, 0.3625447154045105, 0.3622075319290161, 0.36239662766456604, 0.36118578910827637, 0.36079224944114685, 0.3604368269443512, 0.36000892519950867, 0.35999637842178345, 0.35988232493400574, 0.35968849062919617, 0.3592928349971771, 0.3588489592075348, 0.3586465120315552, 0.35873985290527344, 0.35815784335136414, 0.3576054573059082, 0.357620507478714, 0.35775959491729736, 0.35679948329925537, 0.3562920391559601, 0.3562886118888855, 0.35736724734306335, 0.35514670610427856, 0.35366177558898926, 0.3537679612636566, 0.3536245822906494, 0.35304659605026245, 0.35363054275512695, 0.3534659445285797, 0.35344958305358887, 0.35266152024269104, 0.35256093740463257, 0.3523365259170532, 0.3523854911327362, 0.3520129919052124, 0.3519403636455536, 0.3522665798664093, 0.3522529900074005], "validation_losses": [0.18534982204437256, 0.17658035457134247, 0.17158398032188416, 0.1679227203130722, 0.16517645120620728, 0.1628543883562088, 0.16086791455745697, 0.15870055556297302, 0.1571495532989502, 0.15514233708381653, 0.15343213081359863, 0.15153534710407257, 0.15067164599895477, 0.14872926473617554, 0.1473069190979004, 0.14635172486305237, 0.1448131799697876, 0.14359453320503235, 0.14233802258968353, 0.14179672300815582, 0.1409722864627838, 0.1399921178817749, 0.13919338583946228, 0.13840168714523315, 0.13788965344429016, 0.13673897087574005, 0.13582155108451843, 0.13519594073295593, 0.13471649587154388, 0.13481271266937256, 0.13413529098033905, 0.13365356624126434, 0.13275858759880066, 0.1332259476184845, 0.13271594047546387, 0.13182620704174042, 0.13150650262832642, 0.13107994198799133, 0.1306058019399643, 0.13044346868991852, 0.12993645668029785, 0.1293867975473404, 0.1440783143043518, 0.13553668558597565, 0.1347072571516037, 0.133807972073555, 0.132851704955101, 0.13269197940826416, 0.13215146958827972, 0.1320885568857193, 0.13145223259925842, 0.13097433745861053, 0.1303856521844864, 0.13010990619659424, 0.12970827519893646, 0.12944744527339935, 0.1290493607521057, 0.1288943737745285, 0.12876418232917786, 0.1284657120704651, 0.1280084103345871, 0.12803323566913605, 0.12754711508750916, 0.12722855806350708, 0.12847895920276642, 0.1273331642150879, 0.12732888758182526, 0.1270221769809723, 0.12659503519535065, 0.12642179429531097, 0.12603239715099335, 0.12577813863754272, 0.1255062222480774, 0.12557049095630646, 0.12520775198936462, 0.12492318451404572, 0.12478813529014587, 0.12489642202854156, 0.12461487948894501, 0.12455691397190094, 0.12484536319971085, 0.12446010112762451, 0.12500932812690735, 0.12639211118221283, 0.12532615661621094, 0.12473803013563156, 0.1247900128364563, 0.12465977668762207, 0.12448892742395401, 0.12427107244729996, 0.12417573481798172, 0.1243489533662796, 0.12428154051303864, 0.12402316182851791, 0.12382985651493073, 0.12364654242992401, 0.12375012785196304, 0.12337471544742584, 0.12318578362464905, 0.12303996831178665], "training_accs": [0.5826136470614877, 0.6074411151735138, 0.6197735676956474, 0.6305918491833542, 0.631269768525836, 0.6412691473102935, 0.6458189348140969, 0.6534775393448431, 0.6628598419945421, 0.6691075171920109, 0.676673289414825, 0.681782353527891, 0.6857100732580831, 0.6910494832421096, 0.6931013511788074, 0.6952167712004109, 0.7026072882005785, 0.7040155086566736, 0.7088256831750207, 0.7127241226821864, 0.715133440659656, 0.7167754767844507, 0.718562726988309, 0.7187422129292518, 0.7216422637922254, 0.7232284483481495, 0.7221414581143213, 0.7257752798886475, 0.7271827394241859, 0.7294684230295833, 0.7308758825651216, 0.7305819846092555, 0.7352727554738266, 0.7365908524991721, 0.7372052197567482, 0.7416313728884797, 0.7415678208035742, 0.7425954896707926, 0.7437683726170746, 0.7437683726170746, 0.7444462919595565, 0.7442675669391706, 0.7264975456811807, 0.7447852972860307, 0.7507683547506598, 0.7523803497318714, 0.7507132641023461, 0.7517667433948519, 0.751677380884659, 0.7521465340631718, 0.7537885701879666, 0.7535840347422935, 0.7545223410993188, 0.7544329785891261, 0.755695224045601, 0.7559298006348575, 0.7582455253838379, 0.7582755665274212, 0.7592138728844467, 0.7592439140280302, 0.7586853983393244, 0.7589199749285808, 0.75962370469635, 0.7600928578748628, 0.7593332765382229, 0.7599734542210866, 0.7590651890076443, 0.7595343421861571, 0.7600034953646698, 0.7607072251324389, 0.7597989599189967, 0.7597989599189967, 0.7588906947055544, 0.7591252712948107, 0.7591252712948107, 0.7589207358491376, 0.759739638552387, 0.759739638552387, 0.7595050619631305, 0.759739638552387, 0.75994417399806, 0.7591811228636812, 0.7599742151416434, 0.7601487094437333, 0.7595050619631305, 0.7601194292207069, 0.7598848526314503, 0.7598848526314503, 0.7603540058099633, 0.7598848526314503, 0.7606779449094127, 0.7610018840088619, 0.760912521498669, 0.760912521498669, 0.7607973485631887, 0.7607973485631887, 0.7622641294653367, 0.7620595940196635, 0.7621489565298565, 0.7621489565298565],