{"n_classes": 3, "train_acc": 0.6883187721348981, "val_acc": 0.6444822262140064, "test_acc": 0.680601769049726, "confusion_matrix": [275, 27, 11, 19, 173, 6, 37, 17, 22], "val_accs": null, "train_accs": null, "val_losses": null, "train_losses": null}