{"n_classes": 3, "train_acc": 0.6887422848193602, "val_acc": 0.7291280755261579, "test_acc": 0.6908748943388258, "confusion_matrix": [272, 16, 25, 12, 181, 5, 25, 29, 22], "val_accs": [0.6377632791905891, 0.6689292339445836, 0.6694035086313987, 0.6682430208861093, 0.6763390666834882, 0.6980405546577378, 0.6936896434562443, 0.6980405546577378, 0.6891281289279522, 0.6967485649936552, 0.7043690010593581, 0.6980405546577378, 0.7056609907234407, 0.7079021972835843, 0.7108289493797715, 0.7108289493797715, 0.7147049183720195, 0.7049754451873969, 0.7121209390438542, 0.7121209390438542, 0.7134129287079368, 0.7159969080361023, 0.7091941869476669, 0.7104861766117496, 0.7147049183720195, 0.7053182179554188, 0.7079021972835843, 0.7049754451873969, 0.7091941869476669, 0.7049754451873969, 0.7036834555233141, 0.7062674348514796, 0.7049754451873969, 0.7134129287079368, 0.7079021972835843, 0.7049754451873969, 0.7147049183720195, 0.7091941869476669, 0.7091941869476669, 0.7104861766117496, 0.7117781662758323, 0.7117781662758323, 0.7117781662758323, 0.7159969080361023, 0.7147049183720195, 0.7049754451873969, 0.7104861766117496, 0.7159969080361023, 0.7091941869476669, 0.7147049183720195, 0.7172888977001849, 0.7244343915566422, 0.7227996291245377, 0.7147049183720195, 0.7049754451873969, 0.7121209390438542, 0.7036834555233141, 0.7244343915566422, 0.7079021972835843, 0.7079021972835843, 0.7036834555233141, 0.725726381220725, 0.7159969080361023, 0.7134129287079368, 0.725726381220725, 0.7023914658592315, 0.7159969080361023, 0.725726381220725, 0.7010994761951488, 0.7210333647736399, 0.7181066126774525, 0.7205584225643942, 0.7103546746929563, 0.7045011705005817, 0.7155226333492871, 0.7113038915890172, 0.7265440961979924, 0.7210333647736399, 0.7181066126774525, 0.7210333647736399, 0.7210333647736399, 0.7278360858620752, 0.7210333647736399, 0.7278360858620752, 0.724909333765888, 0.7223253544377225, 0.7278360858620752, 0.7278360858620752, 0.7291280755261579, 0.7168146230133697, 0.7168146230133697, 0.708113468132813, 0.7223253544377225, 0.7155226333492871, 0.7223253544377225, 0.7168146230133697, 0.7155226333492871, 0.7278360858620752, 0.6892609658916063, 0.7265440961979924], "train_accs": [0.6186033643311454, 0.6244696655560964, 0.6274252499714785, 0.6334846511439781, 0.6405422946836958, 0.6505571478560827, 0.645552726547156, 0.6555599439477221, 0.6563977816456116, 0.6587763864298695, 0.6614242976613566, 0.6625169828714775, 0.6643454271647646, 0.6644668403663466, 0.6649885564998771, 0.667655651099697, 0.6671339349661666, 0.666675930710694, 0.6683685028674011, 0.6692147889457547, 0.6671339349661666, 0.6687567846902821, 0.6733704863503972, 0.6657022208762245, 0.6714230666814586, 0.6707739267918124, 0.6718113485043395, 0.6717416260717478, 0.6709013505479281, 0.6722633422052784, 0.6740196262400434, 0.6697942064028092, 0.6721996303272205, 0.6778567642543966, 0.6733067744723394, 0.6729761939729825, 0.67668590823122, 0.6723967765159279, 0.674865912318397, 0.6699913525915168, 0.6699913525915168, 0.6777233299437472, 0.6703159225363398, 0.6761004802196315, 0.6822733197258044, 0.6734979101065129, 0.6764887620425126, 0.6810387518245699, 0.6793177353104224, 0.6798041839233352, 0.6838324575718621, 0.6867595976298039, 0.6849051468050069, 0.6801287538681584, 0.673886191929394, 0.6844531531040681, 0.679897152767477, 0.6877333074642732, 0.6815544574035667, 0.6802914451448917, 0.6814562906135347, 0.6869222889065373, 0.6841225726047111, 0.6867888545958877, 0.6881568568077717, 0.6845108544275922, 0.6854905748165953, 0.6871831469733024, 0.683861714537946, 0.6860122909501257, 0.685617998572711, 0.6878382974174824, 0.6827665915018946, 0.682430000448004, 0.6852934286278879, 0.6886725623867685, 0.6868585770284793, 0.6897797065318872, 0.685681710450769, 0.6894551365870641, 0.6860760028281835, 0.6871831469733024, 0.689130566642241, 0.6884814267525948, 0.6854905748165953, 0.689130566642241, 0.6875077169181255, 0.6878322868629486, 0.6887422848193602, 0.6898434184099451, 0.6895825603431799, 0.6897917276409548, 0.6878322868629486, 0.6868525664739455, 0.6878322868629486, 0.6880871343751801, 0.6904288464215335, 0.6896522827757715, 0.6884694056435273, 0.6880931449297139], "val_losses": [0.14693322777748108, 0.1372380405664444, 0.1319551020860672, 0.1273614764213562, 0.12441213428974152, 0.1222485825419426, 0.12350008636713028, 0.11958429217338562, 0.12091434001922607, 0.12036258727312088, 0.1217486560344696, 0.11969554424285889, 0.1200280487537384, 0.11796754598617554, 0.11948277056217194, 0.11833345890045166, 0.1163644790649414, 0.1156846433877945, 0.1165803074836731, 0.11785627156496048, 0.1151042953133583, 0.11556152254343033, 0.11622273176908493, 0.11445299535989761, 0.11597656458616257, 0.11661434173583984, 0.11471660435199738, 0.11445343494415283, 0.11451765894889832, 0.11412284523248672, 0.1158796176314354, 0.11326993256807327, 0.11375989764928818, 0.11655960232019424, 0.1142243817448616, 0.11350395530462265, 0.1146521344780922, 0.11353649199008942, 0.11383341997861862, 0.11239490658044815, 0.11285094171762466, 0.11453233659267426, 0.11278000473976135, 0.11388630419969559, 0.1157783567905426, 0.11360720545053482, 0.11261813342571259, 0.11388564854860306, 0.11243299394845963, 0.11451328545808792, 0.11318350583314896, 0.11521437764167786, 0.11282168328762054, 0.11395315080881119, 0.11101832240819931, 0.1146344244480133, 0.11114784330129623, 0.11510158330202103, 0.1139511838555336, 0.1130593791604042, 0.11191002279520035, 0.1143447682261467, 0.11186589300632477, 0.11311443895101547, 0.11483040452003479, 0.11200612038373947, 0.11247007548809052, 0.1155211552977562, 0.1121920645236969, 0.1149849072098732, 0.11218090355396271, 0.11645302176475525, 0.11569831520318985, 0.11136925220489502, 0.11401341110467911, 0.11187994480133057, 0.11439090967178345, 0.11396373063325882, 0.1120525375008583, 0.11316470056772232, 0.11206062138080597, 0.11450174450874329, 0.11416871100664139, 0.11457429826259613, 0.11344946920871735, 0.11301332712173462, 0.11427929252386093, 0.1143546774983406, 0.11473152041435242, 0.11229437589645386, 0.1124521791934967, 0.11556927859783173, 0.11308684200048447, 0.11452532559633255, 0.11337345838546753, 0.11153247207403183, 0.11248097568750381, 0.11495380848646164, 0.11286047846078873, 0.11326220631599426],