{"training_acc": 0.8093401782180746, "validation_acc": 0.7225349713448193, "classes": ["aerobe", "anaerobe", "facultative"], "confusion_matrix": [293, 15, 29, 19, 206, 11, 35, 15, 37], "f1_score": 0.8090491997423962, "n_iter": 1064, "converged": true, "C": 100, "penalty": "l2", "max_iter": 100000, "feature_type": "cds_4mer", "model_class": "logistic", "binary": 0}