{"training_acc": 0.6174217307577384, "validation_acc": 0.6275817121441507, "classes": ["aerobe", "anaerobe", "facultative"], "confusion_matrix": [180, 69, 90, 20, 177, 46, 18, 11, 48], "f1_score": 0.6365222655724389, "training_losses": [0.6121209859848022, 0.5927572250366211, 0.5833873748779297, 0.5772877931594849, 0.5728387236595154, 0.5693830847740173, 0.5665252804756165, 0.5640493035316467, 0.5618457794189453, 0.5598405599594116, 0.5580145120620728, 0.5563263297080994, 0.5547518134117126, 0.5532646179199219, 0.5518537163734436, 0.5505194664001465, 0.549243688583374, 0.5480161309242249, 0.54681795835495, 0.5456730723381042, 0.5445640683174133, 0.5435175895690918, 0.5424919128417969, 0.541519820690155, 0.5405673384666443, 0.539660632610321, 0.5387697815895081, 0.5379287004470825, 0.5371057987213135, 0.536329448223114, 0.5355576276779175, 0.5348361134529114, 0.5341377258300781, 0.5334796905517578, 0.5328304171562195, 0.5322139263153076, 0.5316137075424194, 0.5310397744178772, 0.5304912328720093, 0.5299667119979858, 0.5294591784477234, 0.5289593935012817, 0.5284897089004517, 0.5280400514602661, 0.5276124477386475, 0.5271880030632019, 0.5267782807350159, 0.5264073610305786, 0.5260308980941772, 0.5256720781326294, 0.5253347158432007, 0.5249975323677063, 0.5246791243553162, 0.524375855922699, 0.5240716934204102, 0.5237776041030884, 0.5235056281089783, 0.5232521891593933, 0.5229781270027161, 0.5227406024932861, 0.5224937200546265, 0.5222638845443726, 0.5220375657081604, 0.5218210816383362, 0.5216091871261597, 0.5214099287986755, 0.5212093591690063, 0.5210399031639099, 0.5208418369293213, 0.5206582546234131, 0.5205011367797852, 0.5203180909156799, 0.5201812982559204, 0.5200105309486389, 0.519865095615387, 0.5197088122367859, 0.5195744037628174, 0.5194368958473206, 0.5192919969558716, 0.5191583633422852, 0.5190332531929016, 0.5188987851142883, 0.5187873244285583, 0.5186547040939331, 0.5185472369194031, 0.5184193849563599, 0.5183237195014954, 0.5182373523712158, 0.5180667042732239, 0.5179846286773682, 0.5178825855255127, 0.5177981853485107, 0.5176897048950195, 0.5176001191139221, 0.5175139307975769, 0.5174350738525391, 0.5173450112342834, 0.5172514319419861, 0.5171768069267273, 0.5170910358428955], "validation_losses": [0.19393233954906464, 0.18658368289470673, 0.1832699328660965, 0.1812489926815033, 0.179827481508255, 0.17881114780902863, 0.17799197137355804, 0.17732734978199005, 0.17673994600772858, 0.1762440949678421, 0.1758265346288681, 0.17545562982559204, 0.17512676119804382, 0.17480064928531647, 0.1745065301656723, 0.17421577870845795, 0.1739768385887146, 0.17374250292778015, 0.17353911697864532, 0.1733410507440567, 0.17315764725208282, 0.17298126220703125, 0.17281845211982727, 0.17263911664485931, 0.1724802851676941, 0.1723298877477646, 0.17218835651874542, 0.17205001413822174, 0.17193756997585297, 0.17180274426937103, 0.17168138921260834, 0.17156322300434113, 0.17144358158111572, 0.1713387817144394, 0.1712353229522705, 0.17112675309181213, 0.17102490365505219, 0.17088253796100616, 0.17079894244670868, 0.17068135738372803, 0.17061224579811096, 0.1705116480588913, 0.17040972411632538, 0.17034222185611725, 0.17023415863513947, 0.17018483579158783, 0.17008934915065765, 0.16998687386512756, 0.16993166506290436, 0.16984179615974426, 0.16980020701885223, 0.16969579458236694, 0.16965456306934357, 0.16957156360149384, 0.16953212022781372, 0.16944408416748047, 0.16941605508327484, 0.16934941709041595, 0.16927888989448547, 0.16922572255134583, 0.16917863488197327, 0.16910278797149658, 0.1690770387649536, 0.16899122297763824, 0.16897059977054596, 0.16889601945877075, 0.16887837648391724, 0.16880154609680176, 0.168779656291008, 0.1687205284833908, 0.1686830222606659, 0.1686491221189499, 0.1686105579137802, 0.1685762256383896, 0.16852498054504395, 0.168498232960701, 0.1684432029724121, 0.16844595968723297, 0.1683763861656189, 0.16836035251617432, 0.16830697655677795, 0.16829243302345276, 0.1682552546262741, 0.16823960840702057, 0.16821560263633728, 0.1681751012802124, 0.16812263429164886, 0.1682584434747696, 0.16801004111766815, 0.16801469027996063, 0.1679978370666504, 0.16796907782554626, 0.16795748472213745, 0.1679372489452362, 0.1679089069366455, 0.167902871966362, 0.16785916686058044, 0.16784317791461945, 0.16782134771347046, 0.1677985042333603], "training_accs": [0.5229336396847323, 0.538238080793152, 0.5482039685170953, 0.5528744880338975, 0.557551802044708, 0.5602189150724278, 0.5619502676717348, 0.563737650370768, 0.5645824781473799, 0.5672420526154651, 0.5685543885734704, 0.5676678637507753, 0.5694443106431696, 0.5706589194553658, 0.5712173602885596, 0.5721982150100594, 0.5742576515988678, 0.5753362334661765, 0.5764148153334852, 0.5772630403571014, 0.5788057331587991, 0.5785719790681024, 0.5812315535361875, 0.5836641684075845, 0.5842226092407782, 0.588749563253058, 0.5950495669107281, 0.5952799237544205, 0.5989237501910094, 0.5994821910242033, 0.5981281580201149, 0.5978000740306136, 0.6000406318573969, 0.5997125478678956, 0.6006024699375948, 0.6003687158468983, 0.6001349617562016, 0.6001349617562016, 0.6016776545578993, 0.6034507042032894, 0.6043372290259844, 0.6054575079393761, 0.6055552350851849, 0.6048990671061824, 0.6048990671061824, 0.6054609051863803, 0.6061136759183787, 0.6061136759183787, 0.606019346019574, 0.6065777868527676, 0.6056912620300726, 0.6056912620300726, 0.6061102786713745, 0.6062046085701792, 0.6070911333928742, 0.6059708544794826, 0.6070945306398784, 0.6067664466503772, 0.6066721167515724, 0.6070002007410737, 0.6070002007410737, 0.6070002007410737, 0.608776647633468, 0.6091047316229693, 0.6091047316229693, 0.6091047316229693, 0.6099912564456643, 0.6099912564456643, 0.6099912564456643, 0.6104587646270575, 0.6113452894497525, 0.6122318142724475, 0.6122318142724475, 0.6131183390951426, 0.6131183390951426, 0.6122318142724475, 0.6122318142724475, 0.6122318142724475, 0.6137745070741453, 0.6137745070741453, 0.6143363451543431, 0.6155509539665395, 0.6155509539665395, 0.6153171998758429, 0.6153171998758429, 0.615739613764149, 0.6168598926775405, 0.6160643005066461, 0.6160676977536502, 0.6163014518443468, 0.6163014518443468, 0.6163957817431516, 0.6169542225763452, 0.6172823065658466, 0.6175160606565432, 0.6175160606565432, 0.6171879766670418, 0.617655484848435, 0.6174217307577384, 0.6174217307577384],