{"n_classes": 3, "train_acc": 1.0, "val_acc": 0.7951750811206635, "test_acc": 0.7523345953226565, "confusion_matrix": [279, 13, 21, 11, 174, 13, 26, 13, 37], "val_accs": null, "train_accs": null, "val_losses": null, "train_losses": null}