{"n_classes": 3, "train_acc": 1.0, "val_acc": 0.7398007579049676, "test_acc": 0.7001614712225104, "confusion_matrix": [262, 23, 28, 17, 172, 9, 30, 16, 30], "val_accs": null, "train_accs": null, "val_losses": null, "train_losses": null}