{"n_classes": 3, "train_acc": 0.9993508601103538, "val_acc": 0.7218464070938944, "test_acc": 0.7426579284238608, "confusion_matrix": [268, 13, 32, 14, 170, 14, 24, 13, 39], "val_accs": null, "train_accs": null, "val_losses": null, "train_losses": null}