{"n_classes": 3, "train_acc": 0.5376252709923811, "val_acc": 0.5844362472689989, "test_acc": 0.5274002850091635, "confusion_matrix": [169, 62, 82, 25, 123, 50, 15, 29, 32], "val_accs": [0.4914850838775309, 0.4812362782420396, 0.49294662423894103, 0.5159374317875517, 0.5459886240827408, 0.5324689585381792, 0.5531361205064893, 0.5632103690264253, 0.551715299013335, 0.5502938099977505, 0.5507674171621352, 0.5428022057611191, 0.5521882386552894, 0.5542979432966396, 0.5542979432966396, 0.5474952222082042, 0.550422641826822, 0.5562781485864878, 0.550422641826822, 0.5491306521627394, 0.5496049268495545, 0.5551156582739072, 0.5419844907838516, 0.5700130901148607, 0.5567517557508727, 0.5729405097334784, 0.5737582247107458, 0.5729405097334784, 0.5593350675566077, 0.5525323464681723, 0.5844362472689989, 0.574232499397561, 0.5525323464681723, 0.5538243361322549, 0.5606270572206903, 0.5674297783091257, 0.5538243361322549, 0.5606270572206903, 0.5538243361322549, 0.5525323464681723, 0.5674297783091257, 0.5538243361322549, 0.5606270572206903, 0.5538243361322549, 0.5606270572206903, 0.5721227947562109, 0.5606270572206903, 0.5538243361322549, 0.5538243361322549, 0.5483136047079022, 0.5567524232733031, 0.5622631546976558, 0.5538243361322549, 0.5606270572206903, 0.5538243361322549, 0.5789255158446461, 0.5538243361322549, 0.5789255158446461, 0.5580437454149553, 0.5530066211549874, 0.5551163257963376, 0.5538243361322549, 0.5462039000665521, 0.5462039000665521, 0.5530066211549874, 0.5483136047079022, 0.5551163257963376, 0.5462039000665521, 0.5551163257963376, 0.5734147844202936, 0.5462039000665521, 0.5462039000665521, 0.5713050797789433, 0.5440941954252018, 0.5419844907838516, 0.5440941954252018, 0.5483136047079022, 0.5483136047079022, 0.5462039000665521, 0.5440941954252018, 0.5440941954252018, 0.5419844907838516, 0.5432764804479343, 0.5453861850892845, 0.5657943483545906, 0.5419844907838516, 0.5504233093492524, 0.5432764804479343, 0.5462039000665521, 0.5440941954252018, 0.5440941954252018, 0.5419844907838516, 0.5440941954252018, 0.5440941954252018, 0.5419844907838516, 0.5419844907838516, 0.5440941954252018, 0.5432764804479343, 0.5453861850892845, 0.5432764804479343], "train_accs": [0.4886224250444518, 0.4924426097818621, 0.48245569079532374, 0.5133189244990187, 0.5201992864654578, 0.5158568189069103, 0.5186318514574617, 0.5227215503766418, 0.5217494657594594, 0.5211994564870143, 0.5228130452220223, 0.5244786470200503, 0.5258113817113169, 0.5266776637666467, 0.5266861121471107, 0.5267221922763717, 0.5305341363678583, 0.5334898720017662, 0.5305962230286294, 0.5304704244898005, 0.5283803095211048, 0.528244437384525, 0.5317241757593679, 0.5353188264666452, 0.5302363855631888, 0.5376252709923811, 0.5328220589153793, 0.533858668019263, 0.5323716904317272, 0.5349398056328718, 0.5376252709923811, 0.5332732400076746, 0.5341916863445502, 0.5348408262341964, 0.5368503325639059, 0.5345078079089092, 0.5353641675850137, 0.5323993221805241, 0.5338955607571674, 0.5363731449401006, 0.5354178058653206, 0.5371212642284222, 0.531552223493527, 0.5354270668544281, 0.535516785263996, 0.5361298450243812, 0.5357155566699903, 0.5328228715240225, 0.5341564188239326, 0.5365634679656307, 0.5317963360178898, 0.5320571940846551, 0.5330484620701703, 0.5330123819409094, 0.5335709908123442, 0.538463921298914, 0.5348684579829933, 0.5342108697128829, 0.5353012683155992, 0.5334359312844078, 0.534607599916228, 0.5334720114136687, 0.5331389930883816, 0.5334996431624657, 0.5335264623026191, 0.5336976019598165, 0.5336976019598165, 0.5323279745306456, 0.5326249127266718, 0.5375815550912995, 0.5323279745306456, 0.5347702911929612, 0.5375815550912995, 0.5314447957143876, 0.530210227813153, 0.5319044251871471, 0.5340582520339007, 0.5315891162314316, 0.532751523874144, 0.5327876040034051, 0.5314808758436486, 0.5308861868429526, 0.5304626374994542, 0.5326525444754686, 0.5358605385771519, 0.5309583471014746, 0.529904179846545, 0.5292641497274805, 0.5298588387281765, 0.5298588387281765, 0.5313458163157122, 0.5285160304391588, 0.5301834086729995, 0.5311026676185185, 0.53105732650015, 0.5321207547441872, 0.5285613715575274, 0.5272185632685099, 0.528912760642504, 0.5272185632685099], "val_losses": [0.196624293923378, 0.19367638230323792, 0.19204267859458923, 0.1900096982717514, 0.19669443368911743, 0.18919025361537933, 0.18850955367088318, 0.19148120284080505, 0.18547973036766052, 0.1869029551744461, 0.18373331427574158, 0.18588939309120178, 0.18710331618785858, 0.1845216602087021, 0.18528282642364502, 0.18434248864650726, 0.18333923816680908, 0.18313023447990417, 0.18486931920051575, 0.18365994095802307, 0.181961327791214, 0.1842624694108963, 0.18091949820518494, 0.18307504057884216, 0.18191377818584442, 0.18463769555091858, 0.18452903628349304, 0.1834801882505417, 0.1830621063709259, 0.18372279405593872, 0.18385685980319977, 0.1822001338005066, 0.18355584144592285, 0.18304644525051117, 0.1829737275838852, 0.1823737621307373, 0.180940642952919, 0.18171186745166779, 0.18121971189975739, 0.18244940042495728, 0.18315425515174866, 0.18230615556240082, 0.18159611523151398, 0.18263418972492218, 0.18331578373908997, 0.18274536728858948, 0.1819823682308197, 0.18256451189517975, 0.1830165535211563, 0.18107035756111145, 0.1807481199502945, 0.1815461814403534, 0.18214422464370728, 0.1823844164609909, 0.18215231597423553, 0.1835973858833313, 0.18281421065330505, 0.18280965089797974, 0.1821637749671936, 0.1819569319486618, 0.18193241953849792, 0.18266746401786804, 0.18202294409275055, 0.1812160611152649, 0.18267804384231567, 0.18250058591365814, 0.18249763548374176, 0.18264910578727722, 0.18307556211948395, 0.18339072167873383, 0.18231786787509918, 0.18147647380828857, 0.18301813304424286, 0.1830112189054489, 0.18233263492584229, 0.1826116144657135, 0.18239296972751617, 0.18207302689552307, 0.18288758397102356, 0.18244324624538422, 0.18272241950035095, 0.18289166688919067, 0.18252986669540405, 0.1823318898677826, 0.18325087428092957, 0.1826658844947815, 0.18209010362625122, 0.18254996836185455, 0.18369871377944946, 0.18310663104057312, 0.18325413763523102, 0.18347929418087006, 0.1826036274433136, 0.18284563720226288, 0.18365898728370667, 0.18331824243068695, 0.1830371618270874, 0.18302425742149353, 0.18241654336452484, 0.18269892036914825],