{"n_classes": 3, "train_acc": 0.8725702027805299, "val_acc": 0.8376255025609498, "test_acc": 0.7753653343026136, "confusion_matrix": [249, 14, 50, 7, 178, 13, 20, 8, 48], "val_accs": [0.7222676137474909, 0.7498750064249032, 0.7729986509371681, 0.7526702566022975, 0.7520631449518284, 0.7969406779491308, 0.8204057601845566, 0.8115737709076368, 0.8264725377934511, 0.8186408308785196, 0.8376255025609498, 0.817823115901252, 0.8085155168926562, 0.8212248102066849, 0.8228595726387896, 0.8207505355198698, 0.8283696365407117, 0.8136841430714176, 0.8155812418186782, 0.8267348741086072, 0.7930647089568827, 0.8073556966697973, 0.8117059403488606, 0.8159246821091305, 0.8012385211174058, 0.8134715371773279, 0.7679635292444914, 0.8241502272580113, 0.7906913329555155, 0.830479341182062, 0.7979703312980574, 0.801025247700886, 0.7642988311014721, 0.8105447850811407, 0.7844106144076707, 0.8155819093411086, 0.80959556818508, 0.8254435519669551, 0.8196691491825853, 0.8161870184242866, 0.8111001637432521, 0.8070129239017754, 0.8062749778549433, 0.8129985975353736, 0.8134715371773279, 0.8086476863338801, 0.796070562461075, 0.8133393677361044, 0.800894413304523, 0.7887935666858246, 0.8207492004750089, 0.7722600373679057, 0.8214367485783441, 0.8134722046997584, 0.8147648618862715, 0.8123921534073348, 0.8185093289597264, 0.8219096882202983, 0.8329318185914342, 0.8343553101743101, 0.8127349261753567, 0.8235457856972639, 0.8141584177582327, 0.828714411876025, 0.8112323331844759, 0.8167430646088286, 0.8198019861462394, 0.815925349631561, 0.8252276084607133, 0.8126558247673518, 0.8196704842274464, 0.8032691243507509, 0.8262612669442225, 0.8140275833618699, 0.8179035523541179, 0.820144091391831, 0.8058524361564859, 0.8129972624905127, 0.8232023454068115, 0.8266040397122444, 0.8105461201260016, 0.8316404964497819, 0.8134728722221888, 0.8172173392956438, 0.8074368006450937, 0.8132098683846024, 0.8095975707523713, 0.8282394696667795, 0.8104132831623474, 0.8149768002579307, 0.8291880190404098, 0.8176909464600284, 0.8133407027809652, 0.8161890209915779, 0.8000787008945468, 0.818508661437296, 0.8210933082878918, 0.8179042198765485, 0.8346994179871929, 0.8228595726387896], "train_accs": [0.7493476058571303, 0.786339469796383, 0.8050723703606252, 0.8219428284301031, 0.8223915716964684, 0.8363866140811117, 0.8499584126142278, 0.8664578247178412, 0.8670533263271804, 0.8723810314597312, 0.8725702027805299, 0.8758315128684905, 0.8739333293405532, 0.8780113462467539, 0.889779233019332, 0.8873461773461236, 0.8869141796221611, 0.8951538876854798, 0.8927985293127718, 0.8894101345647837, 0.8892331355715783, 0.9041857700342893, 0.9045680413026367, 0.9068099613416712, 0.9045868855748814, 0.895048085123627, 0.8727241233827695, 0.9118688335395481, 0.8862318709417396, 0.9143824978517422, 0.8978687612295985, 0.8905852247066814, 0.885387210080673, 0.921033337590364, 0.8909998521571604, 0.9089501418620705, 0.9083078251356014, 0.9071317711665344, 0.9186155534607972, 0.9200536172013609, 0.9230758248332865, 0.919103627290997, 0.9107129099639245, 0.9228390257867147, 0.9281623287799602, 0.9208968040636664, 0.9199788312393462, 0.9156567186108413, 0.8861151821734926, 0.9131199591056228, 0.9371657667713297, 0.8947608814292637, 0.9352276080914986, 0.9363815673537471, 0.9252384391565922, 0.9273305016366044, 0.9356787891837941, 0.9325067239928461, 0.9412301205491175, 0.9335121286193294, 0.9271185574168112, 0.9427616266463783, 0.936009369683151, 0.9453606240308936, 0.9276651451791785, 0.9393556737473442, 0.9390964408978659, 0.9482440481877537, 0.9136573225379191, 0.9393972909185836, 0.9297030958663286, 0.9356106919684892, 0.9508129759975418, 0.9392979724238201, 0.9386135650135564, 0.9324347149528499, 0.9473709429692466, 0.941038984914944, 0.9475672765493105, 0.951180449234803, 0.937848226670277, 0.9427063631487845, 0.9422538959352903, 0.9439893713844357, 0.9248550161835135, 0.9267174418762192, 0.9423689594862504, 0.9460510419956911, 0.9457817355484618, 0.945628305260836, 0.9481458813977217, 0.9436932457970529, 0.9419145279593812, 0.9438339935854935, 0.9452123916891582, 0.9426902789964998, 0.945966048019458, 0.9476178156135694, 0.9500104058202696, 0.9367394573078712], "val_losses": [0.1313391476869583, 0.10268997400999069, 0.09725821018218994, 0.11488910019397736, 0.11905537545681, 0.0852397084236145, 0.08587010949850082, 0.09590119123458862, 0.09149489551782608, 0.08230631798505783, 0.09064561128616333, 0.0822562575340271, 0.09952908754348755, 0.07732969522476196, 0.0817052572965622, 0.07939653098583221, 0.0823340192437172, 0.08935858309268951, 0.08501676470041275, 0.07963433861732483, 0.07885543256998062, 0.08711911737918854, 0.08279769867658615, 0.0843401551246643, 0.0949491336941719, 0.0879923477768898, 0.08309812843799591, 0.08325578272342682, 0.09448524564504623, 0.08048465102910995, 0.08573363721370697, 0.09921413660049438, 0.09767270088195801, 0.08591853082180023, 0.09291840344667435, 0.08538415282964706, 0.08486756682395935, 0.07538542151451111, 0.08728978782892227, 0.08254602551460266, 0.087163545191288, 0.08497525006532669, 0.1039566844701767, 0.07728220522403717, 0.0857778787612915, 0.08378999680280685, 0.10219934582710266, 0.0926113873720169, 0.09500785917043686, 0.09874064475297928, 0.08067437261343002, 0.10273202508687973, 0.08396700769662857, 0.08256340026855469, 0.07467156648635864, 0.09081973880529404, 0.08137822151184082, 0.081633061170578, 0.08123815059661865, 0.0745043158531189, 0.09473476558923721, 0.08272115141153336, 0.08765552192926407, 0.07661759853363037, 0.08280058205127716, 0.08065946400165558, 0.07718612253665924, 0.07663725316524506, 0.08281586319208145, 0.07628051191568375, 0.08375869691371918, 0.07634121924638748, 0.0749657079577446, 0.0904017984867096, 0.08901756256818771, 0.08581116050481796, 0.07539652287960052, 0.08874949812889099, 0.07840734720230103, 0.07795222848653793, 0.07561452686786652, 0.08348392695188522, 0.07548651099205017, 0.07913251966238022, 0.10063989460468292, 0.08978751301765442, 0.07621987164020538, 0.08234145492315292, 0.08414685726165771, 0.08756142109632492, 0.07771328836679459, 0.08089645206928253, 0.08677269518375397, 0.0702628493309021, 0.08756240457296371, 0.0847257673740387, 0.07670162618160248, 0.08498245477676392, 0.0756949856877327, 0.07454083859920502],