{"n_classes": 3, "train_acc": 0.49431541150937036, "val_acc": 0.5115094217453441, "test_acc": 0.48053130939460176, "confusion_matrix": [197, 107, 9, 42, 153, 3, 28, 45, 3], "val_accs": [0.4923912455768295, 0.4972995380077259, 0.5047060331344784, 0.4972995380077259, 0.4956641080531909, 0.5047060331344784, 0.5015182797679959, 0.49191697089001435, 0.5015182797679959, 0.4972988704852955, 0.493814069637275, 0.4985908601493782, 0.507159178066281, 0.5047060331344784, 0.5034140434703956, 0.5042324259700938, 0.5034140434703956, 0.502940436306011, 0.5047060331344784, 0.5042324259700938, 0.5093997171039939, 0.5055237481117459, 0.5072900124626437, 0.4946317846145425, 0.5025963284931282, 0.5076334527530961, 0.5034140434703956, 0.5047060331344784, 0.5097431573944463, 0.502940436306011, 0.5072900124626437, 0.5034140434703956, 0.5055237481117459, 0.5072900124626437, 0.5034140434703956, 0.5055237481117459, 0.5047060331344784, 0.5047060331344784, 0.5050501409473611, 0.5047060331344784, 0.5047060331344784, 0.5047060331344784, 0.5076334527530961, 0.5047060331344784, 0.5047060331344784, 0.5066855709018961, 0.5034140434703956, 0.5068157377758286, 0.5089254424171789, 0.502940436306011, 0.5076334527530961, 0.5021227213287435, 0.502940436306011, 0.502940436306011, 0.502940436306011, 0.5068157377758286, 0.5076334527530961, 0.5076334527530961, 0.5034140434703956, 0.5047060331344784, 0.5076334527530961, 0.5097431573944463, 0.5008307316646609, 0.5047060331344784, 0.5047060331344784, 0.5047060331344784, 0.5089254424171789, 0.5047060331344784, 0.5068157377758286, 0.5089254424171789, 0.5042324259700938, 0.5021227213287435, 0.5042324259700938, 0.5042324259700938, 0.5021227213287435, 0.5042324259700938, 0.5042324259700938, 0.5042324259700938, 0.5042324259700938, 0.5042324259700938, 0.5068157377758286, 0.5042324259700938, 0.5042324259700938, 0.5042324259700938, 0.5115094217453441, 0.5042324259700938, 0.5042324259700938, 0.5042324259700938, 0.5042324259700938, 0.5042324259700938, 0.5042324259700938, 0.5042324259700938, 0.5042324259700938, 0.502940436306011, 0.5042324259700938, 0.5042324259700938, 0.5042324259700938, 0.5042324259700938, 0.5042324259700938, 0.5042324259700938], "train_accs": [0.4932225750807236, 0.4970162996310467, 0.4921339529138198, 0.4991616780973362, 0.4992882892448085, 0.4917104035703213, 0.4970876472809252, 0.49270768211037025, 0.4962681803427251, 0.4954839809251424, 0.49574015121760934, 0.49528602212779155, 0.4957186812418719, 0.49830679241999265, 0.4973330825855234, 0.4955945079203299, 0.4969456133712859, 0.49377369939886356, 0.49425169963131244, 0.49432385988983435, 0.49424406385949177, 0.49155616067405217, 0.4985600147149373, 0.49600100928437446, 0.4956665169603262, 0.4920157901468116, 0.4937015391403416, 0.49745969373299564, 0.4926012181584, 0.49335015005536514, 0.495279860354732, 0.4920073417663476, 0.49645835214972944, 0.4986866258624096, 0.4936025597416662, 0.4914932614046377, 0.4943506790299878, 0.4937291708891385, 0.4928989689630696, 0.4920349735151444, 0.4938281502878139, 0.493269541416379, 0.49331406992610405, 0.49255750225731837, 0.4943506790299878, 0.49189762737980347, 0.4937015391403416, 0.4935396604722518, 0.49301713173007783, 0.49377369939886356, 0.49396320981575026, 0.49344068107357636, 0.49335015005536514, 0.49335015005536514, 0.49335015005536514, 0.49217003304308077, 0.4918178313494608, 0.4914932614046377, 0.4920073417663476, 0.49425169963131244, 0.49331406992610405, 0.49266493003645784, 0.4941611686131011, 0.49467524897481097, 0.49425169963131244, 0.4925935823865793, 0.49301713173007783, 0.4928820722021414, 0.4925935823865793, 0.49344068107357636, 0.49432385988983435, 0.49344068107357636, 0.49305321185933887, 0.4947474092333328, 0.49295423246066344, 0.4944228392885098, 0.49390031054633593, 0.4947474092333328, 0.4938013311476605, 0.49337778180416186, 0.49366627161972415, 0.49337778180416186, 0.4938013311476605, 0.49337778180416186, 0.49431541150937036, 0.49305321185933887, 0.49390031054633593, 0.49337778180416186, 0.49305321185933887, 0.49484638863200825, 0.4938013311476605, 0.4938013311476605, 0.49601805726382847, 0.49377369939886356, 0.4955945079203299, 0.4951709585768314, 0.4967661765521501, 0.49709074649697316, 0.49464842983465757, 0.49487402038080514], "val_losses": [0.19600126147270203, 0.19704808294773102, 0.195204958319664, 0.19000333547592163, 0.18719160556793213, 0.19284339249134064, 0.19257764518260956, 0.19839252531528473, 0.1887708455324173, 0.1909826546907425, 0.19317814707756042, 0.1900794953107834, 0.19507043063640594, 0.1929224133491516, 0.19287963211536407, 0.18651750683784485, 0.19211503863334656, 0.1877652257680893, 0.19187746942043304, 0.18860644102096558, 0.18897652626037598, 0.19208870828151703, 0.19171074032783508, 0.19447198510169983, 0.19282804429531097, 0.19118963181972504, 0.19111758470535278, 0.1916974037885666, 0.19352944195270538, 0.19022980332374573, 0.19053465127944946, 0.19246576726436615, 0.1936071515083313, 0.19136787950992584, 0.1924469918012619, 0.19167585670948029, 0.19204114377498627, 0.1908426731824875, 0.1904582381248474, 0.19162693619728088, 0.19026023149490356, 0.19249525666236877, 0.1912839561700821, 0.19218002259731293, 0.19145523011684418, 0.19185782968997955, 0.19199305772781372, 0.19122612476348877, 0.1905505508184433, 0.19066180288791656, 0.19144733250141144, 0.19026215374469757, 0.19081759452819824, 0.1913653165102005, 0.19111508131027222, 0.19127973914146423, 0.1922602355480194, 0.19281624257564545, 0.19329898059368134, 0.19270330667495728, 0.19163140654563904, 0.19245369732379913, 0.19217681884765625, 0.19325211644172668, 0.19318674504756927, 0.1920188069343567, 0.19169272482395172, 0.19242893159389496, 0.19221070408821106, 0.19227905571460724, 0.1923636943101883, 0.1921723335981369, 0.19200585782527924, 0.19207251071929932, 0.19223783910274506, 0.1920221745967865, 0.19183261692523956, 0.19245456159114838, 0.1920742243528366, 0.1921820342540741, 0.19289585947990417, 0.1924874633550644, 0.19254960119724274, 0.19294516742229462, 0.19269931316375732, 0.19271017611026764, 0.19233304262161255, 0.1925496608018875, 0.19268998503684998, 0.19274912774562836, 0.19281280040740967, 0.19239771366119385, 0.19243009388446808, 0.19296012818813324, 0.19248796999454498, 0.19280798733234406, 0.19183439016342163, 0.19187065958976746, 0.1923850029706955, 0.19235444068908691],