{"training_acc": 0.8638698660204227, "validation_acc": 0.7936102767305652, "classes": ["aerobe", "anaerobe", "facultative"], "confusion_matrix": [240, 25, 74, 14, 214, 15, 9, 7, 61], "f1_score": 0.7957046734424439, "training_losses": [0.4623706042766571, 0.4194925129413605, 0.3926575779914856, 0.37435808777809143, 0.3622170090675354, 0.3534319996833801, 0.34625595808029175, 0.34022724628448486, 0.3344513773918152, 0.32895511388778687, 0.32515236735343933, 0.3216356933116913, 0.31870323419570923, 0.3147217631340027, 0.31248167157173157, 0.30875924229621887, 0.3073895573616028, 0.30458155274391174, 0.302433043718338, 0.30011728405952454, 0.298467218875885, 0.29635709524154663, 0.29459139704704285, 0.29206937551498413, 0.29199981689453125, 0.28942441940307617, 0.28795257210731506, 0.2879115045070648, 0.2848285436630249, 0.28409016132354736, 0.2824999690055847, 0.2814750373363495, 0.28036582469940186, 0.27934667468070984, 0.2778049409389496, 0.2758651077747345, 0.2751956582069397, 0.2739461362361908, 0.27289846539497375, 0.2721579968929291, 0.2711685001850128, 0.26871439814567566, 0.2690925896167755, 0.267642617225647, 0.26738330721855164, 0.2655625641345978, 0.2641984820365906, 0.2652221918106079, 0.2623714506626129, 0.2619994282722473, 0.26079437136650085, 0.2596590518951416, 0.2593763470649719, 0.25906211137771606, 0.2579287588596344, 0.25734227895736694, 0.25602325797080994, 0.2545183300971985, 0.25489091873168945, 0.25401362776756287, 0.2534808814525604, 0.25262975692749023, 0.25190529227256775, 0.24755176901817322, 0.25085410475730896, 0.24841901659965515, 0.24541790783405304, 0.24710065126419067, 0.2469741404056549, 0.24612537026405334, 0.2466639280319214, 0.24560289084911346, 0.24402323365211487, 0.24299003183841705, 0.2433038204908371, 0.24332928657531738, 0.24152567982673645, 0.24144558608531952, 0.24106080830097198, 0.24069495499134064, 0.23959660530090332, 0.23814111948013306, 0.23975257575511932, 0.2384965419769287, 0.2369292825460434, 0.23626410961151123, 0.2359120398759842, 0.23636344075202942, 0.23476514220237732, 0.23171237111091614, 0.2348894327878952, 0.23456639051437378, 0.2330193966627121, 0.23318788409233093, 0.2332765758037567, 0.23242254555225372, 0.2315724641084671, 0.22940026223659515, 0.23047253489494324, 0.22762463986873627], "validation_losses": [0.15009255707263947, 0.13979968428611755, 0.13394795358181, 0.13004720211029053, 0.12760913372039795, 0.12598761916160583, 0.1246325895190239, 0.12381045520305634, 0.1225804015994072, 0.1215573325753212, 0.1209430918097496, 0.12057729065418243, 0.12022167444229126, 0.11923252791166306, 0.11923530697822571, 0.11825382709503174, 0.11847738176584244, 0.1178910881280899, 0.11760613322257996, 0.117254838347435, 0.1169503852725029, 0.11656592786312103, 0.11631157249212265, 0.11571040749549866, 0.1160321831703186, 0.1155145987868309, 0.11515585333108902, 0.11560080200433731, 0.11471814662218094, 0.11480497568845749, 0.1144891083240509, 0.1143362745642662, 0.11443782597780228, 0.1142234355211258, 0.11391229927539825, 0.11326544731855392, 0.11330033093690872, 0.11318157613277435, 0.11301708221435547, 0.11292870342731476, 0.11289109289646149, 0.11168956011533737, 0.112531378865242, 0.11223345994949341, 0.11230949312448502, 0.1117737665772438, 0.11126355826854706, 0.11211325973272324, 0.11115620285272598, 0.11134744435548782, 0.11094042658805847, 0.11053436994552612, 0.11083514988422394, 0.1107889860868454, 0.11065870523452759, 0.11049894988536835, 0.11018676310777664, 0.10953326523303986, 0.11004913598299026, 0.1099926233291626, 0.10999876260757446, 0.10972561687231064, 0.1097252368927002, 0.10689554363489151, 0.10952895879745483, 0.10833301395177841, 0.10638947039842606, 0.10808272659778595, 0.10842867940664291, 0.10829430818557739, 0.10871667414903641, 0.10855145007371902, 0.10792645812034607, 0.1074061393737793, 0.10807853192090988, 0.10814286768436432, 0.1068892553448677, 0.10744552314281464, 0.10770233720541, 0.10752802342176437, 0.1071280688047409, 0.10625986754894257, 0.10749534517526627, 0.10693169385194778, 0.10647635906934738, 0.10591788589954376, 0.10597190260887146, 0.1065049096941948, 0.10592290759086609, 0.10386815667152405, 0.10616549849510193, 0.10609916597604752, 0.10540581494569778, 0.10579067468643188, 0.10586462169885635, 0.10575945675373077, 0.10538842529058456, 0.10390281677246094, 0.10517935454845428, 0.10291136801242828], "training_accs": [0.6467161881216509, 0.6912184879052244, 0.72114172878675, 0.7386632552244073, 0.7545397994174285, 0.764201286923734, 0.7684580314144545, 0.7787742957256757, 0.7868546936740389, 0.793208527444186, 0.7991871446491973, 0.8004973775771195, 0.8018514105812077, 0.8029325808823585, 0.8005438630442935, 0.8040528597957503, 0.8046059620565581, 0.8062011260062761, 0.808675437923756, 0.8130177764938912, 0.81441091811022, 0.8146008721247506, 0.8155358884875369, 0.817503583611383, 0.8194107188762789, 0.8205821747207699, 0.8221746532794799, 0.8213272370690256, 0.8244590111824293, 0.8250726733021869, 0.8262879292228438, 0.8256304670269201, 0.8255819754868288, 0.8255819754868288, 0.8293200348650568, 0.8312412445217289, 0.8316117696229393, 0.8332433567938903, 0.8334771108845868, 0.832819648688663, 0.8333821338773215, 0.8350695894432968, 0.835671183244196, 0.8363286454401199, 0.8351598749866368, 0.8355370976246901, 0.8368008450854383, 0.8340833961494112, 0.8378726324587386, 0.8380114095421698, 0.8386641802741682, 0.8398841276587504, 0.841048206648308, 0.8402566588328785, 0.8424972166596616, 0.8431984789317514, 0.8429647248410547, 0.8435272100297132, 0.8429647248410547, 0.8433372560151827, 0.8433372560151827, 0.843899741203841, 0.8448347575666274, 0.8469459212378299, 0.8459085510128451, 0.8468947443067307, 0.8487674624233114, 0.8485775084087809, 0.848248777310819, 0.8485775084087809, 0.8484825314015155, 0.8488550625756434, 0.8495125247715672, 0.8503087640509222, 0.8495125247715672, 0.8500703184963002, 0.8517577740622757, 0.8544611486065268, 0.8516581055910851, 0.8537598863344371, 0.8545096401466182, 0.856192404248668, 0.8553011879620479, 0.8559586501579716, 0.856893666520758, 0.8583911680722028, 0.8587636992463307, 0.8589974533370274, 0.8597936926163823, 0.8613423710989263, 0.8592312074277239, 0.8598886696236475, 0.8609186629936992, 0.8605899318957372, 0.860494954888472, 0.8610574400771305, 0.8608236859864339, 0.8626499186358405, 0.8618536793564854, 0.8638698660204227],