{"n_classes": 3, "train_acc": 0.6470420075441548, "val_acc": 0.6620964743467792, "test_acc": 0.6469214028067231, "confusion_matrix": [295, 12, 6, 26, 169, 3, 50, 15, 11], "val_accs": null, "train_accs": null, "val_losses": null, "train_losses": null}