{"training_acc": 0.4749314108557295, "validation_acc": 0.4548990710904837, "classes": ["aerobe", "anaerobe", "facultative"], "confusion_matrix": [179, 156, 4, 33, 197, 13, 26, 49, 2], "f1_score": 0.5492842158850397, "training_losses": [0.6749964356422424, 0.6629473567008972, 0.6532660126686096, 0.6457792520523071, 0.6401563286781311, 0.6360473036766052, 0.6331012845039368, 0.6309575438499451, 0.6293033361434937, 0.6279032230377197, 0.6269347071647644, 0.6262308359146118, 0.6256622672080994, 0.6251906156539917, 0.6247901916503906, 0.6244427561759949, 0.6241359710693359, 0.6238605976104736, 0.6236104965209961, 0.6233801245689392, 0.6231657266616821, 0.6229645013809204, 0.6227744817733765, 0.6225940585136414, 0.6224222183227539, 0.6222579479217529, 0.6221004128456116, 0.6219488978385925, 0.6218025088310242, 0.6216607689857483, 0.6215233206748962, 0.6213899254798889, 0.6212601065635681, 0.6211339235305786, 0.6210106611251831, 0.6208893656730652, 0.6207699179649353, 0.6206521391868591, 0.6205353140830994, 0.620418906211853, 0.6203019618988037, 0.6201833486557007, 0.6200622916221619, 0.6199384331703186, 0.619810938835144, 0.6196810007095337, 0.6195507645606995, 0.6194236874580383, 0.6193029284477234, 0.6191900372505188, 0.6190855503082275, 0.6189888119697571, 0.6188985705375671, 0.6188135743141174, 0.6187330484390259, 0.6186563372612, 0.6185829639434814, 0.6185126304626465, 0.6184448599815369, 0.6183792948722839, 0.6183159351348877, 0.6182546019554138, 0.6181952357292175, 0.6181376576423645, 0.6180816292762756, 0.6180271506309509, 0.617974042892456, 0.6179220676422119, 0.6178714036941528, 0.6178224682807922, 0.6177749037742615, 0.6177284121513367, 0.6176831722259521, 0.6176390051841736, 0.6175958514213562, 0.6175538301467896, 0.6175128221511841, 0.6174728274345398, 0.6174338459968567, 0.6173956990242004, 0.6173585057258606, 0.6173225045204163, 0.617287278175354, 0.6172530055046082, 0.6172198057174683, 0.6171873211860657, 0.6171555519104004, 0.6171245574951172, 0.6170943975448608, 0.6170650124549866, 0.6170363426208496, 0.617008626461029, 0.6169816255569458, 0.6169555187225342, 0.616929829120636, 0.6169048547744751, 0.616880476474762, 0.6168565154075623, 0.6168332695960999, 0.6168105006217957, 0.6167882680892944, 0.6167665719985962, 0.6167453527450562, 0.61672443151474, 0.6167040467262268, 0.6166840195655823, 0.6166645288467407, 0.6166453957557678, 0.6166266202926636, 0.6166083812713623, 0.6165902018547058, 0.6165727376937866, 0.616555392742157, 0.6165382862091064, 0.6165216565132141, 0.6165051460266113, 0.6164891123771667, 0.616473376750946, 0.6164578795433044, 0.6164426803588867, 0.6164278388023376, 0.616413414478302, 0.6163992285728455, 0.6163852214813232, 0.6163715720176697, 0.61635822057724, 0.616345226764679, 0.6163327097892761, 0.6163206100463867, 0.6163088083267212, 0.6162973642349243, 0.6162862181663513, 0.6162752509117126, 0.6162645220756531, 0.6162541508674622, 0.6162437200546265, 0.6162337064743042, 0.6162238121032715, 0.6162140965461731, 0.6162045001983643, 0.6161950826644897, 0.6161858439445496, 0.6161767244338989, 0.6161676645278931, 0.6161590218544006, 0.6161506175994873, 0.616142749786377, 0.6161351203918457, 0.6161276698112488, 0.6161205768585205, 0.6161136627197266, 0.6161070466041565, 0.6161003708839417, 0.6160939335823059, 0.6160876154899597, 0.6160814166069031, 0.6160755157470703, 0.6160696744918823, 0.6160640120506287, 0.6160584688186646, 0.6160529255867004, 0.6160475611686707, 0.6160422563552856, 0.6160372495651245, 0.6160323619842529, 0.6160274744033813, 0.6160227656364441, 0.6160180568695068, 0.6160134077072144, 0.6160087585449219, 0.6160042881965637, 0.6159998774528503, 0.6159955859184265, 0.615991473197937, 0.6159873604774475, 0.6159834265708923, 0.6159794330596924, 0.6159754991531372, 0.6159714460372925, 0.6159677505493164, 0.6159642338752747, 0.6159608364105225, 0.615957498550415, 0.6159540414810181, 0.615950882434845, 0.6159476637840271, 0.6159446239471436, 0.6159416437149048, 0.6159387826919556, 0.6159360408782959, 0.6159331798553467, 0.6159305572509766, 0.6159279346466064, 0.6159254908561707, 0.6159229874610901, 0.6159207820892334, 0.6159185171127319, 0.6159164905548096, 0.6159144639968872, 0.6159123778343201],