{"training_acc": 0.9274537478042769, "validation_acc": 0.8639749525166192, "classes": ["intolerant", "tolerant"], "confusion_matrix": [195, 48, 31, 385], "f1_score": 0.8791489541481998, "n_iter": 2613, "converged": true, "C": 100, "penalty": "l2", "max_iter": 100000, "feature_type": "nt_4mer", "model_class": "logistic", "binary": true}