{"n_classes": 3, "train_acc": 0.817512965728429, "val_acc": 0.7917700492030785, "test_acc": 0.7816631082983866, "confusion_matrix": [253, 20, 40, 8, 174, 16, 16, 10, 50], "val_accs": [0.6038991987728268, 0.6283959369244705, 0.6321417390427863, 0.6253390179543508, 0.6541846647401969, 0.6667624561354323, 0.6705069232088872, 0.6740387843882525, 0.66852872048633, 0.6876462291324144, 0.6953981671169105, 0.7167542122334165, 0.7202874084576427, 0.723346997517484, 0.7139602971008833, 0.7112448158539246, 0.7289898983830604, 0.7320488199204714, 0.7472883570070162, 0.7463398076333859, 0.7464706420297488, 0.7555152372007581, 0.7425953405599311, 0.7435452249784223, 0.7600774192514804, 0.7623179582891934, 0.7639533882437285, 0.7605516939382956, 0.7380344935540696, 0.759733978961028, 0.7461292043065878, 0.7661939272814414, 0.7584426568193757, 0.7695956215868743, 0.7626613985796458, 0.7632665076628237, 0.7585728236933081, 0.7497415019388188, 0.7558586774912103, 0.7644276629305436, 0.7558586774912103, 0.7572821690740863, 0.7597346464834583, 0.7592597042742129, 0.757150667155293, 0.7584426568193757, 0.7666682019682566, 0.7618443511248086, 0.7615009108343563, 0.7503479460668577, 0.7576256093645387, 0.7511656610441252, 0.753274698163045, 0.7517707701273032, 0.7529319253950231, 0.7453108218068897, 0.7555159047231884, 0.7542239150591058, 0.7537496403722906, 0.7529319253950231, 0.7478954686574856, 0.7630055063925285, 0.753537034478201, 0.789186069874913, 0.7836740034056994, 0.7568072268648408, 0.7600774192514804, 0.760209588692704, 0.7606831958570889, 0.7545666878271277, 0.7589175990286213, 0.7593912061930062, 0.7917700492030785, 0.7529312578725927, 0.7627929004984391, 0.757493439923315, 0.7668801403399158, 0.7895295101653653, 0.7550409625139429, 0.7566763924684778, 0.7623179582891934, 0.7597346464834583, 0.7665367000494635, 0.7835431690093366, 0.7882375205012826, 0.7593912061930062, 0.7597346464834583, 0.7555152372007581, 0.7626613985796458, 0.7602089211702737, 0.757969049654991, 0.7734715905791224, 0.7553844028043953, 0.7605523614607259, 0.7904780595389957, 0.7608958017511783, 0.7626620661020761, 0.7593918737154365, 0.7623186258116238, 0.7579677146101301], "train_accs": [0.6063704851742532, 0.637293821368366, 0.647215705696611, 0.652065071500625, 0.6795922259564033, 0.6838802227690223, 0.6945477885596586, 0.7040115174139053, 0.708926220313264, 0.712890782083733, 0.72532423199433, 0.7187874919794992, 0.7316075984956902, 0.7433582662133106, 0.746871646891484, 0.7472511412378129, 0.7557280042458497, 0.7693030532135395, 0.7616952491828509, 0.7592673914555331, 0.7702951338076982, 0.7722449913025673, 0.7712127675359303, 0.7748560097961499, 0.7691956254344, 0.7725611128669262, 0.7728456908577969, 0.7721175675464514, 0.7851929950874293, 0.7849857753009711, 0.7866892336640726, 0.7790325157864121, 0.7806061125674676, 0.7816367111168177, 0.7827851333370878, 0.7901343659084157, 0.7877013102352076, 0.7797726602068251, 0.7921131412732804, 0.7895097585515183, 0.7936815401084457, 0.7880075094203414, 0.7931161080738335, 0.794248446141819, 0.7961690466706042, 0.78857212884631, 0.7926143879172792, 0.799684865174708, 0.7927847149658332, 0.7983781370149514, 0.793477570756561, 0.8044328137541162, 0.8052145753457683, 0.8043554555497039, 0.8075871695754925, 0.8144283323396443, 0.8006249327058467, 0.8007591796251395, 0.8071007209625796, 0.8086598588086372, 0.8109955603004568, 0.8153275953081871, 0.8035652455775875, 0.8156216221657276, 0.8172964849528631, 0.809852336026077, 0.8210476285047776, 0.802968269969487, 0.8115733525402246, 0.8118478569333442, 0.8041735809046378, 0.8145289369556066, 0.817512965728429, 0.8058016285746437, 0.8117360438169579, 0.8241650915882496, 0.8132082233734076, 0.827912850289123, 0.8309810604295348, 0.8228255337338058, 0.8323991281931225, 0.8241815148366224, 0.8328202397106906, 0.8214105651862663, 0.8262462846639259, 0.8276519922223576, 0.8151220007390156, 0.8258732743846862, 0.8338661098036818, 0.8286617821860881, 0.8248451136612664, 0.8257053851620625, 0.8321519164527116, 0.8254229059010342, 0.8244984490096249, 0.8300718750817668, 0.8263405396292662, 0.8314218456300496, 0.8227221689978835, 0.8286360979486077], "val_losses": [0.1766880303621292, 0.16848288476467133, 0.15888896584510803, 0.15546435117721558, 0.15806379914283752, 0.14489218592643738, 0.14654332399368286, 0.14333951473236084, 0.1371660977602005, 0.13927365839481354, 0.13473984599113464, 0.13412579894065857, 0.1315748244524002, 0.1294933408498764, 0.12498272955417633, 0.1355672925710678, 0.12165658921003342, 0.12235995382070541, 0.11875217407941818, 0.12052647024393082, 0.11859626322984695, 0.11532581597566605, 0.12060893326997757, 0.11585240811109543, 0.11345239728689194, 0.11325445026159286, 0.11172506958246231, 0.111675925552845, 0.11441783607006073, 0.1184343695640564, 0.11453868448734283, 0.107929527759552, 0.11083091795444489, 0.10874537378549576, 0.11262836307287216, 0.11147479712963104, 0.10932645946741104, 0.11283818632364273, 0.11360589414834976, 0.10843655467033386, 0.11246220022439957, 0.10518079996109009, 0.108933225274086, 0.11197049170732498, 0.11305881291627884, 0.10628033429384232, 0.10560648143291473, 0.1106247529387474, 0.10520761460065842, 0.10898317396640778, 0.10569801181554794, 0.1103144958615303, 0.11476708203554153, 0.1069042757153511, 0.1093592718243599, 0.10964487493038177, 0.10440696775913239, 0.10585189610719681, 0.10757575184106827, 0.10801468044519424, 0.10761455446481705, 0.11103507876396179, 0.1017465889453888, 0.1039491593837738, 0.10617492347955704, 0.10540349036455154, 0.11380916833877563, 0.10198742896318436, 0.10387120395898819, 0.11204612255096436, 0.10351579636335373, 0.10232598334550858, 0.10260403901338577, 0.10647322982549667, 0.10311197489500046, 0.1135457381606102, 0.10692859441041946, 0.10496145486831665, 0.11130695044994354, 0.1079353392124176, 0.10676892846822739, 0.104297935962677, 0.10880208760499954, 0.10857154428958893, 0.10437586903572083, 0.10433407872915268, 0.1049489676952362, 0.10514994710683823, 0.10821603983640671, 0.10241981595754623, 0.10705242305994034, 0.10137428343296051, 0.1088864877820015, 0.106136754155159, 0.10062593966722488, 0.10728845000267029, 0.10802026838064194, 0.10032381117343903, 0.10175833851099014, 0.10923713445663452],