{"n_classes": 3, "train_acc": 0.9381563733667272, "val_acc": 0.8473556432680031, "test_acc": 0.8275844595837869, "confusion_matrix": [267, 8, 38, 5, 182, 11, 14, 8, 54], "val_accs": [0.7465988063363899, 0.7708856086836658, 0.7928514355403627, 0.8103328467094816, 0.8170831672871287, 0.7923260953876202, 0.8296609586823641, 0.7986532067443797, 0.8312963886368991, 0.8280261962502594, 0.8123888157951829, 0.8040861718055882, 0.8129985975353736, 0.8350415232327845, 0.8306906120312908, 0.8195376472637922, 0.7971519487983595, 0.8078306388790429, 0.812048045594452, 0.8317726658910057, 0.8368077875836822, 0.8368077875836822, 0.8397352072023, 0.813684810593848, 0.8275525890858747, 0.8180337192280502, 0.831164886718106, 0.8089877890121803, 0.829186683995549, 0.8397352072023, 0.8402094818891152, 0.8206190336010767, 0.8216473519051424, 0.8423191865304654, 0.8390496616662562, 0.8379689428514022, 0.8415014715531979, 0.8114436040337045, 0.8364656823380908, 0.8300050664952469, 0.8263403683522276, 0.8255226533749601, 0.8322469405778209, 0.8381004447701953, 0.8304800087044925, 0.839392434434278, 0.8351736926740081, 0.8314292256005533, 0.8202762608330546, 0.8287137443535947, 0.838575386979441, 0.8334067608006798, 0.8243628331521009, 0.8463266574415066, 0.8430047320665093, 0.8312963886368991, 0.8148910236256214, 0.8285822424348014, 0.8291880190404098, 0.8220425251839525, 0.815925349631561, 0.8372833973153583, 0.8364650148156603, 0.8325890458234122, 0.8243628331521009, 0.8349100213139913, 0.8358592382100519, 0.8295314593308621, 0.8253120500481618, 0.8230708434880182, 0.8295314593308621, 0.8473556432680031, 0.8350421907552148, 0.806407147296167, 0.832114771136597, 0.8314292256005533, 0.8236779551384875, 0.8321154386590276, 0.8167423970863981, 0.8175601120636656, 0.828238802144349, 0.8261297650254292, 0.8236779551384875, 0.8099403435203931, 0.8283709715855728, 0.8410271968663827, 0.8356486348832538, 0.8270789819214901, 0.8389181597474629, 0.8312983912041904, 0.7936187525741333, 0.8421876846116723, 0.8214360810559137, 0.8328003166726411, 0.8244950025933248, 0.8325897133458428, 0.828238802144349, 0.8376261700833801, 0.8366756181424586, 0.8340923063367237], "train_accs": [0.731574144069922, 0.796817373951607, 0.7931926704716608, 0.8224649004617802, 0.828491116041446, 0.8355780165472476, 0.8520176453995529, 0.8420109015115423, 0.8530342585264604, 0.854211464200259, 0.8556740436715131, 0.8607350314012906, 0.862046144898294, 0.8729324780719008, 0.8805722991886332, 0.8810671961820101, 0.8735608093759275, 0.8805963582088266, 0.8706336693179857, 0.8884918394464338, 0.8857946752718867, 0.8817863976003362, 0.8868750002768522, 0.8994394466721682, 0.8888793086606714, 0.9045404095538397, 0.8939999284232312, 0.8803434582079118, 0.892851506202961, 0.9099399358488244, 0.9083539788626133, 0.9090460220446976, 0.9128530904843237, 0.9113992816875633, 0.9105562460437836, 0.9173918717659569, 0.9213496103732487, 0.9198585697424958, 0.9246590216995377, 0.9106948783003234, 0.9195845388619315, 0.9156383478511518, 0.9194875237766311, 0.9160523139115132, 0.9235855198577495, 0.9194306350617504, 0.9234528981557434, 0.924589299266946, 0.9135470979797832, 0.9307681493276526, 0.9165311267526056, 0.9306415381801804, 0.929439799973633, 0.9243981636327724, 0.9256171208942776, 0.9278662031925774, 0.9058200161363915, 0.9336055709760265, 0.9254484190630107, 0.9200753896141497, 0.9287578303892996, 0.9348970275921418, 0.9184416536836397, 0.942332066748346, 0.9229232071543043, 0.9267319008112173, 0.9333799804298789, 0.9398361118057235, 0.9393556737473442, 0.9107369689841182, 0.9361031511359359, 0.9381563733667272, 0.9325681492634993, 0.9296746515088882, 0.940392282851228, 0.934016286601814, 0.9393152082808364, 0.938467296985196, 0.9437353364808477, 0.9398060422309963, 0.9439332952781986, 0.9456551244009894, 0.9420635729097602, 0.9453313670648097, 0.9435398155094271, 0.9449630812189049, 0.9371269265221088, 0.9452900889896584, 0.9363856303969644, 0.9472795993423918, 0.9199367405555514, 0.934371248415394, 0.9476378115905456, 0.9408410261175931, 0.9329227887830497, 0.9409993320570794, 0.9475311964200496, 0.9452960995441922, 0.9373076494624434, 0.9445908835483089], "val_losses": [0.12360861897468567, 0.11294899135828018, 0.08811215311288834, 0.08420410007238388, 0.10869896411895752, 0.10063139349222183, 0.08732283115386963, 0.10515313595533371, 0.08529291301965714, 0.08007016777992249, 0.10150162875652313, 0.07885360717773438, 0.08293499797582626, 0.08332649618387222, 0.08684137463569641, 0.08833781629800797, 0.08767775446176529, 0.08067624270915985, 0.083495132625103, 0.07306181639432907, 0.07594122737646103, 0.07731529325246811, 0.07516077905893326, 0.07855495065450668, 0.07151153683662415, 0.07711055129766464, 0.08687212318181992, 0.08994864672422409, 0.07796935737133026, 0.07448606938123703, 0.07242118567228317, 0.07830694317817688, 0.08467769622802734, 0.07674884051084518, 0.0689370185136795, 0.07686368376016617, 0.07192941009998322, 0.08155599981546402, 0.0684400424361229, 0.07596371322870255, 0.08717793226242065, 0.08509700000286102, 0.06575947254896164, 0.07415103167295456, 0.07673774659633636, 0.0701281949877739, 0.06808796525001526, 0.0674898624420166, 0.07363088428974152, 0.07493764162063599, 0.06854044646024704, 0.07257161289453506, 0.08146800100803375, 0.06778356432914734, 0.07795170694589615, 0.07389968633651733, 0.0866532176733017, 0.07715414464473724, 0.07618113607168198, 0.0695391595363617, 0.07400450855493546, 0.06828101724386215, 0.06954929232597351, 0.0740966722369194, 0.07811900228261948, 0.08383812755346298, 0.07781750708818436, 0.07068870961666107, 0.07212962210178375, 0.08731785416603088, 0.07622238993644714, 0.07475116103887558, 0.08044710010290146, 0.07691580057144165, 0.07411191612482071, 0.067914679646492, 0.06887880712747574, 0.0672183483839035, 0.07827696204185486, 0.07516320049762726, 0.07772250473499298, 0.07332572340965271, 0.0659458339214325, 0.07528340071439743, 0.06922817975282669, 0.07328828424215317, 0.06427852064371109, 0.06742053478956223, 0.06819094717502594, 0.06971706449985504, 0.08624515682458878, 0.07706662267446518, 0.07574204355478287, 0.08193323016166687, 0.07083896547555923, 0.06974075734615326, 0.07945919036865234, 0.07469192892313004, 0.08151305466890335, 0.08132458478212357],