{"n_classes": 2, "train_acc": 0.9379513274206237, "val_acc": 0.8309796726178205, "test_acc": 0.8309119472358547, "confusion_matrix": [157, 41, 51, 338], "val_accs": null, "train_accs": null, "val_losses": null, "train_losses": null}