{"training_acc": 0.405337875893143, "validation_acc": 0.4034985493523678, "classes": ["aerobe", "anaerobe", "facultative"], "confusion_matrix": [229, 110, 0, 113, 130, 0, 44, 33, 0], "f1_score": 0.5107683508706176, "n_iter": 100, "converged": false, "feature_type": "nt_1mer", "model_class": "logistic", "binary": 0}