{"n_classes": 3, "train_acc": 0.9993508601103538, "val_acc": 0.7239561117352445, "test_acc": 0.7393369262378847, "confusion_matrix": [269, 12, 32, 14, 170, 14, 25, 13, 38], "val_accs": null, "train_accs": null, "val_losses": null, "train_losses": null}