{"training_acc": 0.9713804791228355, "validation_acc": 0.7945235627962602, "classes": ["aerobe", "anaerobe", "facultative"], "confusion_matrix": [303, 15, 21, 15, 220, 8, 24, 8, 45], "f1_score": 0.8612431532215247, "training_losses": [0.21363036334514618, 0.15879851579666138, 0.12873083353042603, 0.11880379915237427, 0.10337983816862106, 0.10694815218448639, 0.09947346895933151, 0.09135202318429947, 0.10880860686302185, 0.13406583666801453, 0.11390622705221176, 0.09097260236740112, 0.09646377712488174, 0.08758445084095001, 0.09062115848064423, 0.08509548753499985, 0.09056909382343292, 0.09537786990404129, 0.08046521246433258, 0.10558320581912994, 0.0905676856637001, 0.0838298425078392, 0.083933524787426, 0.10571097582578659, 0.09310448169708252, 0.10147656500339508, 0.13262128829956055, 0.09891972690820694, 0.08985596895217896, 0.08490801602602005, 0.09064658731222153, 0.0809304267168045, 0.061912957578897476, 0.07233557850122452, 0.09041590988636017, 0.08246283233165741, 0.08024974167346954, 0.08301948010921478, 0.07343628257513046, 0.07601698487997055, 0.07249704003334045, 0.06466562300920486, 0.07270579040050507, 0.06923434138298035, 0.07271237671375275, 0.0802585557103157, 0.09214252233505249, 0.07791430503129959, 0.07175582647323608, 0.0741775706410408, 0.06736699491739273, 0.06845302879810333, 0.06193752959370613, 0.050338007509708405, 0.05881069600582123, 0.08335781842470169, 0.08416055142879486, 0.07273681461811066, 0.062213215976953506, 0.05119677633047104, 0.057926323264837265, 0.05007267743349075, 0.0666959285736084, 0.06361657381057739, 0.06017770245671272, 0.05776171386241913, 0.05306881666183472, 0.052783235907554626, 0.05254015326499939, 0.04343217983841896, 0.05387624353170395, 0.049555398523807526, 0.043883390724658966, 0.04610979184508324, 0.05009201541543007, 0.053677998483181, 0.0761243924498558, 0.0502551905810833, 0.05596470832824707, 0.06152663379907608, 0.053431637585163116, 0.04430164396762848, 0.037990495562553406, 0.049844175577163696, 0.04768799990415573, 0.039820898324251175, 0.059089500457048416, 0.044016316533088684, 0.054503340274095535, 0.03233938664197922, 0.04042098671197891, 0.0346761979162693, 0.04095691815018654, 0.09404382854700089, 0.039159245789051056, 0.038439370691776276, 0.049947723746299744, 0.03959975391626358, 0.056320030242204666, 0.0511932373046875], "validation_losses": [0.08363690972328186, 0.07722855359315872, 0.08099760115146637, 0.0782056674361229, 0.08338025957345963, 0.08071346580982208, 0.08339766412973404, 0.07835550606250763, 0.07756795734167099, 0.0798000767827034, 0.08605790138244629, 0.0852445587515831, 0.0824890285730362, 0.08328841626644135, 0.08587729930877686, 0.08299663662910461, 0.08582912385463715, 0.08486343175172806, 0.08707161247730255, 0.08691366016864777, 0.08199363201856613, 0.08647463470697403, 0.08532611280679703, 0.09449899196624756, 0.08080025017261505, 0.08604282885789871, 0.09899964928627014, 0.08542359620332718, 0.08697471767663956, 0.08552376925945282, 0.08007010072469711, 0.08570615947246552, 0.07853806763887405, 0.07949116826057434, 0.08736856281757355, 0.07860704511404037, 0.07844676822423935, 0.08130484074354172, 0.07989182323217392, 0.08246728032827377, 0.08097991347312927, 0.07455745339393616, 0.08130648732185364, 0.0753437727689743, 0.07749496400356293, 0.08036201447248459, 0.08668626099824905, 0.07928133010864258, 0.07595810294151306, 0.0795264020562172, 0.07566915452480316, 0.07356355339288712, 0.08260209858417511, 0.07821828871965408, 0.07428629696369171, 0.08723727613687515, 0.08052819967269897, 0.0777149349451065, 0.0775441899895668, 0.07964172214269638, 0.07548873871564865, 0.08111914992332458, 0.07931194454431534, 0.07957744598388672, 0.0756053701043129, 0.07918660342693329, 0.07760465890169144, 0.07778803259134293, 0.07577237486839294, 0.08181758970022202, 0.07834455370903015, 0.07856554538011551, 0.07940822094678879, 0.07869203388690948, 0.07750902324914932, 0.08597145974636078, 0.07776562869548798, 0.07913415133953094, 0.07593581825494766, 0.07584106922149658, 0.0759877935051918, 0.0774998888373375, 0.07678522914648056, 0.07553969323635101, 0.07779031991958618, 0.08097173273563385, 0.07370856404304504, 0.07777425646781921, 0.07653415203094482, 0.07810720801353455, 0.07700865715742111, 0.07811300456523895, 0.0775577500462532, 0.09068814665079117, 0.08117315918207169, 0.07741288095712662, 0.07484796643257141, 0.07579077035188675, 0.07585175335407257, 0.0744604766368866], "training_accs": [0.8501868519652854, 0.9052313492395593, 0.9215201240865013, 0.9312033239907961, 0.941510293824705, 0.9431014781100576, 0.9466494008755394, 0.9479670566324764, 0.9413442245888891, 0.9194032701253047, 0.9330220239713838, 0.9434806424563712, 0.9414301756678407, 0.9504830013442547, 0.9499275628946694, 0.9516605534616273, 0.9524131700648278, 0.9442870491222018, 0.9559535572661814, 0.9348546966014913, 0.941018366974562, 0.9502513553689731, 0.9571655772052208, 0.9381756724396167, 0.9431189768763195, 0.9359771185121759, 0.9203747683808764, 0.9414836032324879, 0.9460042435649383, 0.9515226357947468, 0.9431262707751255, 0.9546495116607815, 0.9645525708635224, 0.9615617891896667, 0.9468475456904418, 0.9521754495021367, 0.9540979618259208, 0.953856594313827, 0.9564759888708189, 0.9565241876766836, 0.9563823813950784, 0.9642729677476977, 0.9581573753478309, 0.9569912474093112, 0.954006177824882, 0.9490585368382362, 0.9426934371988428, 0.9501306948030326, 0.9569930708840126, 0.9559074236003401, 0.9603995498658718, 0.9597043702747046, 0.964788105453529, 0.9717002621497534, 0.966385001828308, 0.9535262329366829, 0.9450452569821676, 0.9562540644323492, 0.9622321016633184, 0.9734197633978351, 0.9649777480430162, 0.9735595045394169, 0.9607671692006715, 0.9622487082207405, 0.9637617186565911, 0.9655805394698399, 0.9666567068820221, 0.9701550906975811, 0.9703963373770143, 0.9764485390100995, 0.9681981105521302, 0.9710952847502455, 0.9759491974284895, 0.9754760631084528, 0.9699233238896384, 0.968745771772266, 0.953111996605398, 0.9690426319890307, 0.9684375337568617, 0.9613453351753014, 0.9678766248831718, 0.9730100198445798, 0.9795909693350335, 0.9673653757920654, 0.9699272125043633, 0.9787446244234316, 0.9611577577258377, 0.9742755881809272, 0.965959824648814, 0.9838856757816284, 0.9770232997006484, 0.9813199504546056, 0.9776282771001563, 0.9454080100561676, 0.9776206207033674, 0.9802917401829663, 0.9727726617798717, 0.9802897958756039, 0.9670875961509422, 0.9713804791228355],