{"training_acc": 0.6802538787373663, "validation_acc": 0.7089433758425515, "classes": ["aerobe", "anaerobe", "facultative"], "confusion_matrix": [215, 20, 97, 5, 170, 50, 13, 8, 55], "f1_score": 0.7323784717970172, "training_losses": [0.5624412894248962, 0.5313951969146729, 0.5129907131195068, 0.501171350479126, 0.493068128824234, 0.487142950296402, 0.482576459646225, 0.4789130687713623, 0.47587183117866516, 0.47329118847846985, 0.4710685610771179, 0.4691260755062103, 0.46739402413368225, 0.46580570936203003, 0.4643704295158386, 0.46307995915412903, 0.4618910551071167, 0.46078088879585266, 0.45974525809288025, 0.4587685763835907, 0.4578338861465454, 0.45695072412490845, 0.4561123251914978, 0.4553215205669403, 0.4545629024505615, 0.4538556635379791, 0.4531998932361603, 0.45257192850112915, 0.4519650936126709, 0.45137283205986023, 0.4508061408996582, 0.4502781629562378, 0.4497610628604889, 0.4492581784725189, 0.44878071546554565, 0.4483097791671753, 0.44785261154174805, 0.447422593832016, 0.44701406359672546, 0.44661927223205566, 0.4462301433086395, 0.44586071372032166, 0.4454966187477112, 0.44514602422714233, 0.4447999894618988, 0.444460391998291, 0.44412726163864136, 0.44381213188171387, 0.4435066282749176, 0.4432162642478943, 0.4429332911968231, 0.4426600933074951, 0.44239261746406555, 0.44213056564331055, 0.4418691098690033, 0.44162100553512573, 0.44137799739837646, 0.44115033745765686, 0.44092413783073425, 0.4407057762145996, 0.44048669934272766, 0.44027361273765564, 0.440071165561676, 0.43986305594444275, 0.439668744802475, 0.43947434425354004, 0.4392910301685333, 0.439115047454834, 0.4389464855194092, 0.43876752257347107, 0.43860572576522827, 0.4384409487247467, 0.43828660249710083, 0.4381357431411743, 0.43799155950546265, 0.43785566091537476, 0.43771833181381226, 0.43757930397987366, 0.43745097517967224, 0.43731948733329773, 0.437197208404541, 0.4370669424533844, 0.43695157766342163, 0.43684038519859314, 0.4367261826992035, 0.43661412596702576, 0.43650874495506287, 0.43640610575675964, 0.436305433511734, 0.4362086057662964, 0.43610936403274536, 0.4360213577747345, 0.4359242618083954, 0.4358386993408203, 0.43575015664100647, 0.4356650412082672, 0.4355853199958801, 0.4354982376098633, 0.4354192614555359, 0.4353417456150055], "validation_losses": [0.188315749168396, 0.1772415190935135, 0.1698279231786728, 0.16495871543884277, 0.16159775853157043, 0.15910427272319794, 0.15713945031166077, 0.15554405748844147, 0.15419772267341614, 0.153029665350914, 0.15201514959335327, 0.1511210799217224, 0.1502998024225235, 0.14956262707710266, 0.1488991379737854, 0.14829328656196594, 0.1477329134941101, 0.14721021056175232, 0.14673031866550446, 0.14627353847026825, 0.14583660662174225, 0.14543771743774414, 0.1450589895248413, 0.14471283555030823, 0.14438773691654205, 0.1440870463848114, 0.1438123732805252, 0.1435505747795105, 0.1433182656764984, 0.14308355748653412, 0.14287149906158447, 0.14267897605895996, 0.14246991276741028, 0.1422969549894333, 0.14213286340236664, 0.14197230339050293, 0.14180947840213776, 0.1416715681552887, 0.14152805507183075, 0.14139825105667114, 0.1412726640701294, 0.1411571055650711, 0.14104676246643066, 0.14094077050685883, 0.14083245396614075, 0.14072580635547638, 0.14062553644180298, 0.14053504168987274, 0.14044195413589478, 0.140353262424469, 0.14026573300361633, 0.14019231498241425, 0.14012481272220612, 0.1400594711303711, 0.13998723030090332, 0.1399158537387848, 0.13984279334545135, 0.13978362083435059, 0.1397072821855545, 0.1396448165178299, 0.13957250118255615, 0.13951382040977478, 0.13946162164211273, 0.1393972486257553, 0.1393422782421112, 0.13928718864917755, 0.13924050331115723, 0.1392032504081726, 0.13915874063968658, 0.13910050690174103, 0.13905265927314758, 0.1389922797679901, 0.13894248008728027, 0.13890127837657928, 0.13886162638664246, 0.13881857693195343, 0.13877272605895996, 0.1387239694595337, 0.13868798315525055, 0.13865089416503906, 0.13861405849456787, 0.1385706663131714, 0.1385355442762375, 0.1385081559419632, 0.13847212493419647, 0.13843679428100586, 0.13841131329536438, 0.13838186860084534, 0.13836294412612915, 0.13832777738571167, 0.1382921040058136, 0.138271301984787, 0.1382308155298233, 0.13821597397327423, 0.13818702101707458, 0.1381567269563675, 0.13815350830554962, 0.138111874461174, 0.1380927860736847, 0.138075053691864], "training_accs": [0.5577632795114466, 0.5960979129832137, 0.6113675162251604, 0.6188881944840419, 0.6298035900369158, 0.637982898463754, 0.640238529842273, 0.6424941612207921, 0.6450219306265512, 0.6469947489259001, 0.6470811096852915, 0.6481219694408757, 0.6500656040375715, 0.6517662843096804, 0.6542250112582032, 0.656168645854899, 0.6566253708014199, 0.6560120522897036, 0.6589393695852451, 0.6621786836626099, 0.663248727120847, 0.6627336347690199, 0.6638036782272573, 0.6655335422020192, 0.6657764965266062, 0.6675063605013681, 0.668993270151543, 0.6681661810178928, 0.6668531832350686, 0.6670961375596557, 0.6680971385606567, 0.6686812733697199, 0.6682644071777822, 0.6682644071777822, 0.6688485419868453, 0.6678767246884975, 0.6689759518493879, 0.6687329975248009, 0.6694910442012149, 0.6696357723659125, 0.6690516375568492, 0.6727835035336133, 0.6710244558561982, 0.6710244558561982, 0.6720254568571992, 0.6715395482080252, 0.6717825025326122, 0.6720254568571992, 0.6725113655063731, 0.6727543198309601, 0.6737553208319612, 0.673998275156548, 0.6742412294811352, 0.6750975023174384, 0.6773424586440274, 0.6770995043194404, 0.6760985033184393, 0.6760985033184393, 0.6768273662922003, 0.6778283672932014, 0.6775854129686144, 0.6790723226187892, 0.6788293682942023, 0.6785864139696153, 0.6795874149706164, 0.6793444606460293, 0.6792462344861402, 0.679003280161553, 0.6787603258369662, 0.6787603258369662, 0.6787603258369662, 0.678517371512379, 0.6782744171877922, 0.6791771920289039, 0.6791771920289039, 0.6796631006780779, 0.6796631006780779, 0.6803229211946026, 0.6803229211946026, 0.6799817407101262, 0.6802246950347132, 0.6799817407101262, 0.6802246950347132, 0.6802246950347132, 0.6804676493593002, 0.6817116046848882, 0.6827126056858891, 0.6827126056858891, 0.6822266970367151, 0.6809827417111273, 0.6809827417111273, 0.6812256960357143, 0.6812256960357143, 0.6812256960357143, 0.6809827417111273, 0.6809827417111273, 0.6804968330619533, 0.6804968330619533, 0.6804968330619533, 0.6802538787373663],