{"n_classes": 2, "train_acc": 0.8695925207129345, "val_acc": 0.8537809755494166, "test_acc": 0.8556516320012464, "confusion_matrix": [150, 48, 18, 371], "val_accs": null, "train_accs": null, "val_losses": null, "train_losses": null}