{"training_acc": 0.6865747690907171, "validation_acc": 0.6738431004967449, "classes": ["aerobe", "anaerobe", "facultative"], "confusion_matrix": [213, 25, 93, 6, 166, 63, 15, 7, 45], "f1_score": 0.7144595562380632, "training_losses": [0.5587377548217773, 0.5261540412902832, 0.5069374442100525, 0.49458813667297363, 0.486142635345459, 0.4799778461456299, 0.47524383664131165, 0.47144395112991333, 0.4682948589324951, 0.46563613414764404, 0.4633571207523346, 0.4613567888736725, 0.45960351824760437, 0.45802196860313416, 0.4565921723842621, 0.455272376537323, 0.454072505235672, 0.4529663622379303, 0.4519353210926056, 0.45096325874328613, 0.450044721364975, 0.44915831089019775, 0.448323518037796, 0.4475191533565521, 0.44676655530929565, 0.4460669159889221, 0.4453992545604706, 0.4447614252567291, 0.4441434442996979, 0.44354167580604553, 0.44295963644981384, 0.44240057468414307, 0.4418571889400482, 0.4413343071937561, 0.4408412277698517, 0.4403696358203888, 0.43991249799728394, 0.4394643306732178, 0.4390358626842499, 0.4386240839958191, 0.43822675943374634, 0.43784385919570923, 0.43747761845588684, 0.43713006377220154, 0.436789333820343, 0.43644967675209045, 0.4361169636249542, 0.435806542634964, 0.4355045258998871, 0.435209184885025, 0.4349234998226166, 0.4346444606781006, 0.4343876838684082, 0.4341457784175873, 0.43390482664108276, 0.43367457389831543, 0.4334549903869629, 0.4332398474216461, 0.43303364515304565, 0.43283578753471375, 0.43263739347457886, 0.4324454069137573, 0.4322541058063507, 0.4320792555809021, 0.4319024980068207, 0.43173766136169434, 0.43156978487968445, 0.4314109981060028, 0.43125924468040466, 0.4311146140098572, 0.43096524477005005, 0.43082961440086365, 0.430696964263916, 0.43057382106781006, 0.43044811487197876, 0.43032705783843994, 0.4302101135253906, 0.43010061979293823, 0.42999067902565, 0.42988088726997375, 0.42977285385131836, 0.4296710789203644, 0.4295692443847656, 0.42947468161582947, 0.42938363552093506, 0.42928460240364075, 0.4291956126689911, 0.42910248041152954, 0.429012656211853, 0.4289271831512451, 0.42884519696235657, 0.42876240611076355, 0.428680956363678, 0.4285995066165924, 0.4285232722759247, 0.42844632267951965, 0.42837217450141907, 0.42829814553260803, 0.4282335937023163, 0.4281637966632843], "validation_losses": [0.18588322401046753, 0.17563031613826752, 0.16875480115413666, 0.1643800288438797, 0.1614876240491867, 0.15941950678825378, 0.15784138441085815, 0.1565646231174469, 0.15550018846988678, 0.1545971930027008, 0.15381669998168945, 0.15313726663589478, 0.15253861248493195, 0.15198417007923126, 0.15147922933101654, 0.15099886059761047, 0.15056858956813812, 0.15016938745975494, 0.14979571104049683, 0.14943921566009521, 0.14909617602825165, 0.1487835943698883, 0.14849062263965607, 0.14820072054862976, 0.14793981611728668, 0.14770019054412842, 0.14747732877731323, 0.1472695916891098, 0.14707335829734802, 0.14688745141029358, 0.14670580625534058, 0.14653296768665314, 0.14636129140853882, 0.1461961567401886, 0.14604942500591278, 0.14589673280715942, 0.1457444131374359, 0.14559616148471832, 0.1454528421163559, 0.14530786871910095, 0.14515918493270874, 0.14502772688865662, 0.144892618060112, 0.1447848677635193, 0.14467357099056244, 0.1445605605840683, 0.144452765583992, 0.14434832334518433, 0.14424708485603333, 0.1441427767276764, 0.14405716955661774, 0.14396266639232635, 0.14389483630657196, 0.1438222974538803, 0.14373691380023956, 0.1436544507741928, 0.14359639585018158, 0.1435214877128601, 0.14346280694007874, 0.14339777827262878, 0.14333510398864746, 0.1432720571756363, 0.14321768283843994, 0.14316242933273315, 0.14310790598392487, 0.14306113123893738, 0.14300327003002167, 0.14295294880867004, 0.14290428161621094, 0.14286138117313385, 0.1428077518939972, 0.14276930689811707, 0.14272697269916534, 0.14269062876701355, 0.14264905452728271, 0.14261466264724731, 0.14258815348148346, 0.14255134761333466, 0.1425226330757141, 0.14249831438064575, 0.14246581494808197, 0.14243613183498383, 0.1424071192741394, 0.14237560331821442, 0.14235670864582062, 0.14231444895267487, 0.14228852093219757, 0.1422593891620636, 0.14222732186317444, 0.14221635460853577, 0.14219047129154205, 0.14217127859592438, 0.14214684069156647, 0.14212359488010406, 0.1421070396900177, 0.14208143949508667, 0.14205747842788696, 0.14203542470932007, 0.14202064275741577, 0.14200153946876526], "training_accs": [0.5666816333264326, 0.6035692398810527, 0.611495308694784, 0.6294154274043882, 0.6357731045239529, 0.6451150650512728, 0.6518927683384996, 0.6537002381412642, 0.6579654162765052, 0.6582378780338334, 0.6636912033057353, 0.6654564237132213, 0.6673483923065427, 0.6689029826839173, 0.6691022791823588, 0.6706682030914036, 0.6734531900007176, 0.6758913160012558, 0.6733478749856617, 0.6731063290919419, 0.6745556044542607, 0.6742087435454852, 0.6741034285304294, 0.6745978538495391, 0.6745978538495391, 0.6750809456369787, 0.6764683892720811, 0.6776874522723503, 0.6772043604849106, 0.6778350166826844, 0.6780765625764041, 0.6788125337892338, 0.6780765625764041, 0.6788125337892338, 0.678570987895514, 0.6780878961080744, 0.6786763029105697, 0.6784234234851798, 0.6791480611663392, 0.6791480611663392, 0.6801255782728886, 0.6802618091515527, 0.68416054404608, 0.6848965152589095, 0.6848965152589095, 0.6851380611526293, 0.6851380611526293, 0.6852742920312932, 0.6849274311225177, 0.6841914599096882, 0.6844330058034079, 0.6846745516971278, 0.6856520688036771, 0.6851689770162376, 0.6851689770162376, 0.6849274311225177, 0.6839499140159684, 0.6841914599096882, 0.6844330058034079, 0.6844330058034079, 0.6844330058034079, 0.6844330058034079, 0.6849160975908476, 0.6848107825757919, 0.684569236682072, 0.6850523284695117, 0.6840748113629623, 0.684705467560736, 0.6844639216670162, 0.684705467560736, 0.684705467560736, 0.684705467560736, 0.684705467560736, 0.6849470134544559, 0.6849470134544559, 0.6849470134544559, 0.6846001525456803, 0.6844948375306245, 0.6847363834243443, 0.6847363834243443, 0.6849779293180641, 0.6849779293180641, 0.6849779293180641, 0.6849779293180641, 0.6849779293180641, 0.6849779293180641, 0.6849779293180641, 0.6849779293180641, 0.6849779293180641, 0.6851141601967282, 0.6853557060904479, 0.6853557060904479, 0.6851141601967282, 0.6841366430901789, 0.683895097196459, 0.6841366430901789, 0.6851141601967282, 0.6855972519841678, 0.6855972519841678, 0.6865747690907171],