{"training_acc": 0.8712617377213, "validation_acc": 0.8236612192692165, "classes": ["aerobe", "anaerobe", "facultative"], "confusion_matrix": [306, 7, 26, 15, 217, 11, 21, 4, 52], "f1_score": 0.8752712811225403, "training_losses": [0.3457597494125366, 0.3145386576652527, 0.300491601228714, 0.2930014729499817, 0.2869490087032318, 0.28256091475486755, 0.278570294380188, 0.27526432275772095, 0.2717675566673279, 0.26919206976890564, 0.2661193609237671, 0.2637328803539276, 0.26151326298713684, 0.2593761086463928, 0.2574753761291504, 0.2560695707798004, 0.2541579604148865, 0.2523530125617981, 0.25107714533805847, 0.2490549385547638, 0.24809344112873077, 0.2465762048959732, 0.24528002738952637, 0.24365921318531036, 0.24244406819343567, 0.24145956337451935, 0.2402602732181549, 0.23909419775009155, 0.23824568092823029, 0.2373761087656021, 0.23591920733451843, 0.23576654493808746, 0.2344965934753418, 0.23336590826511383, 0.23263482749462128, 0.23201055824756622, 0.23059336841106415, 0.22963117063045502, 0.22972753643989563, 0.22839371860027313, 0.22783833742141724, 0.226608544588089, 0.22609414160251617, 0.22542713582515717, 0.22455847263336182, 0.2242695838212967, 0.22346433997154236, 0.22293153405189514, 0.22209686040878296, 0.2212143987417221, 0.22057175636291504, 0.21956156194210052, 0.2194368541240692, 0.21859879791736603, 0.21799905598163605, 0.21773283183574677, 0.21691551804542542, 0.21551142632961273, 0.2155129313468933, 0.21416892111301422, 0.21418561041355133, 0.2129317969083786, 0.21391507983207703, 0.21277780830860138, 0.2126065343618393, 0.21150101721286774, 0.21109090745449066, 0.21023958921432495, 0.21050766110420227, 0.20999649167060852, 0.2091921716928482, 0.2093062698841095, 0.20794977247714996, 0.2063736915588379, 0.20666000247001648, 0.20617812871932983, 0.20567390322685242, 0.2051663100719452, 0.20570263266563416, 0.2053874135017395, 0.20375068485736847, 0.20358891785144806, 0.2033207267522812, 0.20317202806472778, 0.20284003019332886, 0.20286917686462402, 0.20197004079818726, 0.20033946633338928, 0.19967195391654968, 0.199897900223732, 0.1986909657716751, 0.1990547776222229, 0.19867779314517975, 0.19780407845973969, 0.19863292574882507, 0.19728787243366241, 0.1974407136440277, 0.19739094376564026, 0.1972513645887375, 0.19543659687042236], "validation_losses": [0.09657739847898483, 0.08558151870965958, 0.08087630569934845, 0.07873516529798508, 0.0772642120718956, 0.07667659223079681, 0.07610050588846207, 0.07564124464988708, 0.07523102313280106, 0.07488180696964264, 0.07454191893339157, 0.07410161197185516, 0.0743105486035347, 0.07394283264875412, 0.0736616775393486, 0.07356949150562286, 0.07322840392589569, 0.07290258258581161, 0.0728500485420227, 0.07292190939188004, 0.07255443930625916, 0.07250138372182846, 0.07243244349956512, 0.07214723527431488, 0.07206522673368454, 0.07190559059381485, 0.07172654569149017, 0.07155195623636246, 0.07161814719438553, 0.07128170877695084, 0.07136717438697815, 0.07117518037557602, 0.07130812853574753, 0.07098027318716049, 0.07129741460084915, 0.07096170634031296, 0.07101436704397202, 0.0708269327878952, 0.07089712470769882, 0.0706353411078453, 0.07055063545703888, 0.0705285295844078, 0.07069788128137589, 0.07062897831201553, 0.07025297731161118, 0.07049740105867386, 0.07048017531633377, 0.07018648087978363, 0.07031571120023727, 0.07025519758462906, 0.07001540064811707, 0.07025296986103058, 0.07009992003440857, 0.06982503831386566, 0.0699767991900444, 0.06974409520626068, 0.06988933682441711, 0.06982618570327759, 0.06999599933624268, 0.06970291584730148, 0.06986779719591141, 0.06962656229734421, 0.06950502097606659, 0.06979439407587051, 0.06936443597078323, 0.06975582242012024, 0.06951112300157547, 0.06943610310554504, 0.069811150431633, 0.06944664567708969, 0.06955523043870926, 0.06979025900363922, 0.06925603002309799, 0.06956595927476883, 0.06934908777475357, 0.06922474503517151, 0.06943102180957794, 0.06944797933101654, 0.0689229667186737, 0.06938036531209946, 0.0689874067902565, 0.0692623034119606, 0.06930913776159286, 0.06908980011940002, 0.06937562674283981, 0.06893395632505417, 0.06945903599262238, 0.06883446127176285, 0.06936845928430557, 0.06949947029352188, 0.06887957453727722, 0.06939450651407242, 0.06950263679027557, 0.06869934499263763, 0.06937262415885925, 0.06874789297580719, 0.069661445915699, 0.06850015372037888, 0.06935329735279083, 0.06831052154302597], "training_accs": [0.7573298190606331, 0.7768576744943481, 0.7838734018684469, 0.7960403854681984, 0.8039887713308338, 0.8058576144246486, 0.8090801629064469, 0.8141197087267926, 0.8179951917486418, 0.8196285002524499, 0.8207486153577892, 0.8213096450641401, 0.8245782063791189, 0.8257921706255206, 0.8266786954482157, 0.8269581777313793, 0.8328403006812629, 0.8331677401049694, 0.836246658830461, 0.836807688536812, 0.8379278036421512, 0.836246658830461, 0.8363405079715235, 0.8374606230768628, 0.8365740982541677, 0.8377880625005694, 0.8382552430658579, 0.8397947024286037, 0.8404476369686545, 0.8406812272512987, 0.8411005715087053, 0.8415677520739938, 0.8416616012150562, 0.8428736211540954, 0.8448822053894922, 0.8443211756831412, 0.8453015496468987, 0.844974110223192, 0.8464236090596003, 0.8491750883613854, 0.8484283046802723, 0.8487576884113412, 0.8511836725967822, 0.8497361180677362, 0.8530984076911166, 0.8523976368431838, 0.8526312271258281, 0.8530984076911166, 0.8528189254079527, 0.8544540573864626, 0.8562271070318527, 0.8552927459012757, 0.8553405822091577, 0.8577685107019608, 0.8576287695603789, 0.8593099143720692, 0.8577226187014414, 0.8593079700647066, 0.8607574689011149, 0.8601964391947642, 0.8605238786184707, 0.8587488846657182, 0.8602902883358264, 0.8605238786184707, 0.8599628489121199, 0.8609910591837592, 0.8599647932194823, 0.8613184986074659, 0.8610849083248215, 0.8618795283138168, 0.8609451671832398, 0.8619714331475166, 0.8622050234301609, 0.863978073075551, 0.8619714331475166, 0.8624386137128051, 0.863978073075551, 0.863091548252856, 0.8632791257023197, 0.863978073075551, 0.8642594996660771, 0.8654275719119592, 0.8646329519229642, 0.8661263984525296, 0.8653337227708969, 0.8668271693004623, 0.8676658578152754, 0.8659406444777673, 0.8691134123443213, 0.8667793329925804, 0.8713536425549999, 0.8689276583695591, 0.8697682911917344, 0.8706068588738867, 0.869440851768028, 0.872148262543995, 0.8717729868124064, 0.870375212898605, 0.8705170191802102, 0.8712617377213],