{"training_acc": 0.9274938009969587, "validation_acc": 0.785176419022573, "classes": ["aerobe", "anaerobe", "facultative"], "confusion_matrix": [305, 10, 23, 14, 209, 11, 27, 6, 42], "f1_score": 0.859741332393097, "training_losses": [0.3176516890525818, 0.2888820767402649, 0.2709936797618866, 0.2582755386829376, 0.24885018169879913, 0.24055908620357513, 0.23438814282417297, 0.22867101430892944, 0.2233709990978241, 0.21823592483997345, 0.21424734592437744, 0.21013648808002472, 0.20652148127555847, 0.20334382355213165, 0.2005709558725357, 0.19686344265937805, 0.19450625777244568, 0.19145028293132782, 0.1889757663011551, 0.18740911781787872, 0.1851053386926651, 0.18304017186164856, 0.1813921183347702, 0.18001940846443176, 0.17788773775100708, 0.1764974147081375, 0.17552079260349274, 0.1733769327402115, 0.17149585485458374, 0.17120730876922607, 0.16927620768547058, 0.16811972856521606, 0.16578438878059387, 0.16577449440956116, 0.16598357260227203, 0.16294130682945251, 0.16259977221488953, 0.16140855848789215, 0.16019295156002045, 0.1590854972600937, 0.1583431363105774, 0.15856380760669708, 0.1580822765827179, 0.155195415019989, 0.1558859944343567, 0.15432099997997284, 0.15406525135040283, 0.15320585668087006, 0.15257737040519714, 0.15279200673103333, 0.1516343206167221, 0.14843562245368958, 0.15029147267341614, 0.14924801886081696, 0.14935638010501862, 0.14713481068611145, 0.1467108428478241, 0.1485099494457245, 0.1448366791009903, 0.1445915699005127, 0.14502984285354614, 0.14312753081321716, 0.14382842183113098, 0.1423664391040802, 0.1411539614200592, 0.1389106661081314, 0.14147038757801056, 0.13863030076026917, 0.1364983767271042, 0.135702982544899, 0.13543274998664856, 0.13647957146167755, 0.13527774810791016, 0.13259515166282654, 0.13375899195671082, 0.13368837535381317, 0.13072291016578674, 0.1324751377105713, 0.13146457076072693, 0.12818001210689545, 0.13040241599082947, 0.12863369286060333, 0.1278885155916214, 0.12664562463760376, 0.12606070935726166, 0.12634646892547607, 0.1278729885816574, 0.1252911388874054, 0.1257251352071762, 0.12458676099777222, 0.12428750097751617, 0.12321043014526367, 0.12303751707077026, 0.1237705871462822, 0.123344287276268, 0.1216430589556694, 0.12299751490354538, 0.12242051959037781, 0.12162716686725616, 0.12196117639541626], "validation_losses": [0.08500417321920395, 0.07823150604963303, 0.07552386075258255, 0.07408761233091354, 0.07301728427410126, 0.07229126989841461, 0.07182581722736359, 0.07153213769197464, 0.07117722183465958, 0.07082688063383102, 0.07083684951066971, 0.07078526169061661, 0.07056847214698792, 0.07038021832704544, 0.07048624753952026, 0.07022818177938461, 0.07025469094514847, 0.07032042741775513, 0.07022909820079803, 0.07011063396930695, 0.07031987607479095, 0.07006789743900299, 0.07045834511518478, 0.07024574279785156, 0.07014595717191696, 0.07020056992769241, 0.07027077674865723, 0.07046018540859222, 0.07001958787441254, 0.0704125314950943, 0.07029331475496292, 0.07026790082454681, 0.07003046572208405, 0.07026253640651703, 0.07029689103364944, 0.07062332332134247, 0.06984295696020126, 0.07032305747270584, 0.07026432454586029, 0.07018449902534485, 0.07032856345176697, 0.07033756375312805, 0.070685014128685, 0.06975400447845459, 0.07033947855234146, 0.07067170739173889, 0.07010801136493683, 0.0706525668501854, 0.07069968432188034, 0.07037900388240814, 0.07070823758840561, 0.06980770081281662, 0.07029014080762863, 0.07078177481889725, 0.07044736295938492, 0.07065513730049133, 0.07027816027402878, 0.07067424058914185, 0.0700647383928299, 0.07030600309371948, 0.07029199600219727, 0.07030948996543884, 0.07014647871255875, 0.07040846347808838, 0.07095412909984589, 0.07086135447025299, 0.07125841826200485, 0.07120359688997269, 0.07018403708934784, 0.07060635834932327, 0.0706300437450409, 0.07014051824808121, 0.07066690176725388, 0.07019340246915817, 0.07073159515857697, 0.07008758187294006, 0.07069837301969528, 0.07065743207931519, 0.07034880667924881, 0.0704326406121254, 0.07053256034851074, 0.07048849761486053, 0.07021846622228622, 0.07006880640983582, 0.07023368775844574, 0.07040296494960785, 0.07051561027765274, 0.07061896473169327, 0.07067651301622391, 0.07070653885602951, 0.07040860503911972, 0.07072916626930237, 0.07059034705162048, 0.07060455530881882, 0.06994206458330154, 0.07095161080360413, 0.07077144086360931, 0.07098311930894852, 0.07063348591327667, 0.0706903487443924], "training_accs": [0.7864012723038002, 0.7988674233206426, 0.8090752004425057, 0.826061273643726, 0.8317839247232851, 0.8351744549415431, 0.8426765428186865, 0.8446712817636586, 0.851076704622105, 0.8555993911636416, 0.8604782398711238, 0.8632785255264324, 0.8651424815937262, 0.8667153193526594, 0.8685604951703367, 0.8717632065995601, 0.8760055471361238, 0.8770639564930806, 0.8802478876726877, 0.8839187638959184, 0.8838154643765929, 0.8831977364552909, 0.8853420385275571, 0.8862508847572195, 0.8863354040269287, 0.8882456237021913, 0.8899217609804503, 0.8931244724096734, 0.8935738569540647, 0.8931056921600572, 0.8937616757430993, 0.8959059778153659, 0.8974325519663301, 0.898537224931256, 0.8970951700500008, 0.9016366368411538, 0.9019089748998977, 0.9004286643569023, 0.9023771396939052, 0.9036125955365093, 0.9051391696874735, 0.9034630324092147, 0.9066657438384379, 0.9059447163978104, 0.9073217274214801, 0.9073679910294493, 0.9080427548621078, 0.9078086724651041, 0.9063853978334652, 0.9083338731704681, 0.9090549006110956, 0.9093352466160683, 0.9069380818971818, 0.9095693290130722, 0.9088020379644756, 0.9083801367784371, 0.9098034114100759, 0.9084183924401773, 0.912753260192679, 0.9086142191754408, 0.9130906421090083, 0.91270699658471, 0.9104319116347654, 0.9123233510604117, 0.9162933535382316, 0.9153952796119569, 0.9147775516906548, 0.9164536889689137, 0.9200212656728189, 0.9195531008788115, 0.9200212656728189, 0.9147587714410385, 0.9195343206291949, 0.9209575952608339, 0.9197684030261989, 0.9183263481449436, 0.9216786227014615, 0.9228678149360965, 0.9216786227014615, 0.9235888423767241, 0.9207235128638301, 0.921529059574167, 0.9235888423767241, 0.9226337325390928, 0.9235888423767241, 0.9252461994053668, 0.9240570071707316, 0.9258364439683161, 0.9257331444489906, 0.9258364439683161, 0.9264353916400019, 0.9294040206722213, 0.9267915538059475, 0.9272597185999549, 0.9266694740370056, 0.9310801579504803, 0.9272597185999549, 0.9275971005162842, 0.9265386911593273, 0.9274938009969587],