{"training_acc": 0.8484093504496766, "validation_acc": 0.6960830532947243, "classes": ["aerobe", "anaerobe", "facultative"], "confusion_matrix": [284, 23, 30, 24, 199, 13, 39, 13, 35], "f1_score": 0.7820902264141223, "n_iter": 1747, "converged": true, "C": 100, "penalty": "l2", "max_iter": 100000, "feature_type": "cds_4mer", "model_class": "logistic", "binary": 0}