{"n_classes": 3, "train_acc": 0.6526343008004395, "val_acc": 0.6765403246962606, "test_acc": 0.6246939152185494, "confusion_matrix": [198, 35, 80, 3, 139, 56, 19, 16, 41], "val_accs": [0.5645540916788656, 0.6008906751789127, 0.601576888237387, 0.6125990186085227, 0.6318466941285394, 0.6352483884339724, 0.6428688244996753, 0.648379555924028, 0.6530732398935436, 0.6530732398935436, 0.6543658970800567, 0.6530732398935436, 0.6577669238630591, 0.6624599403101443, 0.6658616346155772, 0.6658616346155772, 0.6687890542341949, 0.6674970645701123, 0.6705553185850928, 0.6632776552874119, 0.6619856656233292, 0.665387359928762, 0.6645696449514945, 0.6671536242796599, 0.6658616346155772, 0.6619856656233292, 0.6619856656233292, 0.6658616346155772, 0.6684456139437426, 0.6684456139437426, 0.6684456139437426, 0.6645696449514945, 0.6632776552874119, 0.6671536242796599, 0.6713723660399299, 0.6645696449514945, 0.6697376036078252, 0.6645696449514945, 0.6684456139437426, 0.6765403246962606, 0.6697376036078252, 0.6710295932719079, 0.6684456139437426, 0.6684456139437426, 0.6684456139437426, 0.6671536242796599, 0.6684456139437426, 0.6645696449514945, 0.6697376036078252, 0.6658616346155772, 0.6671536242796599, 0.6697376036078252, 0.6697376036078252, 0.6697376036078252, 0.6671536242796599, 0.6697376036078252, 0.6710295932719079, 0.6671536242796599, 0.6684456139437426, 0.6684456139437426, 0.6710295932719079, 0.6663359093023923, 0.66926332892101, 0.6705553185850928, 0.6684456139437426, 0.6697376036078252, 0.6723215829359906, 0.6697376036078252, 0.6697376036078252, 0.6710295932719079, 0.6710295932719079, 0.6697376036078252, 0.6710295932719079, 0.6723215829359906, 0.6718473082491755, 0.6705553185850928, 0.6718473082491755, 0.6718473082491755, 0.6718473082491755, 0.6705553185850928, 0.6718473082491755, 0.6710295932719079, 0.6710295932719079, 0.6697376036078252, 0.6718473082491755, 0.6710295932719079, 0.6710295932719079, 0.6697376036078252, 0.6705553185850928, 0.6697376036078252, 0.6765403246962606, 0.6710295932719079, 0.6723215829359906, 0.6718473082491755, 0.6689198886305577, 0.6731392979132581, 0.6697376036078252, 0.6697376036078252, 0.6705553185850928, 0.6718473082491755], "train_accs": [0.5639102385771626, 0.5881113873827752, 0.6020667433054375, 0.6136927473869019, 0.6179206050500664, 0.6273467797762909, 0.6316988107609974, 0.6376821398502837, 0.6398904175859875, 0.6392697220537816, 0.6352430736225417, 0.6488485144589885, 0.640920203526694, 0.6514450740175733, 0.6503723847844286, 0.6490749176137797, 0.6477145511737161, 0.6506064237110404, 0.6497248701120693, 0.6571306523021897, 0.6531376461742805, 0.6522284608265125, 0.6513184628701011, 0.6555723270647755, 0.6562567344750393, 0.6545978046216628, 0.6550213539651613, 0.6566442036892769, 0.6527794339261267, 0.6553743682674247, 0.6544643703110133, 0.6569687736341, 0.6559950637996307, 0.6572304443095086, 0.6548233951678104, 0.6565452242906015, 0.6540769010967757, 0.6569687736341, 0.6567079155673347, 0.6543293107830769, 0.6559245287583956, 0.65043690927113, 0.6526082942689294, 0.6532574341585756, 0.6547889402558363, 0.6579424834685693, 0.6557618374816623, 0.6561845742165174, 0.6527709855456627, 0.655959796279013, 0.655959796279013, 0.6553106563893668, 0.65563522633419, 0.6539771090894568, 0.6576179135237462, 0.65280625306628, 0.6538436747788073, 0.65430167903428, 0.6542026996356046, 0.6542026996356046, 0.6507522182268455, 0.653743070162845, 0.655599146204929, 0.6531660905317209, 0.6530310310037845, 0.6501659776066137, 0.6535543723546019, 0.6534553929559265, 0.6539065740482218, 0.6507882983561065, 0.6503639364039645, 0.652473234740993, 0.6536449033728132, 0.649031201712698, 0.6528330722064336, 0.6529949508745234, 0.655140329340813, 0.6516974837038746, 0.6522829117154628, 0.6540039282296104, 0.6521839323167874, 0.6528967840844916, 0.6516622161832569, 0.6522468315862019, 0.6528330722064336, 0.653284253298729, 0.6531231872392826, 0.6539686607089928, 0.6526074816602859, 0.6509132842862918, 0.6526343008004395, 0.6525722141396684, 0.6507798499756423, 0.6525085022616105, 0.6514642573859061, 0.6513376462384338, 0.6523742553423176, 0.6513368336297903, 0.6506885063487875, 0.652509314870254], "val_losses": [0.17878934741020203, 0.16756859421730042, 0.16358447074890137, 0.15962186455726624, 0.1559663712978363, 0.15513519942760468, 0.1544535607099533, 0.1552448570728302, 0.15487134456634521, 0.15316736698150635, 0.14919602870941162, 0.15270735323429108, 0.15001180768013, 0.1506768763065338, 0.15043725073337555, 0.14974364638328552, 0.14935201406478882, 0.14995716512203217, 0.1486474871635437, 0.1499885618686676, 0.15054742991924286, 0.14950527250766754, 0.14883144199848175, 0.14868059754371643, 0.14855842292308807, 0.1494467407464981, 0.14950260519981384, 0.14843177795410156, 0.14672042429447174, 0.14717717468738556, 0.14709921181201935, 0.14773134887218475, 0.14849931001663208, 0.14726479351520538, 0.14876621961593628, 0.14770573377609253, 0.14671291410923004, 0.14761699736118317, 0.14755946397781372, 0.1468648761510849, 0.1467171460390091, 0.14621147513389587, 0.14680208265781403, 0.146261528134346, 0.1464221030473709, 0.14732201397418976, 0.14678841829299927, 0.147659569978714, 0.14611555635929108, 0.14680691063404083, 0.14695459604263306, 0.14696981012821198, 0.14684239029884338, 0.147014319896698, 0.14708015322685242, 0.1460515260696411, 0.14558355510234833, 0.14649349451065063, 0.14668506383895874, 0.14647361636161804, 0.14567114412784576, 0.1464528888463974, 0.14711594581604004, 0.1465739756822586, 0.1466497927904129, 0.14598031342029572, 0.14583797752857208, 0.14573617279529572, 0.14548560976982117, 0.14547622203826904, 0.1459110975265503, 0.14562895894050598, 0.14527523517608643, 0.14519204199314117, 0.14603182673454285, 0.14612933993339539, 0.14556102454662323, 0.1457686573266983, 0.14633925259113312, 0.14642728865146637, 0.14594094455242157, 0.14541122317314148, 0.1451115906238556, 0.14620967209339142, 0.14570121467113495, 0.14524783194065094, 0.1444735825061798, 0.14564351737499237, 0.14585573971271515, 0.14610664546489716, 0.146455779671669, 0.1452244073152542, 0.1449037790298462, 0.14633603394031525, 0.14485566318035126, 0.14502425491809845, 0.14482086896896362, 0.14521688222885132, 0.14552144706249237, 0.1449018269777298],