{"training_acc": 0.6859754333254826, "validation_acc": 0.6910881241469493, "classes": ["aerobe", "anaerobe", "facultative"], "confusion_matrix": [293, 20, 24, 16, 219, 1, 31, 32, 24], "f1_score": 0.797407824201571, "training_losses": [0.5217206478118896, 0.4932207465171814, 0.48349401354789734, 0.4779123067855835, 0.47382277250289917, 0.4705294966697693, 0.4677852392196655, 0.4654228091239929, 0.4633396863937378, 0.46151137351989746, 0.45991817116737366, 0.4584842324256897, 0.45719319581985474, 0.456028550863266, 0.45497268438339233, 0.45403409004211426, 0.45318281650543213, 0.4524214565753937, 0.45171764492988586, 0.4510972201824188, 0.45050567388534546, 0.44996878504753113, 0.44947609305381775, 0.449002742767334, 0.4485553801059723, 0.44817250967025757, 0.44778552651405334, 0.4474163353443146, 0.44709277153015137, 0.4467434287071228, 0.44641974568367004, 0.4461209177970886, 0.4458284378051758, 0.4455501139163971, 0.4453073740005493, 0.4450477659702301, 0.4448123574256897, 0.4445987641811371, 0.44437167048454285, 0.44415420293807983, 0.4439733624458313, 0.44376879930496216, 0.4435807764530182, 0.4433823525905609, 0.44320517778396606, 0.443023681640625, 0.4428436756134033, 0.4426817297935486, 0.4425152540206909, 0.44235748052597046, 0.44220495223999023, 0.4420551061630249, 0.4419008493423462, 0.4417600631713867, 0.4416033923625946, 0.44146978855133057, 0.44130608439445496, 0.4411769211292267, 0.44104376435279846, 0.44091424345970154, 0.4407709538936615, 0.440626859664917, 0.440520316362381, 0.4404076635837555, 0.4402785301208496, 0.4401107430458069, 0.4400117099285126, 0.43988847732543945, 0.4397704303264618, 0.4396674931049347, 0.4395642578601837, 0.4394283890724182, 0.4393507242202759, 0.4392302632331848, 0.4391246438026428, 0.43902215361595154, 0.438906192779541, 0.4387838542461395, 0.43868589401245117, 0.4385922849178314, 0.4385015666484833, 0.4383639693260193, 0.43829360604286194, 0.43819981813430786, 0.4381465017795563, 0.4380187392234802, 0.4379306435585022, 0.4378587305545807, 0.43775230646133423, 0.4376981854438782, 0.4375966787338257, 0.43751123547554016, 0.4374370276927948, 0.4373480975627899, 0.4372837543487549, 0.43722179532051086, 0.4371377229690552, 0.43707671761512756, 0.4369960129261017, 0.43690812587738037], "validation_losses": [0.14485318958759308, 0.1303083300590515, 0.12587857246398926, 0.12397109717130661, 0.12292994558811188, 0.12227139621973038, 0.12178318947553635, 0.12144080549478531, 0.12111975252628326, 0.12083470821380615, 0.12057067453861237, 0.12035439908504486, 0.12015017867088318, 0.11999574303627014, 0.1197889894247055, 0.1196317970752716, 0.11944326013326645, 0.11933095753192902, 0.11916285753250122, 0.11907761543989182, 0.1189032569527626, 0.11880068480968475, 0.11867448687553406, 0.11857745051383972, 0.11847914755344391, 0.11842590570449829, 0.11828574538230896, 0.11819862574338913, 0.11813356727361679, 0.11802348494529724, 0.11795811355113983, 0.11787029355764389, 0.1178286001086235, 0.11776027083396912, 0.11768932640552521, 0.11762754619121552, 0.11761897057294846, 0.1175093799829483, 0.1174367144703865, 0.11738621443510056, 0.11732886731624603, 0.11725904792547226, 0.11722691357135773, 0.11718034744262695, 0.11715774983167648, 0.11711190640926361, 0.11706358194351196, 0.11703857034444809, 0.11697054654359818, 0.11694467067718506, 0.11689234524965286, 0.11686219274997711, 0.1168285608291626, 0.11676150560379028, 0.116765595972538, 0.11670985817909241, 0.11675021797418594, 0.11665241420269012, 0.1166040450334549, 0.1165970116853714, 0.11655823886394501, 0.11652205139398575, 0.1165020689368248, 0.11648224294185638, 0.11641626805067062, 0.11641938239336014, 0.11636234074831009, 0.11636456102132797, 0.11634980887174606, 0.11628144979476929, 0.11626530438661575, 0.11626502126455307, 0.11622221767902374, 0.11621202528476715, 0.11619699001312256, 0.11617545783519745, 0.11612953245639801, 0.11614558100700378, 0.11610832810401917, 0.11610729247331619, 0.11606816202402115, 0.11607909947633743, 0.11605602502822876, 0.11603526026010513, 0.11598505824804306, 0.11598310619592667, 0.11597272753715515, 0.11595980823040009, 0.11595527082681656, 0.11591896414756775, 0.11592540889978409, 0.11592552065849304, 0.1159093976020813, 0.1158466637134552, 0.11589104682207108, 0.11585061997175217, 0.11582349985837936, 0.11582689732313156, 0.11583133041858673, 0.11580294370651245], "training_accs": [0.6441246697077873, 0.6475233189347399, 0.6475520615047855, 0.6459693039809388, 0.6466431575675645, 0.6461743343139311, 0.6540197859230585, 0.658475117219164, 0.6601159986068809, 0.6623447388101172, 0.66539133476544, 0.6673584311584025, 0.6697377373277168, 0.6697377373277168, 0.670061048029301, 0.6715270355711443, 0.6715270355711443, 0.67290412403822, 0.67290412403822, 0.6739034374367971, 0.6766282330771242, 0.6775364982905664, 0.6770382937431085, 0.6770382937431085, 0.6770382937431085, 0.6770382937431085, 0.6770382937431085, 0.6779465589565509, 0.6779465589565509, 0.6784153822101843, 0.6784153822101843, 0.6790892357968099, 0.6790892357968099, 0.6788548241699933, 0.6795580590504433, 0.6795580590504433, 0.6795580590504433, 0.6795580590504433, 0.6795580590504433, 0.6795580590504433, 0.6795580590504433, 0.6795580590504433, 0.6795580590504433, 0.6795580590504433, 0.6795580590504433, 0.6795580590504433, 0.6795580590504433, 0.6795580590504433, 0.6795580590504433, 0.6795580590504433, 0.6795580590504433, 0.6795580590504433, 0.6795580590504433, 0.6797924706772601, 0.6807007358907023, 0.6807007358907023, 0.6807007358907023, 0.6807007358907023, 0.6807007358907023, 0.6807007358907023, 0.6807007358907023, 0.6807007358907023, 0.6807007358907023, 0.6807007358907023, 0.6807007358907023, 0.6807007358907023, 0.6799975010102522, 0.6799975010102522, 0.6799975010102522, 0.6799975010102522, 0.6809057662236947, 0.6809057662236947, 0.6809057662236947, 0.6809057662236947, 0.6812290769252788, 0.6823423724717133, 0.6823423724717133, 0.6823423724717133, 0.6823423724717133, 0.6823423724717133, 0.6823423724717133, 0.6823423724717133, 0.6823423724717133, 0.6823423724717133, 0.6823423724717133, 0.6859754333254826, 0.6859754333254826, 0.6859754333254826, 0.6859754333254826, 0.6859754333254826, 0.6859754333254826, 0.6859754333254826, 0.6859754333254826, 0.6859754333254826, 0.6859754333254826, 0.6850671681120403, 0.6859754333254826, 0.6859754333254826, 0.6859754333254826, 0.6859754333254826],