{"training_acc": 0.7614812118686908, "validation_acc": 0.7316310551315467, "classes": ["aerobe", "anaerobe", "facultative"], "confusion_matrix": [255, 9, 75, 18, 177, 48, 21, 1, 55], "f1_score": 0.7684291519734683, "training_losses": [0.5147671699523926, 0.47600099444389343, 0.4558773934841156, 0.4426819086074829, 0.4330598711967468, 0.4255155920982361, 0.41937729716300964, 0.4142305552959442, 0.40980130434036255, 0.4058915376663208, 0.4023813307285309, 0.3991885185241699, 0.39629679918289185, 0.3936493694782257, 0.39120566844940186, 0.38892772793769836, 0.3868211805820465, 0.38485535979270935, 0.3829959034919739, 0.38125181198120117, 0.3796084225177765, 0.3780500590801239, 0.3765923082828522, 0.3751961588859558, 0.37387704849243164, 0.3726135790348053, 0.37140029668807983, 0.37024012207984924, 0.3691403269767761, 0.36808449029922485, 0.3670901358127594, 0.3661389648914337, 0.36524367332458496, 0.3643820583820343, 0.36356663703918457, 0.3627811074256897, 0.3620222508907318, 0.3612995743751526, 0.360603928565979, 0.35994619131088257, 0.3593078851699829, 0.35868173837661743, 0.3580901026725769, 0.35752347111701965, 0.3569728434085846, 0.3564421534538269, 0.35593363642692566, 0.3554370105266571, 0.3549576997756958, 0.35449764132499695, 0.3540574610233307, 0.3536304831504822, 0.3532324731349945, 0.35283076763153076, 0.3524516522884369, 0.35208266973495483, 0.3517059087753296, 0.35136479139328003, 0.35101622343063354, 0.35069891810417175, 0.350376695394516, 0.3500531017780304, 0.3497549593448639, 0.3494640290737152, 0.3491712808609009, 0.3488943874835968, 0.34863385558128357, 0.34836670756340027, 0.34810903668403625, 0.3478519022464752, 0.34759995341300964, 0.3473667502403259, 0.34713253378868103, 0.3469022214412689, 0.3466747999191284, 0.3464684784412384, 0.3462468087673187, 0.346043199300766, 0.3458404541015625, 0.34564048051834106, 0.34544312953948975, 0.3452489972114563, 0.3450513482093811, 0.3448740541934967, 0.34469369053840637, 0.34449368715286255, 0.3443387448787689, 0.3441677689552307, 0.34400373697280884, 0.3438405394554138, 0.3436813950538635, 0.34351450204849243, 0.3433651030063629, 0.3432113826274872, 0.3430456817150116, 0.3428913652896881, 0.34274229407310486, 0.34259894490242004, 0.34246188402175903, 0.3423197865486145], "validation_losses": [0.16462324559688568, 0.1571781486272812, 0.1518756002187729, 0.14810097217559814, 0.14526498317718506, 0.14297255873680115, 0.1410616636276245, 0.13941703736782074, 0.1379402130842209, 0.13662715256214142, 0.1354261189699173, 0.13434064388275146, 0.1333334892988205, 0.1324225515127182, 0.13158032298088074, 0.13078363239765167, 0.13007508218288422, 0.12939858436584473, 0.1287577599287033, 0.12816813588142395, 0.12761330604553223, 0.12708218395709991, 0.12661518156528473, 0.12614625692367554, 0.12571531534194946, 0.125295951962471, 0.12488994002342224, 0.12449882924556732, 0.12414444983005524, 0.12377692013978958, 0.1234450414776802, 0.12312788516283035, 0.12285053730010986, 0.12256219238042831, 0.12230707705020905, 0.12205320596694946, 0.12181176245212555, 0.12159024924039841, 0.1213870719075203, 0.12117278575897217, 0.12098462879657745, 0.12080219388008118, 0.1206422746181488, 0.12048859894275665, 0.1203230619430542, 0.12016383558511734, 0.12002652138471603, 0.11986750364303589, 0.1197199672460556, 0.11958068609237671, 0.11945316195487976, 0.11932004243135452, 0.11921393126249313, 0.119082972407341, 0.11898086965084076, 0.11886592954397202, 0.11875870078802109, 0.1186382845044136, 0.11854398250579834, 0.1184491366147995, 0.11836843937635422, 0.11825825273990631, 0.11816327273845673, 0.11807612329721451, 0.11798985302448273, 0.11792848259210587, 0.11783266812562943, 0.11776957660913467, 0.117678202688694, 0.11763358861207962, 0.11754399538040161, 0.11748757213354111, 0.11742085218429565, 0.11735005676746368, 0.11728248745203018, 0.11722812801599503, 0.11716127395629883, 0.11710689961910248, 0.11704165488481522, 0.11700011789798737, 0.11695267260074615, 0.11690051853656769, 0.11683832108974457, 0.11680559068918228, 0.11674372851848602, 0.11667771637439728, 0.11664506047964096, 0.11658848077058792, 0.11656390875577927, 0.11651474237442017, 0.11646882444620132, 0.11641335487365723, 0.11638272553682327, 0.1163392961025238, 0.11626210063695908, 0.11622932553291321, 0.1161859855055809, 0.11615511775016785, 0.11612516641616821, 0.11609397828578949], "training_accs": [0.6413127875921076, 0.6674174512514423, 0.6686334806378672, 0.6736289579323946, 0.684274670536202, 0.6946485572536344, 0.7020277736824863, 0.708239038698117, 0.7140291359816396, 0.7194917938414557, 0.7216419426931356, 0.7222967007078881, 0.7248661938169746, 0.726499381488122, 0.7265472177960038, 0.7281842940818759, 0.7306140460493807, 0.7299611115093301, 0.7304761283825004, 0.7309433089477889, 0.733650719723756, 0.7342117494301069, 0.7349125202780394, 0.7353797008433279, 0.7367334062313114, 0.7359866225501984, 0.7364079111149673, 0.7368750916802558, 0.7379033019518951, 0.7381368922345395, 0.7399577781878114, 0.7414053327168574, 0.7416389229995016, 0.7421061035647901, 0.7432262186701294, 0.7446737731991752, 0.7460274785871587, 0.7462610688698029, 0.7464946591524472, 0.7464946591524472, 0.7480819548230749, 0.7484074499394192, 0.7495275650447585, 0.7504140898674535, 0.7515342049727928, 0.751767795255437, 0.7520013855380813, 0.7522349758207255, 0.7520013855380813, 0.7520013855380813, 0.7531215006434205, 0.753588681208709, 0.7540558617739975, 0.7542894520566418, 0.7538222714913533, 0.7533550909260648, 0.7549423865966925, 0.7550362357377548, 0.7563899411257383, 0.7566235314083826, 0.7568571216910268, 0.7570907119736711, 0.7570907119736711, 0.7573243022563153, 0.7579772367963661, 0.7582108270790103, 0.7582108270790103, 0.7582108270790103, 0.7585382665027169, 0.7591912010427677, 0.759424791325412, 0.7591912010427677, 0.759424791325412, 0.7596583816080562, 0.7598919718907005, 0.7598919718907005, 0.7601255621733447, 0.7598919718907005, 0.7604530015970513, 0.7604530015970513, 0.7613395264197464, 0.7615731167023906, 0.7615731167023906, 0.7618067069850349, 0.7609201821623398, 0.7620402972676791, 0.7611537724449841, 0.7611537724449841, 0.7611537724449841, 0.7611537724449841, 0.7611537724449841, 0.7611537724449841, 0.7611537724449841, 0.7611537724449841, 0.7611537724449841, 0.7614812118686908, 0.7614812118686908, 0.7614812118686908, 0.7614812118686908, 0.7614812118686908],