{"n_classes": 3, "train_acc": 0.5967278315104402, "val_acc": 0.6286159632793574, "test_acc": 0.6093163322836026, "confusion_matrix": [276, 36, 29, 9, 213, 4, 46, 39, 7], "val_accs": [0.5594400527009222, 0.5947350078626376, 0.5942203238556675, 0.5985409494666156, 0.6131450550384632, 0.6131450550384632, 0.6049730120277105, 0.6049730120277105, 0.613086616515789, 0.626191720855115, 0.6092351991159844, 0.6128583875217816, 0.6201311147945089, 0.6201311147945089, 0.626191720855115, 0.6128583875217816, 0.6201311147945089, 0.626191720855115, 0.6249927748735603, 0.6286159632793574, 0.6201311147945089, 0.6286159632793574, 0.626191720855115, 0.626191720855115, 0.626191720855115, 0.626191720855115, 0.6173354158697777, 0.6165079263887118, 0.6165079263887118, 0.6286159632793574, 0.626191720855115, 0.6286159632793574, 0.6286159632793574, 0.6249927748735603, 0.6165079263887118, 0.6286159632793574, 0.6286159632793574, 0.6286159632793574, 0.6286159632793574, 0.626191720855115, 0.6286159632793574, 0.626191720855115, 0.626191720855115, 0.626191720855115, 0.6201311147945089, 0.626191720855115, 0.626191720855115, 0.626191720855115, 0.626191720855115, 0.6165079263887118, 0.6201311147945089, 0.626191720855115, 0.626191720855115, 0.6201311147945089, 0.626191720855115, 0.6201311147945089, 0.626191720855115, 0.6201311147945089, 0.6201311147945089, 0.6201311147945089, 0.6201311147945089, 0.6201311147945089, 0.6201311147945089, 0.6201311147945089, 0.6201311147945089, 0.6201311147945089, 0.6201311147945089, 0.6128583875217816, 0.6128583875217816, 0.6128583875217816, 0.6128583875217816, 0.6201311147945089, 0.6128583875217816, 0.6128583875217816, 0.6128583875217816, 0.6128583875217816, 0.6128583875217816, 0.6128583875217816, 0.6128583875217816, 0.6092936376386586, 0.6128583875217816, 0.6128583875217816, 0.6128583875217816, 0.6128583875217816, 0.6128583875217816, 0.6092936376386586, 0.6128583875217816, 0.6049730120277105, 0.6128583875217816, 0.6092936376386586, 0.6092936376386586, 0.6128583875217816, 0.6092936376386586, 0.6092936376386586, 0.6128583875217816, 0.6128583875217816, 0.6085377619108333, 0.6085377619108333, 0.6049730120277105, 0.6049730120277105], "train_accs": [0.5616999608303956, 0.5847557925818795, 0.5920853294766338, 0.5982012112446895, 0.5915893820241646, 0.5915893820241646, 0.5944656362047666, 0.5944656362047666, 0.593788905962819, 0.5996486787791135, 0.5994968212359516, 0.5986230377534726, 0.5977311759920455, 0.5977311759920455, 0.5996486787791135, 0.5986230377534726, 0.5977311759920455, 0.5996486787791135, 0.5976016149929194, 0.5967278315104402, 0.5977311759920455, 0.5967278315104402, 0.5996486787791135, 0.5996486787791135, 0.5996486787791135, 0.5996486787791135, 0.5990912651782218, 0.5986049594745247, 0.5986049594745247, 0.5967278315104402, 0.5996486787791135, 0.5967278315104402, 0.5967278315104402, 0.5976016149929194, 0.5986049594745247, 0.5967278315104402, 0.5967278315104402, 0.5967278315104402, 0.5967278315104402, 0.5996486787791135, 0.5967278315104402, 0.5996486787791135, 0.5996486787791135, 0.5996486787791135, 0.5977311759920455, 0.5996486787791135, 0.5996486787791135, 0.5996486787791135, 0.5996486787791135, 0.5986049594745247, 0.5977311759920455, 0.5996486787791135, 0.5996486787791135, 0.5977311759920455, 0.5996486787791135, 0.5977311759920455, 0.5996486787791135, 0.5977311759920455, 0.5977311759920455, 0.5977311759920455, 0.5977311759920455, 0.5977311759920455, 0.5977311759920455, 0.5977311759920455, 0.5977311759920455, 0.5977311759920455, 0.5977311759920455, 0.5986230377534726, 0.5986230377534726, 0.5986230377534726, 0.5986230377534726, 0.5977311759920455, 0.5986230377534726, 0.5986230377534726, 0.5986230377534726, 0.5986230377534726, 0.5986230377534726, 0.5986230377534726, 0.5986230377534726, 0.5972972972972973, 0.5986230377534726, 0.5986230377534726, 0.5986230377534726, 0.5986230377534726, 0.5986230377534726, 0.5972972972972973, 0.5986230377534726, 0.5944656362047666, 0.5986230377534726, 0.5972972972972973, 0.5972972972972973, 0.5986230377534726, 0.5972972972972973, 0.5972972972972973, 0.5986230377534726, 0.5986230377534726, 0.5957913766609418, 0.5957913766609418, 0.5944656362047666, 0.5944656362047666], "val_losses": [0.15200722217559814, 0.1469903290271759, 0.14207515120506287, 0.1396680474281311, 0.14198899269104004, 0.14224177598953247, 0.1393638253211975, 0.13838417828083038, 0.1442204862833023, 0.13672052323818207, 0.14105848968029022, 0.13910461962223053, 0.13787639141082764, 0.13911020755767822, 0.13876353204250336, 0.1406054049730301, 0.13888025283813477, 0.13708603382110596, 0.1383400708436966, 0.13805443048477173, 0.14165610074996948, 0.1363379955291748, 0.13934001326560974, 0.13877911865711212, 0.1381063610315323, 0.13895341753959656, 0.13658402860164642, 0.14279241859912872, 0.14187870919704437, 0.13719980418682098, 0.13991092145442963, 0.13832473754882812, 0.13873344659805298, 0.1395462453365326, 0.14272451400756836, 0.13830989599227905, 0.138116255402565, 0.13799801468849182, 0.13900364935398102, 0.14084579050540924, 0.13907504081726074, 0.139825239777565, 0.14042598009109497, 0.13978983461856842, 0.1422855257987976, 0.13993273675441742, 0.14050282537937164, 0.14154207706451416, 0.14139313995838165, 0.1432531476020813, 0.1420024037361145, 0.14091983437538147, 0.13956618309020996, 0.14218103885650635, 0.1401693969964981, 0.1423022598028183, 0.1407376378774643, 0.1419495791196823, 0.14241908490657806, 0.14104391634464264, 0.14126479625701904, 0.14176630973815918, 0.14190222322940826, 0.14084188640117645, 0.1420314908027649, 0.14178691804409027, 0.1413230150938034, 0.14234353601932526, 0.14182300865650177, 0.1419614553451538, 0.14248627424240112, 0.1414525955915451, 0.14181551337242126, 0.14205293357372284, 0.1423354297876358, 0.1411432921886444, 0.14219450950622559, 0.14195190370082855, 0.1421566903591156, 0.14095020294189453, 0.142161026597023, 0.14179199934005737, 0.14172305166721344, 0.14220136404037476, 0.1418929249048233, 0.14136208593845367, 0.1421303153038025, 0.1418655663728714, 0.1421843022108078, 0.14211100339889526, 0.1414770931005478, 0.14195911586284637, 0.14137710630893707, 0.14160414040088654, 0.14200890064239502, 0.1419346034526825, 0.14205268025398254, 0.14235089719295502, 0.14186449348926544, 0.14190149307250977],