{"training_acc": 0.7078733819786587, "validation_acc": 0.7447854960146012, "classes": ["aerobe", "anaerobe", "facultative"], "confusion_matrix": [293, 20, 26, 10, 213, 20, 22, 17, 38], "f1_score": 0.8277711626093156, "training_losses": [0.515735387802124, 0.4831387400627136, 0.464774489402771, 0.4529220759868622, 0.44474104046821594, 0.4388429522514343, 0.4344791769981384, 0.43117329478263855, 0.4285745322704315, 0.42650434374809265, 0.42482924461364746, 0.4234439730644226, 0.4222724735736847, 0.421279639005661, 0.4204277992248535, 0.4196949303150177, 0.419053316116333, 0.4184955358505249, 0.4180122911930084, 0.41759008169174194, 0.4172195494174957, 0.4168967008590698, 0.41661933064460754, 0.41636738181114197, 0.4161473214626312, 0.41594189405441284, 0.41575887799263, 0.41560664772987366, 0.41547510027885437, 0.415357381105423, 0.4152459502220154, 0.41515490412712097, 0.4150708317756653, 0.4150049090385437, 0.4149450957775116, 0.41489145159721375, 0.4148503243923187, 0.4148177206516266, 0.41479015350341797, 0.4147703945636749, 0.41475769877433777, 0.4147477447986603, 0.41474273800849915, 0.41474223136901855, 0.4147476255893707, 0.4147557318210602, 0.4147673547267914, 0.41477954387664795, 0.414791077375412, 0.4148064851760864, 0.4148256182670593, 0.414837121963501, 0.4148523807525635, 0.41486698389053345, 0.4148835837841034, 0.41489213705062866, 0.41490688920021057, 0.4149257242679596, 0.41495004296302795, 0.414975643157959, 0.4150105118751526, 0.41503825783729553, 0.41507288813591003, 0.4150966703891754, 0.4151248037815094, 0.41514915227890015, 0.4151884913444519, 0.4152047038078308, 0.41523703932762146, 0.41526293754577637, 0.4152965843677521, 0.4153280556201935, 0.41538006067276, 0.4153992533683777, 0.4154164493083954, 0.41543498635292053, 0.41547152400016785, 0.41549962759017944, 0.4155234694480896, 0.4155504107475281, 0.41557466983795166, 0.4156007468700409, 0.41562744975090027, 0.41565465927124023, 0.4156806468963623, 0.41570478677749634, 0.41572803258895874, 0.4157467186450958, 0.4157731831073761, 0.4157928228378296, 0.4158116281032562, 0.41583094000816345, 0.4158485531806946, 0.41586267948150635, 0.41588541865348816, 0.41589808464050293, 0.41592055559158325, 0.4159384071826935, 0.4159552752971649, 0.41597557067871094], "validation_losses": [0.14388084411621094, 0.13254649937152863, 0.12684045732021332, 0.12314420193433762, 0.12051621824502945, 0.11854498088359833, 0.11703754961490631, 0.11586600542068481, 0.11493478715419769, 0.11417965590953827, 0.11355915665626526, 0.11305219680070877, 0.11262665688991547, 0.11227044463157654, 0.11196255683898926, 0.11170689761638641, 0.11148539185523987, 0.11130046099424362, 0.11113549768924713, 0.11099287867546082, 0.11086501181125641, 0.11075867712497711, 0.11066410690546036, 0.1105855330824852, 0.11051768064498901, 0.11045605689287186, 0.11039793491363525, 0.1103435531258583, 0.11029558628797531, 0.11025390028953552, 0.11020895093679428, 0.11016799509525299, 0.11013077944517136, 0.11010720580816269, 0.11008458584547043, 0.11005815118551254, 0.11003366857767105, 0.11001374572515488, 0.10999224334955215, 0.10997392982244492, 0.1099591851234436, 0.10994498431682587, 0.10993459075689316, 0.1099197193980217, 0.10991398990154266, 0.10990654677152634, 0.1099051758646965, 0.10990788787603378, 0.10990194976329803, 0.10990220308303833, 0.10990916937589645, 0.10989958047866821, 0.10990440100431442, 0.1099008247256279, 0.10990135371685028, 0.10990698635578156, 0.10991464555263519, 0.10991932451725006, 0.1099262610077858, 0.10993325710296631, 0.10994313657283783, 0.10994739085435867, 0.10993669927120209, 0.10995542258024216, 0.10995283722877502, 0.10995615273714066, 0.10994502156972885, 0.10996685922145844, 0.10997308045625687, 0.10996735095977783, 0.1099754050374031, 0.10998082160949707, 0.10994274914264679, 0.10994131118059158, 0.10998678207397461, 0.10997609794139862, 0.10997796803712845, 0.10999570041894913, 0.10999710112810135, 0.11000781506299973, 0.10999691486358643, 0.11000024527311325, 0.11001528054475784, 0.11001600325107574, 0.11002049595117569, 0.11002632230520248, 0.11003659665584564, 0.11003459244966507, 0.110041044652462, 0.11004950851202011, 0.1100471019744873, 0.11004842072725296, 0.11006154865026474, 0.11005418002605438, 0.11007701605558395, 0.11006677895784378, 0.11006512492895126, 0.11009282618761063, 0.11007601022720337, 0.11008533835411072], "training_accs": [0.6276832503464381, 0.6653252129781835, 0.6753908152999984, 0.6819580338062544, 0.6871775006792747, 0.6911331018579885, 0.7013423339361101, 0.7013843373219047, 0.7048346431642601, 0.7044114102921286, 0.7038962725862974, 0.7041279185615791, 0.7049205942432119, 0.7049205942432119, 0.7051541845258561, 0.7053877748085001, 0.7045012499858051, 0.7042676597031611, 0.7047348402684493, 0.7049684305510936, 0.7049684305510936, 0.7039421645868168, 0.7048286894095118, 0.7051561288332184, 0.7057171585395693, 0.7057171585395693, 0.7063720373869825, 0.7090316118550676, 0.7095926415614184, 0.709920080985125, 0.7095926415614184, 0.7098262318440627, 0.7098262318440627, 0.7098262318440627, 0.7101536712677694, 0.7102475204088318, 0.7102475204088318, 0.710481110691476, 0.710481110691476, 0.7110421403978268, 0.7110421403978268, 0.7108085501151825, 0.7108085501151825, 0.7108085501151825, 0.7108085501151825, 0.7110421403978268, 0.7110421403978268, 0.7110421403978268, 0.7108085501151825, 0.7108085501151825, 0.7111359895388892, 0.7111359895388892, 0.7111359895388892, 0.7111359895388892, 0.7111359895388892, 0.7109023992562449, 0.7112298386799516, 0.7112298386799516, 0.7112298386799516, 0.7112298386799516, 0.7112298386799516, 0.7114634289625958, 0.7114634289625958, 0.7102494647161942, 0.7103433138572566, 0.7094567890345616, 0.7094567890345616, 0.7085702642118665, 0.7085702642118665, 0.7088977036355731, 0.7088977036355731, 0.7092251430592796, 0.7095525824829862, 0.709880021906693, 0.7101136121893372, 0.7101136121893372, 0.7092270873666422, 0.7092270873666422, 0.708993497083998, 0.7081069722613029, 0.7072204474386078, 0.7072204474386078, 0.7072204474386078, 0.7072204474386078, 0.7072204474386078, 0.7072204474386078, 0.7081069722613029, 0.7081069722613029, 0.7081069722613029, 0.7081069722613029, 0.7081069722613029, 0.7081069722613029, 0.7081069722613029, 0.7081069722613029, 0.7081069722613029, 0.7081069722613029, 0.7081069722613029, 0.7078733819786587, 0.7078733819786587, 0.7078733819786587],