{"n_classes": 2, "train_acc": 0.7433305673634494, "val_acc": 0.7172927060569827, "test_acc": 0.7409701124354081, "confusion_matrix": [128, 70, 64, 325], "val_accs": null, "train_accs": null, "val_losses": null, "train_losses": null}