{"training_acc": 0.4985345735364431, "validation_acc": 0.5057670706969103, "classes": ["aerobe", "anaerobe", "facultative"], "confusion_matrix": [280, 57, 0, 73, 162, 1, 59, 28, 0], "f1_score": 0.6216260239827895, "n_iter": 174, "converged": true, "C": 100, "penalty": "l2", "max_iter": 100000, "feature_type": "nt_2mer", "model_class": "logistic", "binary": 0}