{"training_acc": 0.6023595855397743, "validation_acc": 0.595400084092316, "classes": ["aerobe", "anaerobe", "facultative"], "confusion_matrix": [265, 34, 40, 10, 222, 11, 42, 28, 7], "f1_score": 0.7383930698915926, "training_losses": [0.5496318936347961, 0.5271819829940796, 0.5190964937210083, 0.5150197148323059, 0.5125805139541626, 0.5109580755233765, 0.5097958445549011, 0.5089197158813477, 0.508234977722168, 0.5076823830604553, 0.5072263479232788, 0.5068456530570984, 0.5065236687660217, 0.5062498450279236, 0.5060166716575623, 0.5058162808418274, 0.5056449770927429, 0.5054986476898193, 0.5053741931915283, 0.5052710771560669, 0.5051864385604858, 0.5051161050796509, 0.5050608515739441, 0.5050196647644043, 0.5049912929534912, 0.5049734115600586, 0.5049666166305542, 0.5049712061882019, 0.5049853920936584, 0.5050088167190552, 0.5050404667854309, 0.505077600479126, 0.5051223039627075, 0.5051745176315308, 0.5052316784858704, 0.5052958726882935, 0.5053655505180359, 0.5054417848587036, 0.5055214762687683, 0.5056090950965881, 0.505702793598175, 0.5057973265647888, 0.5058952569961548, 0.5059944987297058, 0.5061005353927612, 0.5062080025672913, 0.5063140988349915, 0.506416916847229, 0.5065182447433472, 0.506619393825531, 0.5067217350006104, 0.5068259239196777, 0.5069253444671631, 0.5070251822471619, 0.5071192383766174, 0.5072110891342163, 0.5073025226593018, 0.5073932409286499, 0.5074788928031921, 0.507562518119812, 0.5076481103897095, 0.5077305436134338, 0.5078115463256836, 0.5078888535499573, 0.5079626441001892, 0.5080357193946838, 0.5081063508987427, 0.5081748366355896, 0.5082418322563171, 0.5083070993423462, 0.5083696842193604, 0.5084366798400879, 0.5085010528564453, 0.5085636377334595, 0.5086247324943542, 0.5086847543716431, 0.5087432861328125, 0.5088008642196655, 0.5088585019111633, 0.5089132785797119, 0.5089671611785889, 0.509019672870636, 0.5090646147727966, 0.5091082453727722, 0.509144127368927, 0.5091701745986938, 0.5091952085494995, 0.5092254877090454, 0.509263813495636, 0.5093058943748474, 0.5093475580215454, 0.5093903541564941, 0.5094338059425354, 0.5094746351242065, 0.5095182061195374, 0.5095593929290771, 0.5096023678779602, 0.5096412897109985, 0.5096815228462219, 0.509716808795929], "validation_losses": [0.15368132293224335, 0.14497414231300354, 0.14178304374217987, 0.14011506736278534, 0.13911211490631104, 0.1384623944759369, 0.1380224972963333, 0.1377180963754654, 0.13750827312469482, 0.13736367225646973, 0.13726702332496643, 0.13720569014549255, 0.13717301189899445, 0.13716216385364532, 0.13716845214366913, 0.13718855381011963, 0.13722074031829834, 0.13726267218589783, 0.13731148838996887, 0.13736563920974731, 0.13742543756961823, 0.1374884992837906, 0.13755398988723755, 0.1376238912343979, 0.13769401609897614, 0.13776622712612152, 0.13784213364124298, 0.13791777193546295, 0.13799387216567993, 0.1380721628665924, 0.13814938068389893, 0.13822880387306213, 0.13830791413784027, 0.13838744163513184, 0.138466477394104, 0.13854679465293884, 0.13862884044647217, 0.1387096345424652, 0.1387898325920105, 0.13887068629264832, 0.13895174860954285, 0.13902975618839264, 0.13910752534866333, 0.13918374478816986, 0.13926070928573608, 0.13933612406253815, 0.13940845429897308, 0.13947921991348267, 0.13955126702785492, 0.13962019979953766, 0.13969135284423828, 0.13976044952869415, 0.13982389867305756, 0.13989345729351044, 0.13995414972305298, 0.14001309871673584, 0.14007191359996796, 0.1401287168264389, 0.14018122851848602, 0.14023151993751526, 0.14028353989124298, 0.14032773673534393, 0.14037245512008667, 0.1404149830341339, 0.1404552310705185, 0.14049749076366425, 0.14053429663181305, 0.14057184755802155, 0.14060746133327484, 0.14064428210258484, 0.14067493379116058, 0.1407119780778885, 0.14074638485908508, 0.1407785266637802, 0.14081212878227234, 0.14084084331989288, 0.14087143540382385, 0.14089974761009216, 0.14092940092086792, 0.14094792306423187, 0.14097899198532104, 0.14100301265716553, 0.1410129964351654, 0.14104115962982178, 0.14105698466300964, 0.14107239246368408, 0.1410871297121048, 0.1411014199256897, 0.14112624526023865, 0.1411537528038025, 0.1411704272031784, 0.14118912816047668, 0.14120571315288544, 0.14121869206428528, 0.14123807847499847, 0.14124929904937744, 0.1412632316350937, 0.14127083122730255, 0.1412871927022934, 0.14129336178302765], "training_accs": [0.5876486728721829, 0.5980953838476738, 0.5997172681726292, 0.6012987309211698, 0.6037667184924053, 0.6037667184924053, 0.6037667184924053, 0.6037667184924053, 0.6032473296738662, 0.6032473296738662, 0.6032473296738662, 0.6032473296738662, 0.6032473296738662, 0.6032473296738662, 0.6032473296738662, 0.6032473296738662, 0.6014320349773595, 0.6014320349773595, 0.6014320349773595, 0.6014320349773595, 0.6014320349773595, 0.6014320349773595, 0.6014320349773595, 0.6014320349773595, 0.6014320349773595, 0.6014320349773595, 0.6014320349773595, 0.6014320349773595, 0.6014320349773595, 0.6014320349773595, 0.6014320349773595, 0.6014320349773595, 0.6014320349773595, 0.6014320349773595, 0.6014320349773595, 0.6014320349773595, 0.6014320349773595, 0.6014320349773595, 0.6014320349773595, 0.6014320349773595, 0.6014320349773595, 0.6014320349773595, 0.6014320349773595, 0.6014320349773595, 0.6014320349773595, 0.6014320349773595, 0.6014320349773595, 0.6014320349773595, 0.6014320349773595, 0.6014320349773595, 0.6014320349773595, 0.6032473296738662, 0.6032473296738662, 0.6032473296738662, 0.6032473296738662, 0.6032473296738662, 0.6032473296738662, 0.6058267859850869, 0.6058267859850869, 0.6058267859850869, 0.6058267859850869, 0.6058267859850869, 0.6058267859850869, 0.6058267859850869, 0.6058267859850869, 0.6058267859850869, 0.6058267859850869, 0.6058267859850869, 0.6058267859850869, 0.6058267859850869, 0.6037667184924053, 0.6037667184924053, 0.6037667184924053, 0.6037667184924053, 0.6037667184924053, 0.6037667184924053, 0.6037667184924053, 0.6037667184924053, 0.6037667184924053, 0.6037667184924053, 0.6037667184924053, 0.6037667184924053, 0.6037667184924053, 0.6037667184924053, 0.6037667184924053, 0.6037667184924053, 0.6037667184924053, 0.6037667184924053, 0.6037667184924053, 0.6037667184924053, 0.6037667184924053, 0.6037667184924053, 0.6037667184924053, 0.6037667184924053, 0.6037667184924053, 0.6037667184924053, 0.6037667184924053, 0.6037667184924053, 0.6023595855397743, 0.6023595855397743],