{"training_acc": 0.6401890662351212, "validation_acc": 0.6129114418967819, "classes": ["aerobe", "anaerobe", "facultative"], "confusion_matrix": [298, 34, 5, 56, 171, 9, 48, 19, 20], "f1_score": 0.7212274304059876, "n_iter": 446, "converged": true, "C": 100, "penalty": "l2", "max_iter": 100000, "feature_type": "nt_3mer", "model_class": "logistic", "binary": 0}