{"n_classes": 3, "train_acc": 0.7692829060180376, "val_acc": 0.8014981873428401, "test_acc": 0.7403560293252575, "confusion_matrix": [243, 5, 65, 9, 161, 28, 21, 7, 48], "val_accs": [0.5855176336062833, 0.6393342932305883, 0.6379121366925732, 0.6680504406649325, 0.6662835087916043, 0.6842405296923991, 0.6717942402159568, 0.6958677691467128, 0.7083133911007246, 0.7245028126057607, 0.7366056617917502, 0.7382404242238549, 0.7387146989106701, 0.7366049942693199, 0.7409552379483832, 0.740480963261568, 0.747758626559249, 0.7400066885747528, 0.7568025542078277, 0.7558533373117671, 0.7568025542078277, 0.7568025542078277, 0.7529265852155796, 0.7555105645437451, 0.7558533373117671, 0.7605470212812827, 0.7618390109453653, 0.7653722071695914, 0.7670069696016961, 0.7661892546244286, 0.7661892546244286, 0.7708829385939442, 0.77768632720481, 0.7768686122275424, 0.7682989592657788, 0.7717006535712118, 0.7763943375407273, 0.7738103582125619, 0.7780297674952624, 0.7831977261515931, 0.7819057364875105, 0.7806137468234278, 0.7767377778311797, 0.7835411664420454, 0.7759200628539121, 0.7898702803660959, 0.7895268400756437, 0.7950382390224267, 0.7865994204570259, 0.7840154411288606, 0.7916372122394243, 0.7924542596942613, 0.7835418339644757, 0.7887091250983761, 0.7827247865096387, 0.7849659930697821, 0.7942205240451591, 0.7843595489417433, 0.7853087658378041, 0.777214055085286, 0.7877625782920371, 0.7843608839866042, 0.7972794455825701, 0.7934034765903221, 0.7898702803660959, 0.7806157493907189, 0.8014981873428401, 0.7762655057116556, 0.7878927451659695, 0.7904767244941349, 0.7796672000170886, 0.7877632458144674, 0.7882375205012826, 0.7864705886279544, 0.787288303605222, 0.7932733097163899, 0.7825946196357063, 0.7864712561503847, 0.7878927451659695, 0.7916378797618547, 0.7971492787086379, 0.7877632458144674, 0.7825946196357063, 0.7921114869262394, 0.7890552354785502, 0.7916385472842852, 0.7864712561503847, 0.7956446831504657, 0.7919813200523071, 0.7813032974940541, 0.7848364937182802, 0.7890552354785502, 0.795988123440918, 0.7932739772388202, 0.7885802932693046, 0.7893980082465721, 0.7864712561503847, 0.8002082002460488, 0.7835445040541975, 0.7916392148067155], "train_accs": [0.5810823394190235, 0.6406867893311633, 0.6613752188487202, 0.6701883338145596, 0.6698621386524496, 0.6771730044871118, 0.684091525455676, 0.6914248250932449, 0.7012885345854105, 0.7120758883603419, 0.7079795174965104, 0.7139267664565355, 0.7125863959934483, 0.7146672499730364, 0.7228159535055884, 0.7221668136159421, 0.7261261774405208, 0.726519657209292, 0.7301476279258704, 0.7362567555539853, 0.7339787553856897, 0.7326804756063973, 0.7303447741145778, 0.7296242865750528, 0.741618576502422, 0.74168228838048, 0.7397288581570075, 0.7340424672637477, 0.7443786399463838, 0.7369619715498686, 0.7465147574235657, 0.7495433147061131, 0.7535010533134049, 0.7522672980208137, 0.7519763703793213, 0.7549335800119903, 0.7516165329138805, 0.7550601911594627, 0.7582314437417671, 0.7609193469272068, 0.7572408371463696, 0.758645732096158, 0.764270036328647, 0.7605387008761464, 0.7606284192857142, 0.7697124659160698, 0.768533161512429, 0.7687135621587339, 0.7606576762517981, 0.7653082706498177, 0.7779242199365619, 0.7736879138929331, 0.7690196101253419, 0.7681019763971099, 0.77902372830986, 0.7786655160617063, 0.771985268138475, 0.7735159616270925, 0.7794480902620021, 0.7771408331276226, 0.7807179256838541, 0.7789600164318022, 0.7724380744480573, 0.7774569546919817, 0.7722805811172143, 0.7806189462851787, 0.7692829060180376, 0.7820506603751206, 0.7788902939992105, 0.7824605633922648, 0.7811053948980916, 0.7800343308822337, 0.7861650797046119, 0.7821780841312362, 0.7813386212160599, 0.7838646457334097, 0.7814015204854744, 0.7825663659541173, 0.7820077570826823, 0.7839636251320852, 0.7842881950769082, 0.7828212134663488, 0.7841960388414101, 0.7822686151494477, 0.785326429398079, 0.7859110448010238, 0.7827022380906973, 0.7837512073997366, 0.7833497527630565, 0.7843242752061692, 0.7896524538512754, 0.7870835260414873, 0.787300668207171, 0.786235614745847, 0.7871456127022585, 0.7854245961881109, 0.7856939026353403, 0.7888253511412545, 0.7879029929796877, 0.7883189065513654], "val_losses": [0.17352774739265442, 0.16346822679042816, 0.1565634161233902, 0.15076903998851776, 0.14986053109169006, 0.1451370120048523, 0.14585742354393005, 0.1416368931531906, 0.13718350231647491, 0.13781431317329407, 0.13449884951114655, 0.13415813446044922, 0.1316474974155426, 0.13216440379619598, 0.13075929880142212, 0.13088315725326538, 0.12839101254940033, 0.1302167922258377, 0.12494012713432312, 0.12760664522647858, 0.12398572266101837, 0.12430054694414139, 0.12469858676195145, 0.12381203472614288, 0.1253066509962082, 0.12394120544195175, 0.12153590470552444, 0.1189877986907959, 0.12170808017253876, 0.12082857638597488, 0.12079444527626038, 0.11942930519580841, 0.11878762394189835, 0.11790235340595245, 0.12046629935503006, 0.11917586624622345, 0.11913994699716568, 0.11835990846157074, 0.11856910586357117, 0.11563170701265335, 0.11706094443798065, 0.11804214864969254, 0.11674658209085464, 0.11650659888982773, 0.11713365465402603, 0.11704374104738235, 0.11593635380268097, 0.11549839377403259, 0.11466902494430542, 0.11427401006221771, 0.11434988677501678, 0.11446578055620193, 0.11535926908254623, 0.11344514787197113, 0.1130479946732521, 0.11123549193143845, 0.11310015618801117, 0.11507195234298706, 0.11258906126022339, 0.11313918232917786, 0.11263564229011536, 0.1139683648943901, 0.11043695360422134, 0.11210136860609055, 0.11615025997161865, 0.11200233548879623, 0.11066943407058716, 0.1158270314335823, 0.11107881367206573, 0.10926301777362823, 0.11320441216230392, 0.11179068684577942, 0.10997394472360611, 0.11177191138267517, 0.11267514526844025, 0.1115674301981926, 0.11481455713510513, 0.11343701183795929, 0.10977264493703842, 0.1109057366847992, 0.11002030968666077, 0.11072485893964767, 0.11356572061777115, 0.11097383499145508, 0.11003071069717407, 0.10942542552947998, 0.11055712401866913, 0.10630735754966736, 0.11183454096317291, 0.1112045869231224, 0.10900413990020752, 0.10951297730207443, 0.10847336053848267, 0.11043631285429001, 0.1107010617852211, 0.11061988025903702, 0.11148389428853989, 0.10602650046348572, 0.11055205017328262, 0.10865766555070877],