{"n_classes": 3, "train_acc": 0.4944029648377475, "val_acc": 0.5024984062221088, "test_acc": 0.4831228794291511, "confusion_matrix": [217, 117, 7, 56, 169, 1, 39, 47, 6], "val_accs": [0.4862714097496706, 0.5002760423307407, 0.48688405797101453, 0.4880961791831357, 0.5024984062221088, 0.4934725232691572, 0.4988488673551787, 0.49221513876492834, 0.491615665774151, 0.4891782481193421, 0.491615665774151, 0.4903903693314633, 0.4958251519401589, 0.491615665774151, 0.5012017085298993, 0.4928277869862723, 0.4879793021377874, 0.489790896340686, 0.49342725997704956, 0.48977772111011947, 0.4885787751285647, 0.4867671809256662, 0.4928277869862723, 0.49040354456202984, 0.491615665774151, 0.4885787751285647, 0.4909898423222406, 0.491615665774151, 0.491615665774151, 0.493414084746483, 0.4952388541799482, 0.49522567894938163, 0.4916024905435845, 0.49342725997704956, 0.491615665774151, 0.491615665774151, 0.491615665774151, 0.489790896340686, 0.4916024905435845, 0.491615665774151, 0.491615665774151, 0.49522567894938163, 0.489790896340686, 0.49342725997704956, 0.4879793021377874, 0.491615665774151, 0.4879793021377874, 0.49522567894938163, 0.49221513876492834, 0.4952388541799482, 0.4946393811891708, 0.4952388541799482, 0.4916024905435845, 0.49886204258574524, 0.49522567894938163, 0.4970504483828467, 0.49583832717072546, 0.49342725997704956, 0.49342725997704956, 0.49583832717072546, 0.49764992137362407, 0.49886204258574524, 0.49886204258574524, 0.4970504483828467, 0.49886204258574524, 0.49886204258574524, 0.49764992137362407, 0.49764992137362407, 0.49886204258574524, 0.49886204258574524, 0.5000741637978665, 0.5000741637978665, 0.49886204258574524, 0.49886204258574524, 0.5000741637978665, 0.49886204258574524, 0.5000741637978665, 0.5024852309915423, 0.5024852309915423, 0.5024852309915423, 0.5024852309915423, 0.4988488673551787, 0.4988488673551787, 0.4988488673551787, 0.4988488673551787, 0.49642462493093625, 0.49710888690552085, 0.4952125037188151, 0.49937672659271537, 0.49278826129457265, 0.49763674614305753, 0.49226040205703603, 0.49400038250669387, 0.4898361596327936, 0.48862403842067237, 0.48862403842067237, 0.48862403842067237, 0.4921039993199881, 0.4898361596327936, 0.48862403842067237], "train_accs": [0.4773051312181747, 0.47129591129591136, 0.4765922444183313, 0.47606737171954566, 0.4944029648377475, 0.4924553315857663, 0.4944813040465214, 0.4919949380818946, 0.4903968182229052, 0.49313085660911743, 0.4904197173762391, 0.4934207116815812, 0.493277290668595, 0.49209256078821295, 0.48748621531230224, 0.48940974419235284, 0.48968634186025484, 0.49248847509717075, 0.49255898038506735, 0.49359848142456836, 0.4894019102714755, 0.4902714754888668, 0.4890180481484829, 0.48974660279008103, 0.49004368917412394, 0.4895037512428817, 0.49391424869685735, 0.4902244719636024, 0.4903968182229052, 0.4934496369278978, 0.49296634427069214, 0.493000693000693, 0.4934496369278978, 0.4925746482268221, 0.4910078640513423, 0.4906005001657176, 0.4902088041218476, 0.491924432793998, 0.49333212811473676, 0.48944107987586244, 0.4909060230799362, 0.4933634637982464, 0.49231612883786796, 0.4925746482268221, 0.4913133869655608, 0.4913995600952122, 0.4913133869655608, 0.4932459549850854, 0.4917050830094308, 0.4941414324023019, 0.49107836933923893, 0.4934183012443882, 0.49248847509717075, 0.49380999728825814, 0.49260899695682303, 0.4938961704179095, 0.4935201422157944, 0.49266082135647354, 0.4930525174003435, 0.49323028714333056, 0.493392389044563, 0.49426195426195424, 0.49482599656512694, 0.4943740395914309, 0.49482599656512694, 0.49434812739160566, 0.4939720991894905, 0.4939720991894905, 0.49426195426195424, 0.49482599656512694, 0.49344722649070477, 0.49305553044683476, 0.49482599656512694, 0.49482599656512694, 0.49354906746211097, 0.49434812739160566, 0.49354906746211097, 0.4946379824640694, 0.49531652053391184, 0.4934183012443882, 0.49473982343547557, 0.4926475639519117, 0.4952303474042605, 0.49378107204194155, 0.49392750610141917, 0.49144355057398537, 0.49377143029316944, 0.48999427521166644, 0.48877459399198525, 0.49188646840820743, 0.490806592545723, 0.4904751574316792, 0.48926813100726146, 0.481196179457049, 0.48819789689354903, 0.4830727048118353, 0.48185603663864535, 0.4831239266021874, 0.4764729277772756, 0.4770050317876405], "val_losses": [0.1942819356918335, 0.1973019391298294, 0.18783725798130035, 0.18893413245677948, 0.18948739767074585, 0.19000162184238434, 0.18841274082660675, 0.1929246485233307, 0.1948913335800171, 0.1947093904018402, 0.194135844707489, 0.19382606446743011, 0.1924828588962555, 0.1965314894914627, 0.19652938842773438, 0.19084911048412323, 0.19448959827423096, 0.18999899923801422, 0.18990394473075867, 0.1930209845304489, 0.1953820437192917, 0.19399066269397736, 0.19155733287334442, 0.19210873544216156, 0.19599860906600952, 0.19539940357208252, 0.19300124049186707, 0.19226068258285522, 0.19289995729923248, 0.19107100367546082, 0.18980301916599274, 0.19039520621299744, 0.19213944673538208, 0.19217775762081146, 0.19242875277996063, 0.1925782412290573, 0.19315393269062042, 0.1939149647951126, 0.191719651222229, 0.19297964870929718, 0.192731574177742, 0.19226352870464325, 0.19335831701755524, 0.19270819425582886, 0.1939936876296997, 0.1934196501970291, 0.1938779354095459, 0.19326545298099518, 0.1937524676322937, 0.19304627180099487, 0.19213639199733734, 0.1918659806251526, 0.19341155886650085, 0.1919979602098465, 0.19271372258663177, 0.19250884652137756, 0.19319166243076324, 0.19398172199726105, 0.1932697296142578, 0.1937713474035263, 0.19296416640281677, 0.19250468909740448, 0.19291503727436066, 0.19345508515834808, 0.19286824762821198, 0.1926010698080063, 0.19336441159248352, 0.1936936378479004, 0.19332954287528992, 0.19294819235801697, 0.19298717379570007, 0.19339092075824738, 0.19365783035755157, 0.19305048882961273, 0.19300268590450287, 0.1933271586894989, 0.1935492753982544, 0.19329746067523956, 0.19360563158988953, 0.19355952739715576, 0.1930822730064392, 0.19378076493740082, 0.19348376989364624, 0.19358323514461517, 0.19334062933921814, 0.19372384250164032, 0.1928432732820511, 0.19397525489330292, 0.19411714375019073, 0.19417397677898407, 0.19362421333789825, 0.19348473846912384, 0.19389893114566803, 0.19345998764038086, 0.19372327625751495, 0.19370809197425842, 0.19373701512813568, 0.19446027278900146, 0.1932862550020218, 0.193626269698143],