{"n_classes": 3, "train_acc": 0.9670122930597841, "val_acc": 0.8105046611443725, "test_acc": 0.794146911882228, "confusion_matrix": [293, 9, 39, 13, 203, 5, 26, 8, 52], "val_accs": [0.7324658046055569, 0.7472557113826696, 0.7643538642390443, 0.7571502774816151, 0.7602727430128398, 0.7729986239827952, 0.7590229366576451, 0.7628680390387927, 0.766915898921968, 0.7737836828052526, 0.7477496195449119, 0.7526490609366029, 0.7664511513892306, 0.7725753392201354, 0.7538656059487684, 0.7735257934880669, 0.7532427531279332, 0.7662265234150741, 0.7746352643137685, 0.7526490609366029, 0.7760878281709905, 0.7685930907533466, 0.7897609739650254, 0.7953497908636104, 0.7754649753501553, 0.7879174754185007, 0.7859823942699363, 0.7840764737508771, 0.7811494755643037, 0.7848947939163636, 0.7919361746721707, 0.7933773476584925, 0.7895987679634034, 0.7763457174881762, 0.7763789788312055, 0.7680991825911042, 0.7760295069119806, 0.7828266673956824, 0.7908153129755688, 0.7774000564987197, 0.7818055897281683, 0.7645411301566473, 0.7928834394962502, 0.7890383371151025, 0.7821705532318179, 0.7819969563592953, 0.7687844573844739, 0.7803935773713514, 0.7678162333579376, 0.7827268833665947, 0.7829223507112459, 0.7841388957234114, 0.7951210621759297, 0.798339211022718, 0.7846993265717123, 0.7809540082196524, 0.7871989392821018, 0.7748339211022719, 0.7422801789733636, 0.7851267120478965, 0.7928501781532208, 0.7894698233048105, 0.7329501444362431, 0.8093879001612946, 0.8050821509609337, 0.7848615325733345, 0.7872613612546361, 0.7975541522002606, 0.7749337051313595, 0.795876960368882, 0.7868786279923817, 0.7808583249040888, 0.768065921248075, 0.7996847006934762, 0.77773175865934, 0.7914381657964041, 0.799622278720942, 0.7600440143251591, 0.786509563775208, 0.7845371205700903, 0.7593879001612948, 0.776150250143525, 0.79443578738256, 0.7920942799602687, 0.7969645607224546, 0.7527643365501152, 0.795906120998387, 0.7960018043139506, 0.794593892670658, 0.8076400849303335, 0.7790480877005933, 0.7939377785067935, 0.7939045171637643, 0.808536318652779, 0.7736214768036306, 0.8105046611443725, 0.7785833401678559, 0.7835784648751106, 0.7833538369009542, 0.8038656059487684], "train_accs": [0.8024243502015166, 0.8278058359388035, 0.8519287125329975, 0.8555622869162279, 0.8552350857303587, 0.8717427786195661, 0.8774449241356083, 0.8789758111951594, 0.8966548926876671, 0.9023595925676032, 0.8993482325225742, 0.8953094999521606, 0.8980849515990722, 0.9065628205839417, 0.900718941531962, 0.916283709597994, 0.9066294791929939, 0.9129152962237633, 0.9174962220627753, 0.9153408940116634, 0.922981393990531, 0.9281552815568624, 0.9283313764314705, 0.9256379273597185, 0.9282809623573973, 0.9332327676076538, 0.9371457101406877, 0.9347063955075896, 0.9267021063508226, 0.9319626415986093, 0.9429374120867271, 0.9415849291178754, 0.934763654667205, 0.937273700157314, 0.9294981199284748, 0.9340062241680741, 0.92759673451644, 0.9397932810078177, 0.9411890878173971, 0.942809176922298, 0.9421615103992574, 0.9474086831864937, 0.9395620177159959, 0.949026463075303, 0.9384751860517495, 0.9458272728160247, 0.9519347949929399, 0.9541452914612654, 0.9391274151183544, 0.9522552603301112, 0.9483376726907814, 0.9438732466765574, 0.9533352469088152, 0.9522254081867786, 0.945534568879784, 0.9552825371995851, 0.9542802624743923, 0.9535800911348771, 0.9369078735852397, 0.9572895317770197, 0.949097193932314, 0.9609277779406593, 0.9311047906842068, 0.9506945211272276, 0.9422324864040711, 0.9516807697911308, 0.9504977550850343, 0.955582331369171, 0.9616874084190367, 0.9513215164826828, 0.9524451812867621, 0.9527127874228111, 0.9481269713297004, 0.956394575900868, 0.9650397957319777, 0.9638773429566218, 0.9595387069797773, 0.9478501842179042, 0.9626484500459033, 0.9635043728029755, 0.9597721702508456, 0.9687421461407753, 0.9592549655455941, 0.9657880452553615, 0.9589460996371059, 0.9520264688394521, 0.9674492582217434, 0.9527082515533601, 0.9612823861428114, 0.9581429001701979, 0.958229902236301, 0.9640649280230682, 0.9647353564560959, 0.9650237696706884, 0.9614494092785172, 0.9670122930597841, 0.9606188027953263, 0.9468434828601052, 0.9596417351071701, 0.9574038316225612], "val_losses": [0.10650166869163513, 0.09389448910951614, 0.09579626470804214, 0.09228234738111496, 0.09537101536989212, 0.08874368667602539, 0.08816152065992355, 0.08936664462089539, 0.09167494624853134, 0.08810889720916748, 0.08933132886886597, 0.08794500678777695, 0.09314236044883728, 0.1003614068031311, 0.09044718742370605, 0.08414477854967117, 0.08753960579633713, 0.08559764176607132, 0.09246209263801575, 0.08751261979341507, 0.08439543098211288, 0.07947096973657608, 0.08391503244638443, 0.08888643234968185, 0.08849295973777771, 0.08556806296110153, 0.08544207364320755, 0.08608293533325195, 0.08601254224777222, 0.08912249654531479, 0.08232995122671127, 0.08319305628538132, 0.0852665975689888, 0.08876019716262817, 0.0933736190199852, 0.0858319029211998, 0.09102096408605576, 0.08109850436449051, 0.08397255092859268, 0.08163291960954666, 0.08860581368207932, 0.08104486018419266, 0.08719027787446976, 0.07936317473649979, 0.08620891720056534, 0.08834312111139297, 0.08053458482027054, 0.07931505888700485, 0.0883558988571167, 0.07613744586706161, 0.08022286742925644, 0.08001834899187088, 0.07950229197740555, 0.07839372009038925, 0.07685814797878265, 0.08257347345352173, 0.08698886632919312, 0.07931008189916611, 0.09573628753423691, 0.07230932265520096, 0.0857766643166542, 0.07719721645116806, 0.09582830220460892, 0.08125650137662888, 0.08713363856077194, 0.0806451141834259, 0.07951697707176208, 0.07750794291496277, 0.0801117941737175, 0.0857577696442604, 0.0832652673125267, 0.08724907785654068, 0.08838847279548645, 0.08361935615539551, 0.07447216659784317, 0.07827078551054001, 0.0790964663028717, 0.09071046859025955, 0.07900664210319519, 0.07679896056652069, 0.08439630270004272, 0.08146096020936966, 0.08963761478662491, 0.07415558397769928, 0.08291909843683243, 0.08104457706212997, 0.08119618147611618, 0.07665654271841049, 0.07752776145935059, 0.07953183352947235, 0.0796770453453064, 0.07976801693439484, 0.07815972715616226, 0.07604148238897324, 0.08580517768859863, 0.07302886247634888, 0.08393991738557816, 0.08047349005937576, 0.08229916542768478, 0.08151482790708542],