{"training_acc": 0.6016003151793947, "validation_acc": 0.606560062187552, "classes": ["aerobe", "anaerobe", "facultative"], "confusion_matrix": [274, 26, 37, 6, 224, 6, 46, 36, 5], "f1_score": 0.7386886496419964, "training_losses": [0.5465559363365173, 0.5254738330841064, 0.5177427530288696, 0.5138029456138611, 0.5114324688911438, 0.5098474621772766, 0.5087082386016846, 0.5078437924385071, 0.5071638822555542, 0.5066146850585938, 0.506162166595459, 0.5057805776596069, 0.5054587721824646, 0.5051847100257874, 0.5049484372138977, 0.5047459006309509, 0.5045713782310486, 0.5044240355491638, 0.5042985677719116, 0.5041931867599487, 0.504106879234314, 0.5040340423583984, 0.5039757490158081, 0.5039300322532654, 0.5038946270942688, 0.5038701891899109, 0.5038554668426514, 0.503852128982544, 0.5038599967956543, 0.5038781762123108, 0.5039051175117493, 0.5039389133453369, 0.5039765238761902, 0.504020631313324, 0.5040683746337891, 0.5041205286979675, 0.5041764378547668, 0.5042354464530945, 0.5043013691902161, 0.5043705105781555, 0.5044457912445068, 0.5045250654220581, 0.5046073794364929, 0.5046947598457336, 0.5047826170921326, 0.504874587059021, 0.5049678683280945, 0.5050613284111023, 0.5051549077033997, 0.5052478909492493, 0.5053402781486511, 0.5054324865341187, 0.505525529384613, 0.505618155002594, 0.505706787109375, 0.5057923197746277, 0.5058755278587341, 0.5059518218040466, 0.5060282349586487, 0.5061010718345642, 0.5061763525009155, 0.5062506198883057, 0.5063255429267883, 0.5063961148262024, 0.5064660906791687, 0.5065280795097351, 0.5065919160842896, 0.5066545605659485, 0.5067164301872253, 0.5067780017852783, 0.5068387985229492, 0.5068995356559753, 0.5069615840911865, 0.5070211291313171, 0.5070770978927612, 0.507131814956665, 0.5071868300437927, 0.5072421431541443, 0.5072978138923645, 0.5073496103286743, 0.507394552230835, 0.507440984249115, 0.5074856877326965, 0.5075267553329468, 0.5075628757476807, 0.5075963139533997, 0.5076327323913574, 0.5076696872711182, 0.5077074766159058, 0.507747232913971, 0.5077875852584839, 0.5078282952308655, 0.5078699588775635, 0.5079106092453003, 0.50794917345047, 0.5079869627952576, 0.5080258846282959, 0.5080617666244507, 0.5080894827842712, 0.5081127882003784], "validation_losses": [0.14616206288337708, 0.1369680017232895, 0.1336894929409027, 0.13204194605350494, 0.1311042606830597, 0.13053789734840393, 0.13019008934497833, 0.1299797147512436, 0.1298607885837555, 0.1298065483570099, 0.12979814410209656, 0.12982283532619476, 0.12987248599529266, 0.1299416571855545, 0.13002508878707886, 0.13012062013149261, 0.13022436201572418, 0.13033492863178253, 0.13045059144496918, 0.1305704414844513, 0.13069351017475128, 0.1308174878358841, 0.1309417188167572, 0.13106770813465118, 0.1311943531036377, 0.13132163882255554, 0.1314476728439331, 0.13157466053962708, 0.13170196115970612, 0.13183149695396423, 0.13195985555648804, 0.13208700716495514, 0.13221342861652374, 0.13234008848667145, 0.13246791064739227, 0.13259285688400269, 0.1327160745859146, 0.1328372061252594, 0.13295871019363403, 0.13307882845401764, 0.13319696485996246, 0.13331377506256104, 0.13343119621276855, 0.13354523479938507, 0.13365492224693298, 0.13376520574092865, 0.13387218117713928, 0.13397590816020966, 0.13407693803310394, 0.13417576253414154, 0.13426952064037323, 0.13436023890972137, 0.13444837927818298, 0.13453587889671326, 0.13461929559707642, 0.13469912111759186, 0.1347644329071045, 0.13484607636928558, 0.13490484654903412, 0.134983628988266, 0.135050430893898, 0.1351158320903778, 0.1351715326309204, 0.13523723185062408, 0.13528034090995789, 0.13534574210643768, 0.13540028035640717, 0.13545270264148712, 0.13550326228141785, 0.13555361330509186, 0.13560183346271515, 0.1356477439403534, 0.13569298386573792, 0.13573704659938812, 0.13577844202518463, 0.13581441342830658, 0.1358533799648285, 0.1358979046344757, 0.13593550026416779, 0.13596144318580627, 0.13600362837314606, 0.13603192567825317, 0.13605009019374847, 0.13609802722930908, 0.13611957430839539, 0.13614985346794128, 0.13617725670337677, 0.13620346784591675, 0.13621953129768372, 0.1362547129392624, 0.13628000020980835, 0.13629363477230072, 0.13632917404174805, 0.13635192811489105, 0.13637065887451172, 0.1363900899887085, 0.13640929758548737, 0.13642250001430511, 0.13643546402454376, 0.13644304871559143], "training_accs": [0.590289629093052, 0.5936280053457673, 0.5953212019900314, 0.6021737200041452, 0.6038052497570988, 0.6038052497570988, 0.6045901811879204, 0.6045901811879204, 0.6045901811879204, 0.6045901811879204, 0.6045901811879204, 0.6045901811879204, 0.6045901811879204, 0.6045901811879204, 0.6068066654527321, 0.6068066654527321, 0.6068066654527321, 0.6068066654527321, 0.6068066654527321, 0.6068066654527321, 0.6068066654527321, 0.6068066654527321, 0.6068066654527321, 0.6068066654527321, 0.6068066654527321, 0.6068066654527321, 0.6068066654527321, 0.6068066654527321, 0.6068066654527321, 0.6068066654527321, 0.6068066654527321, 0.6068066654527321, 0.6068066654527321, 0.6068066654527321, 0.6068066654527321, 0.6068066654527321, 0.6068066654527321, 0.6068066654527321, 0.6068066654527321, 0.6068066654527321, 0.6068066654527321, 0.6068066654527321, 0.6068066654527321, 0.6068066654527321, 0.6068066654527321, 0.6045901811879204, 0.6045901811879204, 0.6045901811879204, 0.6069924213199575, 0.6069924213199575, 0.6069924213199575, 0.6069924213199575, 0.6069924213199575, 0.6069924213199575, 0.6069924213199575, 0.6069924213199575, 0.6069924213199575, 0.6069924213199575, 0.6069924213199575, 0.6069924213199575, 0.6069924213199575, 0.6069924213199575, 0.6069924213199575, 0.6069924213199575, 0.6069924213199575, 0.6069924213199575, 0.6069924213199575, 0.6069924213199575, 0.603593133369226, 0.603593133369226, 0.603593133369226, 0.603593133369226, 0.603593133369226, 0.603593133369226, 0.603593133369226, 0.603593133369226, 0.603593133369226, 0.603593133369226, 0.603593133369226, 0.603593133369226, 0.603593133369226, 0.603593133369226, 0.603593133369226, 0.603593133369226, 0.603593133369226, 0.603593133369226, 0.603593133369226, 0.603593133369226, 0.603593133369226, 0.603593133369226, 0.603593133369226, 0.603593133369226, 0.603593133369226, 0.603593133369226, 0.603593133369226, 0.603593133369226, 0.603593133369226, 0.6016003151793947, 0.6016003151793947, 0.6016003151793947],