{"training_acc": 0.8996708860670265, "validation_acc": 0.7945922996726013, "classes": ["aerobe", "anaerobe", "facultative"], "confusion_matrix": [292, 16, 31, 26, 209, 8, 20, 6, 51], "f1_score": 0.8402919483817983, "training_losses": [0.4252265691757202, 0.3753507137298584, 0.3518882393836975, 0.33706358075141907, 0.3238212466239929, 0.3133905529975891, 0.3015713095664978, 0.29306378960609436, 0.2875047028064728, 0.2795833945274353, 0.2736262083053589, 0.2708776295185089, 0.26380982995033264, 0.25997453927993774, 0.25612837076187134, 0.2554599642753601, 0.24843153357505798, 0.2502146065235138, 0.2447536289691925, 0.24278396368026733, 0.2408822774887085, 0.23831985890865326, 0.23492847383022308, 0.23234057426452637, 0.23181705176830292, 0.2326703667640686, 0.22507436573505402, 0.22561296820640564, 0.2246679663658142, 0.22288645803928375, 0.2332751303911209, 0.24598360061645508, 0.23165389895439148, 0.2276650369167328, 0.22374515235424042, 0.2197723686695099, 0.21848145127296448, 0.2165413200855255, 0.21542970836162567, 0.20855724811553955, 0.21085801720619202, 0.20582659542560577, 0.20843589305877686, 0.20378939807415009, 0.21216195821762085, 0.20220009982585907, 0.20944629609584808, 0.20123884081840515, 0.20500561594963074, 0.19638729095458984, 0.19395038485527039, 0.19459573924541473, 0.19320668280124664, 0.19067536294460297, 0.19191625714302063, 0.2024538516998291, 0.1889667510986328, 0.1900833398103714, 0.18793360888957977, 0.18638202548027039, 0.18312358856201172, 0.18429407477378845, 0.1825246512889862, 0.18364904820919037, 0.18037180602550507, 0.18024766445159912, 0.178413987159729, 0.18139293789863586, 0.20800918340682983, 0.18747195601463318, 0.1820860654115677, 0.1779475063085556, 0.17329935729503632, 0.17191600799560547, 0.17862287163734436, 0.1713659018278122, 0.1750505268573761, 0.17312316596508026, 0.1725405603647232, 0.1735019087791443, 0.17077140510082245, 0.1737474650144577, 0.19140879809856415, 0.17044474184513092, 0.17373989522457123, 0.16830092668533325, 0.1687081754207611, 0.16778036952018738, 0.1670071929693222, 0.1667366325855255, 0.1671227663755417, 0.16472433507442474, 0.16795267164707184, 0.16266073286533356, 0.17127680778503418, 0.16475538909435272, 0.16499163210391998, 0.16313093900680542, 0.16448275744915009, 0.16455680131912231], "validation_losses": [0.1358313411474228, 0.11776125431060791, 0.11280357837677002, 0.10940050333738327, 0.10505783557891846, 0.10368909686803818, 0.10033635050058365, 0.0989856868982315, 0.09907601028680801, 0.09670475870370865, 0.09511524438858032, 0.09717955440282822, 0.09495919197797775, 0.09268677234649658, 0.09219219535589218, 0.09291556477546692, 0.09298054873943329, 0.09303820878267288, 0.09097843617200851, 0.09267980605363846, 0.09266465157270432, 0.09320739656686783, 0.09266173094511032, 0.09515225887298584, 0.09247197955846786, 0.09273479878902435, 0.0911734476685524, 0.09175266325473785, 0.09173900634050369, 0.09457717090845108, 0.09782440960407257, 0.09645677357912064, 0.09381809085607529, 0.09287815541028976, 0.09224110096693039, 0.09255711734294891, 0.09203296899795532, 0.09143132716417313, 0.09137339890003204, 0.08836404979228973, 0.09005949646234512, 0.0875600203871727, 0.09141558408737183, 0.08817104250192642, 0.0895194336771965, 0.0883711650967598, 0.09031504392623901, 0.0880739763379097, 0.09182912111282349, 0.08748825639486313, 0.0863785520195961, 0.08982189744710922, 0.0891341120004654, 0.08891626447439194, 0.08889081329107285, 0.08979538828134537, 0.08813022077083588, 0.08886384218931198, 0.08756855130195618, 0.08849645406007767, 0.08759805560112, 0.08730433136224747, 0.08513779193162918, 0.08659419417381287, 0.08681710809469223, 0.08691394329071045, 0.08732836693525314, 0.08685554563999176, 0.10035285353660583, 0.0905795693397522, 0.08779581636190414, 0.08711818605661392, 0.08789627999067307, 0.08745547384023666, 0.08868499100208282, 0.08748546987771988, 0.08517713099718094, 0.08605595678091049, 0.08714575320482254, 0.08681464940309525, 0.08699008822441101, 0.0881708562374115, 0.09628688544034958, 0.08631233125925064, 0.08696682751178741, 0.0850977972149849, 0.0851530060172081, 0.08462999016046524, 0.08667579293251038, 0.08509285748004913, 0.08524256944656372, 0.08462884277105331, 0.0850534662604332, 0.08432608842849731, 0.08643294125795364, 0.08482088148593903, 0.08356509357690811, 0.08452131599187851, 0.08547358214855194, 0.08595004677772522], "training_accs": [0.6789977530001314, 0.7284646358531077, 0.7648067591078136, 0.7769138033650721, 0.7830345949005189, 0.7890023732560572, 0.795974042996498, 0.8030238004663491, 0.8135798692966488, 0.818253041994829, 0.8279759629207818, 0.8285727035530543, 0.8336743405679226, 0.8382456448076634, 0.839788337609361, 0.8376413656157563, 0.8440485440946214, 0.8484387270963873, 0.8488126494446019, 0.8507702175749711, 0.8535760107289563, 0.8552581277225458, 0.8568951504230483, 0.861977892087144, 0.8611944007730137, 0.8579763854717348, 0.865630422133493, 0.8639509583212814, 0.8640452882200861, 0.8644609076143839, 0.85754303577679, 0.8455303214183364, 0.8568034737056215, 0.8610023437284, 0.8647014561990888, 0.8662824487998652, 0.8683869796817607, 0.8684362152874784, 0.8680198518275545, 0.875264319523397, 0.872224772278715, 0.877742028687881, 0.8761050059873786, 0.878625156263572, 0.8715720015467167, 0.8802621789640742, 0.871850105864874, 0.8797029940652542, 0.8784789375776715, 0.8819469491390417, 0.8824178545674389, 0.8834896419407393, 0.8836324633796354, 0.8873179868623073, 0.8843795640104387, 0.8796961995712458, 0.8863371321408077, 0.8860590278226502, 0.888678814360404, 0.8876987037045305, 0.8892891439806933, 0.8879782961539404, 0.8880294408754098, 0.8889652013038223, 0.8927901489783862, 0.8919070214026953, 0.8910170993329961, 0.89059468544469, 0.8755009128118779, 0.8867117985546487, 0.8898024905207998, 0.8935857411492806, 0.8941475792294785, 0.8973757862717698, 0.8926999603922119, 0.9003123000078871, 0.8943847305671793, 0.9007824613706581, 0.8957395076368938, 0.893872128092699, 0.9001687345033648, 0.8933485898115799, 0.8839037732037843, 0.8945241547590711, 0.8935891383962847, 0.9002691148305516, 0.9012533667990555, 0.901064707001446, 0.9021364943747464, 0.9000872495269504, 0.902513069904339, 0.9014412825310387, 0.8989609201851767, 0.9014378852840346, 0.8977906616004413, 0.9018144608136272, 0.9055518730833946, 0.9020057737926145, 0.9021944335902239, 0.8996708860670265],