{"n_classes": 3, "train_acc": 0.900585770162596, "val_acc": 0.8191144380429044, "test_acc": 0.7860711537775603, "confusion_matrix": [266, 11, 36, 10, 171, 17, 20, 7, 49], "val_accs": [0.6736986817099521, 0.7152502841976748, 0.7430696152467463, 0.744707715291003, 0.7570191652364998, 0.7630041713476677, 0.7829877903472252, 0.7672235806303682, 0.8061938738796471, 0.7462580361356591, 0.768384735898088, 0.7742913081236812, 0.8148956962826343, 0.7685169053393116, 0.7740269692412339, 0.809252795417058, 0.8049032192604252, 0.7817782397032996, 0.797756390359107, 0.7707574443770246, 0.8078286363117516, 0.8094640662662865, 0.8027935146190749, 0.7767431180106229, 0.8018442977230142, 0.789186069874913, 0.8083029109985668, 0.8114940019772013, 0.8191144380429044, 0.8087778532078125, 0.7909530017482412, 0.7977570578815375, 0.7810926941672558, 0.8108868903267322, 0.8032671217834597, 0.8011580846645399, 0.795173078553372, 0.7887131302329586, 0.7981004981719898, 0.7992583158275576, 0.8032684568283206, 0.8137352085373449, 0.7938817564117198, 0.8142892521545955, 0.8008133093292268, 0.7684371364088761, 0.8023185724098294, 0.8131280968868756, 0.7912977770835544, 0.7882381880237131, 0.8029250165378682, 0.7809611922484625, 0.7867335924655409, 0.7942231941348808, 0.7713625534602025, 0.7944868654948977, 0.8049018842155644, 0.7854429378463189, 0.8110183922455255, 0.7977577254039678, 0.7895295101653653, 0.7853107684050954, 0.7814347994128473, 0.7655901532431244, 0.8037400614254141, 0.8004705365612049, 0.8087778532078125, 0.7908221673518785, 0.7982306650459221, 0.7757945686369926, 0.8030565184566614, 0.8134722046997584, 0.7997352606040944, 0.7795867635642226, 0.8033992912246833, 0.7822538494349756, 0.811230998139615, 0.8084344129173601, 0.8061952089245078, 0.7706239398909402, 0.7950415766345788, 0.7953843494026008, 0.7946981363441266, 0.7821700753699576, 0.7993911527912116, 0.7921141570159612, 0.8044282770511796, 0.7990477125007595, 0.7990490475456201, 0.7972827831947223, 0.7779009356661907, 0.790954336793102, 0.8093829622909904, 0.770888946295818, 0.8108037837841445, 0.7961216279270024, 0.7969400104267003, 0.7985741053363746, 0.7993924878360725, 0.7932739772388202], "train_accs": [0.7144443996898707, 0.7560845912767165, 0.7920494293952226, 0.8001846378199456, 0.8264679633853821, 0.8280514825456627, 0.8278938547983525, 0.8289078422217674, 0.8618564832628816, 0.8288839710791361, 0.8456861608578056, 0.8546226533386019, 0.8509690151866015, 0.8655562751418938, 0.8425214091446486, 0.8805770236219681, 0.885621097788759, 0.88128108791312, 0.8778645879037796, 0.8757521903507032, 0.8807861909197431, 0.8892050135081676, 0.879505146997467, 0.8931375581925929, 0.8919021776827147, 0.8866451954689613, 0.8809989477481798, 0.8927832577691305, 0.900585770162596, 0.8951126096103282, 0.893030791803571, 0.8926642823934788, 0.9032120601998201, 0.9041136097757675, 0.9003770763773765, 0.9042987348554073, 0.9033687409220197, 0.8916513932137006, 0.9097395392255434, 0.8967297710739398, 0.9103810433433689, 0.8969045002617989, 0.9032689489147008, 0.905982046023007, 0.8836238004456792, 0.9048589689441293, 0.9154519366503132, 0.9208898296819634, 0.9243312013201407, 0.9173164610728612, 0.9163222817488603, 0.9080305438204633, 0.9175451508350569, 0.9183238132106611, 0.9130396895627247, 0.9194774501788802, 0.923410317157335, 0.914339594559304, 0.8891063732055802, 0.9184569252272811, 0.9181542987707507, 0.909965129771691, 0.9017803461098782, 0.8966364799357684, 0.9225110541887922, 0.9148528623123705, 0.9238647486842041, 0.9297903764499661, 0.9086876585780184, 0.9256163082856342, 0.9240851412844614, 0.9229002998388424, 0.9273942135146624, 0.9187452638243174, 0.92932879946589, 0.9218765244526695, 0.9210494217426487, 0.9264219776789542, 0.9344073285446551, 0.9012093770332879, 0.924593684604193, 0.9302491933140823, 0.9374274374467384, 0.9008749213682758, 0.9320839872579909, 0.9165439604703165, 0.9392827008801788, 0.9372839295383381, 0.9384003346725643, 0.9229355673594598, 0.9106262907704048, 0.933643937712692, 0.9412132237881895, 0.9167058391384062, 0.9149648633063191, 0.9431422726974388, 0.9386275504359989, 0.9399242049980044, 0.9447643098129107, 0.9267855390915241], "val_losses": [0.13552430272102356, 0.11956816911697388, 0.11127415299415588, 0.10073993355035782, 0.11168928444385529, 0.11348917335271835, 0.09506475925445557, 0.10703432559967041, 0.0945395976305008, 0.11012913286685944, 0.11092427372932434, 0.08715461939573288, 0.07991477102041245, 0.1003473550081253, 0.10494067519903183, 0.08775133639574051, 0.09049435704946518, 0.09895230829715729, 0.08773676306009293, 0.09169404208660126, 0.0969417542219162, 0.0964781865477562, 0.08520092070102692, 0.09051138162612915, 0.09215341508388519, 0.10058420896530151, 0.08758537471294403, 0.07974003255367279, 0.08358433097600937, 0.08960837125778198, 0.0921153649687767, 0.08265890926122665, 0.08719485253095627, 0.0918470248579979, 0.08517127484083176, 0.08171150088310242, 0.08563866466283798, 0.09509426355361938, 0.08595184236764908, 0.09693212062120438, 0.08418802917003632, 0.07763081789016724, 0.08458365499973297, 0.08594603836536407, 0.0945020467042923, 0.08314219862222672, 0.08845718204975128, 0.08425009995698929, 0.08396799117326736, 0.09106403589248657, 0.07989079505205154, 0.0984206572175026, 0.09094889461994171, 0.10032245516777039, 0.08967119455337524, 0.08008726686239243, 0.09105737507343292, 0.08183661103248596, 0.0845034047961235, 0.08289868384599686, 0.09240056574344635, 0.09194306284189224, 0.09312961995601654, 0.09497740864753723, 0.0909639522433281, 0.08270936459302902, 0.08733776211738586, 0.08929581940174103, 0.0888022780418396, 0.09242946654558182, 0.0762082189321518, 0.08590401709079742, 0.08742772042751312, 0.0918576717376709, 0.07751885056495667, 0.09382986277341843, 0.09318871796131134, 0.08662644028663635, 0.08366839587688446, 0.10653934627771378, 0.08891475945711136, 0.09290371090173721, 0.08588918298482895, 0.0931183397769928, 0.08762572705745697, 0.09165032207965851, 0.09186363965272903, 0.0874662846326828, 0.08269213885068893, 0.08505414426326752, 0.10027478635311127, 0.08325562626123428, 0.08143455535173416, 0.09291376173496246, 0.08961570262908936, 0.08214876800775528, 0.08074069768190384, 0.08493949472904205, 0.086244598031044, 0.10159878432750702],