{"training_acc": 0.6069384510536787, "validation_acc": 0.5885419647466414, "classes": ["aerobe", "anaerobe", "facultative"], "confusion_matrix": [191, 69, 77, 27, 169, 40, 14, 31, 42], "f1_score": 0.6271360581983871, "training_losses": [0.6025267243385315, 0.5877614617347717, 0.5799168348312378, 0.574530839920044, 0.5703325867652893, 0.5668674111366272, 0.5639435648918152, 0.5614286065101624, 0.5592438578605652, 0.5573151707649231, 0.5555807948112488, 0.5540294647216797, 0.5526273250579834, 0.5513488054275513, 0.5501880645751953, 0.5491346716880798, 0.5481486916542053, 0.5472252368927002, 0.5463595986366272, 0.5455458164215088, 0.5447853207588196, 0.5440614223480225, 0.5433863401412964, 0.542751133441925, 0.5421391725540161, 0.5415589809417725, 0.5409848093986511, 0.5404293537139893, 0.5399053692817688, 0.5393987894058228, 0.5389100909233093, 0.5384379625320435, 0.5379908084869385, 0.5375545024871826, 0.5371351838111877, 0.5367357134819031, 0.5363379716873169, 0.5359582304954529, 0.5355784296989441, 0.5352099537849426, 0.5348505973815918, 0.5345076322555542, 0.5341686606407166, 0.5338359475135803, 0.5335202217102051, 0.5332097411155701, 0.5329073071479797, 0.5326084494590759, 0.532319962978363, 0.532034158706665, 0.5317594408988953, 0.5314891934394836, 0.5312273502349854, 0.5309797525405884, 0.5307422280311584, 0.5305161476135254, 0.530282199382782, 0.5300666093826294, 0.5298448204994202, 0.5296348929405212, 0.5294330716133118, 0.5292331576347351, 0.5290437340736389, 0.5288414359092712, 0.5286589860916138, 0.5284696221351624, 0.5282871127128601, 0.5281108021736145, 0.5279509425163269, 0.5277878046035767, 0.5276305675506592, 0.5274768471717834, 0.527333676815033, 0.5271868109703064, 0.5270510911941528, 0.5269148945808411, 0.5267852544784546, 0.5266579389572144, 0.5265302658081055, 0.5264133810997009, 0.5262956619262695, 0.5261790752410889, 0.5260589718818665, 0.5259592533111572, 0.5258481502532959, 0.5257459282875061, 0.525636613368988, 0.5255372524261475, 0.5254405736923218, 0.5253413915634155, 0.5252460837364197, 0.5251463055610657, 0.5250536203384399, 0.5249611139297485, 0.5248729586601257, 0.5247844457626343, 0.5246949195861816, 0.5246175527572632, 0.5245323181152344, 0.5244557857513428], "validation_losses": [0.19323013722896576, 0.1907772272825241, 0.18888598680496216, 0.18727988004684448, 0.1859292984008789, 0.18478301167488098, 0.1838020533323288, 0.18294775485992432, 0.18220795691013336, 0.18155565857887268, 0.18095950782299042, 0.18045181035995483, 0.17998337745666504, 0.17955924570560455, 0.1791861653327942, 0.17885692417621613, 0.17855460941791534, 0.17826734483242035, 0.1780080646276474, 0.17777054011821747, 0.17754921317100525, 0.17733535170555115, 0.17715315520763397, 0.17698191106319427, 0.1768127679824829, 0.17666175961494446, 0.17650772631168365, 0.17635512351989746, 0.17621546983718872, 0.17608532309532166, 0.17594704031944275, 0.17580775916576385, 0.17568200826644897, 0.17556132376194, 0.1754433810710907, 0.17534954845905304, 0.17524653673171997, 0.17515259981155396, 0.1750485897064209, 0.17495474219322205, 0.17487016320228577, 0.17478612065315247, 0.1746998280286789, 0.17462007701396942, 0.17452950775623322, 0.17445267736911774, 0.1743689626455307, 0.17428231239318848, 0.17420388758182526, 0.17412802577018738, 0.17406190931797028, 0.1739998608827591, 0.17392751574516296, 0.17386457324028015, 0.173801451921463, 0.17375336587429047, 0.1736781895160675, 0.17362567782402039, 0.17355658113956451, 0.17350280284881592, 0.17344322800636292, 0.17339293658733368, 0.17335735261440277, 0.1732998490333557, 0.17326876521110535, 0.17321746051311493, 0.17316563427448273, 0.17310862243175507, 0.1730598509311676, 0.1730034500360489, 0.17295512557029724, 0.1729000210762024, 0.1728643774986267, 0.17281973361968994, 0.17277668416500092, 0.1727374792098999, 0.1726970076560974, 0.17265954613685608, 0.17261627316474915, 0.17258445918560028, 0.17254024744033813, 0.17250069975852966, 0.17245696485042572, 0.17243055999279022, 0.17238932847976685, 0.17236192524433136, 0.17232154309749603, 0.17229649424552917, 0.1722685694694519, 0.17222990095615387, 0.17219731211662292, 0.17215025424957275, 0.17210273444652557, 0.17207558453083038, 0.17203465104103088, 0.1720028519630432, 0.17197172343730927, 0.17195247113704681, 0.1719125211238861, 0.1718849241733551], "training_accs": [0.5204912101348774, 0.5405728167340188, 0.548777244798583, 0.5514538893860744, 0.5528390082940645, 0.5608920436046438, 0.5641314345991368, 0.5678399787721427, 0.5699546378731893, 0.5723674256483978, 0.572494529818209, 0.5731424080171077, 0.5735298992014627, 0.5739096898697825, 0.5751160837573868, 0.5799297280734731, 0.5820443871745197, 0.5830797565577731, 0.5856335276937493, 0.586281405892648, 0.5856970797786549, 0.586490172056617, 0.587372626844772, 0.5910692397834468, 0.5917171179823455, 0.5920410570817948, 0.5959980570350134, 0.595763480445757, 0.5947100011532512, 0.5956182663666936, 0.5957076288768864, 0.5951491131881808, 0.5957969913870793, 0.596355507075785, 0.5958863538972722, 0.5971185582101638, 0.5976770738988696, 0.597531859819806, 0.5974424973096132, 0.5984401250332484, 0.598789874557985, 0.6009303440843189, 0.6021625483972106, 0.6027468745112037, 0.6027468745112037, 0.6033947527101023, 0.6022519109074036, 0.6025758500068529, 0.6034841152202951, 0.6029255995315895, 0.6029255995315895, 0.6028362370213967, 0.6028362370213967, 0.6037445022348389, 0.6039790788240952, 0.6037445022348389, 0.6044181908590248, 0.6038596751703191, 0.6038596751703191, 0.6035357360708699, 0.6037703126601263, 0.6035357360708699, 0.6035357360708699, 0.6041836142697684, 0.6038596751703191, 0.6044440012843121, 0.6044440012843121, 0.6044440012843121, 0.6042094246950558, 0.6038854855956065, 0.6041200621848628, 0.6041200621848628, 0.6043546387741193, 0.6040306996746699, 0.6040306996746699, 0.6040306996746699, 0.6043546387741193, 0.6043546387741193, 0.6045892153633756, 0.605497480576818, 0.605497480576818, 0.605497480576818, 0.6058214196762672, 0.6060559962655238, 0.6060559962655238, 0.6063799353649729, 0.6066145119542293, 0.6066145119542293, 0.6066145119542293, 0.6069384510536787, 0.607262390153128, 0.607262390153128, 0.607262390153128, 0.607262390153128, 0.607262390153128, 0.6069384510536787, 0.6069384510536787, 0.6069384510536787, 0.6069384510536787, 0.6069384510536787],