{"training_acc": 0.5441224726841046, "validation_acc": 0.5472164796976334, "classes": ["aerobe", "anaerobe", "facultative"], "confusion_matrix": [282, 52, 5, 56, 181, 6, 57, 15, 5], "f1_score": 0.6796986438953596, "n_iter": 986, "converged": true, "C": 100, "penalty": "l2", "max_iter": 100000, "feature_type": "cds_2mer", "model_class": "logistic", "binary": 0}