{"training_acc": 0.8110246306775485, "validation_acc": 0.7576286794992084, "classes": ["aerobe", "anaerobe", "facultative"], "confusion_matrix": [271, 15, 51, 21, 192, 23, 16, 14, 57], "f1_score": 0.7984573914143854, "training_losses": [0.5455345511436462, 0.5069183111190796, 0.4850849509239197, 0.46938735246658325, 0.45684945583343506, 0.4460923969745636, 0.43635159730911255, 0.4275737702846527, 0.41951698064804077, 0.41220465302467346, 0.4054580330848694, 0.39924731850624084, 0.39343443512916565, 0.3881244361400604, 0.3831579089164734, 0.37859633564949036, 0.37448662519454956, 0.37066879868507385, 0.367053359746933, 0.36375129222869873, 0.360641747713089, 0.3578140139579773, 0.35505926609039307, 0.3525123596191406, 0.35014647245407104, 0.34790778160095215, 0.3458039164543152, 0.3438521921634674, 0.34191298484802246, 0.34021100401878357, 0.338483601808548, 0.3369610607624054, 0.3354577422142029, 0.3339458405971527, 0.3325900733470917, 0.33132290840148926, 0.3300144672393799, 0.32896605134010315, 0.3277534544467926, 0.3266856372356415, 0.32567891478538513, 0.3246958255767822, 0.32377707958221436, 0.32287076115608215, 0.32197335362434387, 0.32117143273353577, 0.3203801214694977, 0.31961169838905334, 0.3188464641571045, 0.31806641817092896, 0.3174011707305908, 0.31666579842567444, 0.31594619154930115, 0.31525924801826477, 0.31467077136039734, 0.3140701353549957, 0.3133945167064667, 0.3128565847873688, 0.3122742176055908, 0.3117485046386719, 0.3111799955368042, 0.310726523399353, 0.3100973069667816, 0.30964207649230957, 0.30906009674072266, 0.3086857795715332, 0.3082837164402008, 0.3077743947505951, 0.3073473274707794, 0.30693840980529785, 0.3065038323402405, 0.30609071254730225, 0.30564844608306885, 0.30518093705177307, 0.30478551983833313, 0.30438682436943054, 0.3040962517261505, 0.30365318059921265, 0.3033169209957123, 0.3029862344264984, 0.3026508390903473, 0.30231305956840515, 0.30192843079566956, 0.3016744554042816, 0.3013395667076111, 0.3010740876197815, 0.30071961879730225, 0.30041876435279846, 0.3001033365726471, 0.29984086751937866, 0.2995241582393646, 0.2992539405822754, 0.29897233843803406, 0.29871299862861633, 0.29842451214790344, 0.29824620485305786, 0.2979363799095154, 0.2977389097213745, 0.29747283458709717, 0.29721128940582275], "validation_losses": [0.17104943096637726, 0.16018107533454895, 0.1538105309009552, 0.14932040870189667, 0.1456669270992279, 0.14255084097385406, 0.13986477255821228, 0.13738788664340973, 0.13509854674339294, 0.13304933905601501, 0.13114586472511292, 0.12939856946468353, 0.12786629796028137, 0.1264631450176239, 0.1251910924911499, 0.12404860556125641, 0.1230066642165184, 0.12202257663011551, 0.1211702972650528, 0.1203361377120018, 0.1196221113204956, 0.11896859109401703, 0.11830538511276245, 0.1177542582154274, 0.11722201108932495, 0.11670266091823578, 0.11620596051216125, 0.11582440137863159, 0.11540596932172775, 0.11502064764499664, 0.11464405059814453, 0.11435291171073914, 0.11402663588523865, 0.11372001469135284, 0.1134219691157341, 0.1131940633058548, 0.11291281133890152, 0.11271388828754425, 0.11246313154697418, 0.11225360631942749, 0.11203686892986298, 0.11184573918581009, 0.11165978759527206, 0.11151546984910965, 0.11133009940385818, 0.11116738617420197, 0.11102897673845291, 0.11090172827243805, 0.11074899882078171, 0.11063358187675476, 0.1105043813586235, 0.11039315909147263, 0.1103176549077034, 0.11021242290735245, 0.11010851711034775, 0.11002958565950394, 0.10995471477508545, 0.10983585566282272, 0.10977070033550262, 0.10967671871185303, 0.10962576419115067, 0.10959867388010025, 0.10955066233873367, 0.10945334285497665, 0.10934088379144669, 0.10929165035486221, 0.10920586436986923, 0.10919855535030365, 0.10913334041833878, 0.10904356837272644, 0.10896610468626022, 0.10896457731723785, 0.10887669026851654, 0.10880398750305176, 0.10880791395902634, 0.10872215777635574, 0.10872065275907516, 0.10865283012390137, 0.10861742496490479, 0.10856327414512634, 0.10850927233695984, 0.10851311683654785, 0.10841494053602219, 0.10838141292333603, 0.10838112235069275, 0.10833105444908142, 0.10827045142650604, 0.10825423896312714, 0.10820182412862778, 0.10816160589456558, 0.10818643122911453, 0.10812333971261978, 0.10810902714729309, 0.10803019255399704, 0.10805772244930267, 0.10801072418689728, 0.1080172061920166, 0.10796468704938889, 0.10797066986560822, 0.10790525376796722], "training_accs": [0.5961800938009736, 0.6243659103224831, 0.6306693070136394, 0.6452673852752927, 0.6665042849158295, 0.6821061141555353, 0.6973478398977914, 0.7090764092102448, 0.7192530658286534, 0.7287859448912762, 0.7331337203309017, 0.7392626227199681, 0.7446332054631425, 0.7479526811901757, 0.7519104420639513, 0.7534925259767625, 0.7597713739333791, 0.761497911004697, 0.7629053705402353, 0.7646619487551365, 0.7676213209847199, 0.7701415811793737, 0.7736355512084968, 0.7727272859950546, 0.7735455578529301, 0.7747783930111956, 0.7761558114031507, 0.7769495345264866, 0.7774186877049992, 0.7773286943494325, 0.7787061127413878, 0.7796143779548301, 0.781136379580475, 0.7833020286867223, 0.7852631423472967, 0.7852631423472967, 0.786171407560739, 0.7877834025419505, 0.7889262443446493, 0.7886916677553928, 0.789016237700216, 0.7904836494477377, 0.7903390662140483, 0.7921555966409328, 0.7927147431750122, 0.7927147431750122, 0.7929493197642686, 0.7938575849777111, 0.7938575849777111, 0.7936230083884546, 0.7954149900807995, 0.7954149900807995, 0.7969969439184278, 0.7967623673291714, 0.796527790739915, 0.7962032207950918, 0.7962032207950918, 0.7962032207950918, 0.7971114860085341, 0.7989280164354188, 0.7989280164354188, 0.7986934398461626, 0.7984588632569061, 0.7996017050596048, 0.7992771351147817, 0.7992771351147817, 0.7980442999565162, 0.7989525651699586, 0.7991871417592149, 0.7991871417592149, 0.8006791022412765, 0.800913678830533, 0.800913678830533, 0.8020565206332316, 0.8018219440439752, 0.8041076276493726, 0.8052504694520713, 0.8059241580762574, 0.8059241580762574, 0.8055750393968945, 0.8064833046103369, 0.8064833046103369, 0.8055750393968945, 0.8058096159861509, 0.8058096159861509, 0.8055750393968945, 0.8076261464130354, 0.8071569932345227, 0.8064833046103369, 0.8095326701954869, 0.8092081002506638, 0.8095326701954869, 0.8113492006223716, 0.8110246306775485, 0.8113492006223716, 0.8104409354089293, 0.8110246306775485, 0.8113492006223716, 0.8113492006223716, 0.8110246306775485],