{"training_acc": 0.7820608778448271, "validation_acc": 0.7225524105287966, "classes": ["aerobe", "anaerobe", "facultative"], "confusion_matrix": [292, 25, 20, 20, 204, 12, 29, 20, 38], "f1_score": 0.8044301433031946, "training_losses": [0.4911647140979767, 0.44794219732284546, 0.4209626317024231, 0.400799423456192, 0.3864741325378418, 0.37514615058898926, 0.3670651912689209, 0.3604407012462616, 0.3541400134563446, 0.34829533100128174, 0.34541988372802734, 0.34215453267097473, 0.3387549817562103, 0.3348931670188904, 0.3319011926651001, 0.3306471109390259, 0.3252014219760895, 0.32249918580055237, 0.3239332437515259, 0.3183574378490448, 0.3164062201976776, 0.3144387900829315, 0.31268036365509033, 0.31148967146873474, 0.3091670870780945, 0.3075694441795349, 0.3070468604564667, 0.30725088715553284, 0.305917352437973, 0.30478909611701965, 0.3052862882614136, 0.302825003862381, 0.3001142144203186, 0.30052649974823, 0.30726754665374756, 0.3042300045490265, 0.2995870113372803, 0.2972891628742218, 0.2994959056377411, 0.2948656976222992, 0.2951602339744568, 0.2943328619003296, 0.2939634919166565, 0.29292190074920654, 0.29232773184776306, 0.2923184931278229, 0.29180508852005005, 0.2908926010131836, 0.29096484184265137, 0.29156139492988586, 0.2919349670410156, 0.2921988368034363, 0.29060590267181396, 0.29017195105552673, 0.28878122568130493, 0.2913588285446167, 0.290538489818573, 0.29048314690589905, 0.2891921401023865, 0.2919943928718567, 0.28977108001708984, 0.28820866346359253, 0.28740179538726807, 0.2877465486526489, 0.2891123294830322, 0.28994062542915344, 0.2901078462600708, 0.29108449816703796, 0.29124271869659424, 0.29092857241630554, 0.288075715303421, 0.28826844692230225, 0.28912028670310974, 0.2899850308895111, 0.2899658679962158, 0.29100266098976135, 0.2893486022949219, 0.290071964263916, 0.2873131036758423, 0.2942521274089813, 0.29326939582824707, 0.29233577847480774, 0.2921375036239624, 0.28933700919151306, 0.28988051414489746, 0.29049044847488403, 0.290593683719635, 0.28972288966178894, 0.2923937141895294, 0.2940065860748291, 0.2929149568080902, 0.29145851731300354, 0.2917573153972626, 0.29110267758369446, 0.2929442524909973, 0.2943885028362274, 0.2949604094028473, 0.2947881817817688, 0.292091965675354, 0.2939472198486328], "validation_losses": [0.1636936217546463, 0.1451486200094223, 0.13391299545764923, 0.12731337547302246, 0.12381050735712051, 0.12110868096351624, 0.11640718579292297, 0.11492053419351578, 0.11184307932853699, 0.10925817489624023, 0.11071585863828659, 0.10792937129735947, 0.10853907465934753, 0.10771698504686356, 0.10673683881759644, 0.10627807676792145, 0.1045536994934082, 0.10291222482919693, 0.1015046089887619, 0.10104411095380783, 0.10076425224542618, 0.10022128373384476, 0.09935672581195831, 0.09902745485305786, 0.09898770600557327, 0.0988042950630188, 0.09842082113027573, 0.09788481146097183, 0.09934556484222412, 0.09891220927238464, 0.09910678118467331, 0.09655430167913437, 0.09666825085878372, 0.09627340734004974, 0.09436668455600739, 0.09356115013360977, 0.09462591260671616, 0.09419132769107819, 0.09517887979745865, 0.09450405091047287, 0.09352080523967743, 0.0928068608045578, 0.09249432384967804, 0.09215829521417618, 0.0920317992568016, 0.0937967374920845, 0.09334161132574081, 0.09286101907491684, 0.09246395528316498, 0.09330561757087708, 0.09282389283180237, 0.093363456428051, 0.09307725727558136, 0.09196753054857254, 0.09301717579364777, 0.09340061247348785, 0.09187155961990356, 0.0910792276263237, 0.09089934825897217, 0.09194010496139526, 0.09215550869703293, 0.09158939123153687, 0.0921773761510849, 0.09129875153303146, 0.09242354333400726, 0.09246860444545746, 0.09308195859193802, 0.09325658529996872, 0.09317990392446518, 0.09244672954082489, 0.09111987799406052, 0.08960705250501633, 0.09103846549987793, 0.09103920310735703, 0.09232985973358154, 0.09262895584106445, 0.09273818880319595, 0.0929480567574501, 0.09121039509773254, 0.09263037145137787, 0.09017904847860336, 0.08958399295806885, 0.08981350809335709, 0.08923110365867615, 0.09067606925964355, 0.09033855050802231, 0.09082350134849548, 0.09095453470945358, 0.0915595069527626, 0.09200754016637802, 0.09041514247655869, 0.09062931686639786, 0.09135998785495758, 0.09119634330272675, 0.09221302717924118, 0.09226112067699432, 0.0923595279455185, 0.09231462329626083, 0.09220686554908752, 0.09245332330465317], "training_accs": [0.6300617614866512, 0.6775629272930365, 0.7027805041561329, 0.7217488839806471, 0.7281787539962407, 0.7372698675672558, 0.7412911805259368, 0.7435252432807595, 0.7489574855727179, 0.7508417988028041, 0.7548365404156409, 0.7615483771527698, 0.7643367248780023, 0.7657441844135408, 0.7697312255103426, 0.767914695083458, 0.772140543487812, 0.7744562682367927, 0.773901983266383, 0.7772153357389989, 0.7763070705255566, 0.7773347393927751, 0.7793858464089162, 0.7789767755175697, 0.782114872767539, 0.7856327606858281, 0.7833771182240138, 0.7836116948132702, 0.7852236897944818, 0.7846651741057761, 0.7867497920632394, 0.7823837212186745, 0.7837353291853423, 0.783620156249862, 0.7795144724198408, 0.7807208663074451, 0.7826568003881059, 0.7854709585386259, 0.7791131020445295, 0.786848376930581, 0.7837738317655174, 0.7848908631429289, 0.7862424711095967, 0.7869462008773658, 0.787270139976815, 0.7853342058961542, 0.787270139976815, 0.7864512372735657, 0.7869462008773658, 0.7847541105004572, 0.7848099620693277, 0.7838123343456923, 0.7860679768075066, 0.7842814875242053, 0.7874453951994617, 0.7877392931553279, 0.781526650740295, 0.785424329326904, 0.7861581002382563, 0.7843415698113717, 0.7863926768275128, 0.7868618300060256, 0.7887677229431032, 0.7875655597737948, 0.7875355186302114, 0.7863333554609032, 0.78679827792112, 0.7852163240834917, 0.786012886159193, 0.786713146129223, 0.7854293209657568, 0.7840226223507751, 0.7842271577964484, 0.7857197491238836, 0.7858984741442695, 0.7817962601119874, 0.7854293209657568, 0.7839367296383214, 0.7845252864706103, 0.7817962601119874, 0.7794554858582763, 0.7813613787953537, 0.7811268022060974, 0.7831779092222385, 0.7828539701227891, 0.7811268022060974, 0.7839710015002005, 0.7830585055684622, 0.7838515978464243, 0.7831478680786552, 0.7819121939680245, 0.7855787657631161, 0.7832037196475258, 0.785668128273309, 0.7818563423991539, 0.7809480771857116, 0.7798052353830128, 0.7817369387453779, 0.7810374396959046, 0.7820608778448271],