{"n_classes": 3, "train_acc": 0.902757967769039, "val_acc": 0.8079608057529754, "test_acc": 0.7731415664407089, "confusion_matrix": [270, 12, 31, 15, 166, 17, 18, 11, 47], "val_accs": [0.6136286719574495, 0.6560844335771793, 0.6756742143427875, 0.6854554205157678, 0.7001422490299231, 0.7202069720047768, 0.7090546747597086, 0.7347622986001386, 0.7279091795682064, 0.732310488713197, 0.7481067395067144, 0.7348420675305741, 0.7773428869143576, 0.7447017075891292, 0.756120346283936, 0.7531949292326096, 0.757757111283332, 0.7733374185706076, 0.7763970076304489, 0.7750265840807916, 0.7999942593070983, 0.7744201399527527, 0.7930607038223002, 0.7794579317351511, 0.7511649935216949, 0.7736030924979156, 0.7812201909514664, 0.7603424256563581, 0.7580992165289234, 0.7963302286865094, 0.761974517998741, 0.7598661484022516, 0.7577564437609015, 0.7511649935216949, 0.7859165450107036, 0.7972814481498615, 0.7438879977464442, 0.7504277149972932, 0.7823846838313385, 0.7574941074457455, 0.7729986509371681, 0.7951717435085114, 0.7725210386382009, 0.7906075588904976, 0.7404876384858721, 0.7815636312419189, 0.7857857106143409, 0.7853107684050954, 0.794697468821696, 0.7634797810793437, 0.79000311732975, 0.8012895865833332, 0.7646369312124811, 0.7754511283465403, 0.7878940802108304, 0.7679621941996305, 0.7802749791899882, 0.7863397542315916, 0.7959901260082093, 0.7768732848845553, 0.801975132119377, 0.79538301435774, 0.7872098697196472, 0.7993904852687813, 0.7856535411731173, 0.7683049669676526, 0.779062758456341, 0.7951710759860808, 0.7980984956046986, 0.7578892807245555, 0.7861291509047933, 0.7937482519256354, 0.7666702045355479, 0.7908214998294479, 0.7827281241217907, 0.7840187787410127, 0.8050333861343576, 0.7930613713447306, 0.8079608057529754, 0.7934061466800438, 0.7884991892940083, 0.7896603445617282, 0.7851008326007275, 0.784624555346621, 0.7940105882407914, 0.7930627063895915, 0.7896596770392977, 0.7741558010703055, 0.7958572890445552, 0.78428311762346, 0.7870763652335628, 0.7777680987025365, 0.7765318471613942, 0.7934041441127526, 0.7832010637637451, 0.7958572890445552, 0.7984432709400117, 0.7710988821001857, 0.7911636050750396, 0.7919015511218715], "train_accs": [0.6398382166454052, 0.696718038654785, 0.7202268418412618, 0.7463734994635333, 0.7594448807633523, 0.7727733793807491, 0.7669665391130764, 0.7932879091211488, 0.7760292868431985, 0.8038696683269086, 0.8110259521692137, 0.8005399219275553, 0.8005760387158528, 0.8121758483882449, 0.8214554327920794, 0.8219826859675883, 0.8324929096459074, 0.8324426928756782, 0.835633941434959, 0.8285363227433473, 0.8373813035767045, 0.8324547307868042, 0.8391897518930155, 0.8473041517321188, 0.8335808704226935, 0.8494041890800398, 0.8503744972614097, 0.842692887897934, 0.8553658969750627, 0.8526762173538104, 0.8640270556520376, 0.8733711477405149, 0.8578626645263289, 0.8699266768862896, 0.8730168473170526, 0.8680746638874229, 0.8571743452913735, 0.8545966300050335, 0.8721313818933899, 0.8645741169269604, 0.8690920896229738, 0.8792771186253887, 0.872642211820526, 0.8703312307390177, 0.8650714517462678, 0.8571168318454118, 0.877683525867357, 0.882923933614212, 0.8810065835200005, 0.8694503018711277, 0.8803121025119857, 0.8776277888572078, 0.8647202337367951, 0.8899471222419555, 0.8916688001462206, 0.8777119702247974, 0.8873076593909324, 0.8623887465067185, 0.8868480299181729, 0.8851915378907268, 0.8893800649900564, 0.8910173736491699, 0.8743429100636678, 0.8831218924115626, 0.8925204353889904, 0.8769739245342266, 0.8892394684201417, 0.8880380693096823, 0.8899471222419555, 0.883815899907022, 0.8984203957193304, 0.8935502213296967, 0.8965090561796528, 0.8932901758715751, 0.892967231144039, 0.901158837969029, 0.8962145558095568, 0.8942185445876758, 0.902757967769039, 0.9046837662437146, 0.8932604453929359, 0.9063326224993401, 0.8866825785214796, 0.8828228554856942, 0.8924469890092696, 0.9051718400739145, 0.8885773435942587, 0.8832728848732581, 0.8993440400020963, 0.9012204511172445, 0.9079723689843838, 0.892904654168654, 0.8967370845517308, 0.8968211147007944, 0.9078818379661725, 0.8947386355039195, 0.9055753934404368, 0.9056872065568231, 0.893484884234352, 0.8949169374203821], "val_losses": [0.15898805856704712, 0.15230563282966614, 0.1468871384859085, 0.1365232616662979, 0.11974812299013138, 0.12618327140808105, 0.11955976486206055, 0.1171046644449234, 0.13591764867305756, 0.11650148034095764, 0.12103245407342911, 0.12537866830825806, 0.12295987457036972, 0.13051339983940125, 0.10346360504627228, 0.10193772614002228, 0.10405638813972473, 0.11936834454536438, 0.11219051480293274, 0.0941648855805397, 0.10322646051645279, 0.10004129260778427, 0.10449866205453873, 0.0962877944111824, 0.1063607856631279, 0.09949545562267303, 0.10945187509059906, 0.093174047768116, 0.10354754328727722, 0.11178647726774216, 0.10350153595209122, 0.10165391862392426, 0.10113551467657089, 0.10565327852964401, 0.09634651988744736, 0.09744606167078018, 0.10439690202474594, 0.11720505356788635, 0.09656820446252823, 0.1059645339846611, 0.09844309836626053, 0.09827382117509842, 0.10535917431116104, 0.09903468191623688, 0.09995109587907791, 0.10470831394195557, 0.09466485679149628, 0.10191735625267029, 0.09741657227277756, 0.10136782377958298, 0.10178545117378235, 0.08751167356967926, 0.11859476566314697, 0.09479731321334839, 0.10092663019895554, 0.09047122299671173, 0.09295201301574707, 0.10562126338481903, 0.09424146264791489, 0.09141917526721954, 0.0922887846827507, 0.1013355404138565, 0.08814884722232819, 0.09463070333003998, 0.10212630033493042, 0.09017902612686157, 0.10343000292778015, 0.09769880026578903, 0.09535985440015793, 0.08578521013259888, 0.09399446099996567, 0.10016044229269028, 0.09308452159166336, 0.09619954228401184, 0.09528569877147675, 0.09196002036333084, 0.08794204145669937, 0.09993574768304825, 0.08802350610494614, 0.09218841791152954, 0.09219399839639664, 0.09619944542646408, 0.08884640783071518, 0.09380759298801422, 0.09544624388217926, 0.09029683470726013, 0.10120448470115662, 0.10894554108381271, 0.10078413039445877, 0.08375653624534607, 0.097030870616436, 0.11364828050136566, 0.08819280564785004, 0.10144827514886856, 0.09792924672365189, 0.10615883767604828, 0.09404171258211136, 0.10287608206272125, 0.10581253468990326, 0.0922352597117424],