{"training_acc": 0.6106437568234447, "validation_acc": 0.6367256085381291, "classes": ["aerobe", "anaerobe", "facultative"], "confusion_matrix": [279, 23, 37, 12, 220, 11, 41, 22, 14], "f1_score": 0.7707038141636494, "training_losses": [0.521351158618927, 0.5015747547149658, 0.49514904618263245, 0.4920375943183899, 0.49019789695739746, 0.4889635145664215, 0.48805859684944153, 0.48735177516937256, 0.4867757260799408, 0.4862927496433258, 0.4858783185482025, 0.4855182468891144, 0.4852014482021332, 0.48492276668548584, 0.4846760034561157, 0.4844553768634796, 0.4842575192451477, 0.4840799868106842, 0.4839218556880951, 0.48378226161003113, 0.48366010189056396, 0.4835536777973175, 0.4834631085395813, 0.48338812589645386, 0.4833272695541382, 0.483279824256897, 0.4832422435283661, 0.4832149147987366, 0.4831949472427368, 0.4831826388835907, 0.4831799864768982, 0.4831869304180145, 0.4832063615322113, 0.48323750495910645, 0.4832746088504791, 0.48331883549690247, 0.4833708107471466, 0.48342934250831604, 0.4834924638271332, 0.48355987668037415, 0.48362964391708374, 0.48370102047920227, 0.4837765395641327, 0.48385605216026306, 0.48394152522087097, 0.48402756452560425, 0.48411330580711365, 0.4841979444026947, 0.4842839539051056, 0.48436981439590454, 0.48445507884025574, 0.48453909158706665, 0.4846198558807373, 0.4847002327442169, 0.4847780764102936, 0.48485884070396423, 0.484939843416214, 0.48501962423324585, 0.4851016104221344, 0.48518136143684387, 0.48526260256767273, 0.48534390330314636, 0.48542430996894836, 0.4855051040649414, 0.48558586835861206, 0.4856656491756439, 0.4857437312602997, 0.48581936955451965, 0.4858928620815277, 0.48596394062042236, 0.48603323101997375, 0.48610028624534607, 0.48616552352905273, 0.4862295687198639, 0.48629263043403625, 0.48635512590408325, 0.48641782999038696, 0.4864749610424042, 0.486530065536499, 0.48658302426338196, 0.48663485050201416, 0.48668739199638367, 0.48673591017723083, 0.486786812543869, 0.48683643341064453, 0.48688632249832153, 0.4869348108768463, 0.48698192834854126, 0.4870290160179138, 0.4870746433734894, 0.4871208071708679, 0.487164705991745, 0.48720699548721313, 0.48724186420440674, 0.48726752400398254, 0.4872938394546509, 0.4873221218585968, 0.48735183477401733, 0.4873843789100647, 0.4874146580696106], "validation_losses": [0.1388198435306549, 0.13249462842941284, 0.1307172328233719, 0.12993687391281128, 0.12953080236911774, 0.12930616736412048, 0.12918490171432495, 0.1291283220052719, 0.12911440432071686, 0.1291293501853943, 0.1291642189025879, 0.129214346408844, 0.12927600741386414, 0.12934470176696777, 0.12941989302635193, 0.12949740886688232, 0.1295773833990097, 0.12965886294841766, 0.12974250316619873, 0.12982705235481262, 0.12991103529930115, 0.129994735121727, 0.1300782710313797, 0.1301613301038742, 0.13024437427520752, 0.13032519817352295, 0.13040518760681152, 0.1304841786623001, 0.1305619478225708, 0.13063935935497284, 0.13071498274803162, 0.13079175353050232, 0.13086651265621185, 0.13094079494476318, 0.13101619482040405, 0.13109000027179718, 0.13116280734539032, 0.13123351335525513, 0.13130326569080353, 0.13137157261371613, 0.13143905997276306, 0.1315043419599533, 0.13156834244728088, 0.1316317766904831, 0.13169386982917786, 0.13175301253795624, 0.1318097561597824, 0.1318667232990265, 0.1319197118282318, 0.13197223842144012, 0.13202235102653503, 0.13207568228244781, 0.13212236762046814, 0.13216593861579895, 0.1322072595357895, 0.13224811851978302, 0.1322876214981079, 0.13232441246509552, 0.13235779106616974, 0.13238845765590668, 0.13241998851299286, 0.13245026767253876, 0.13247933983802795, 0.13250887393951416, 0.13253693282604218, 0.13256162405014038, 0.13258452713489532, 0.13260571658611298, 0.13262692093849182, 0.13264839351177216, 0.13266703486442566, 0.1326831877231598, 0.1326969712972641, 0.1327141970396042, 0.132728710770607, 0.13274291157722473, 0.1327560842037201, 0.13276822865009308, 0.13277719914913177, 0.13279323279857635, 0.13280527293682098, 0.13281898200511932, 0.13281084597110748, 0.132835254073143, 0.13284853100776672, 0.13286112248897552, 0.13287115097045898, 0.13287174701690674, 0.13288548588752747, 0.1328928917646408, 0.13290633261203766, 0.132912278175354, 0.13291588425636292, 0.13291426002979279, 0.13290925323963165, 0.13291271030902863, 0.13292039930820465, 0.1329265981912613, 0.13293717801570892, 0.13294129073619843], "training_accs": [0.6058625194983637, 0.613864286545433, 0.6099677786405798, 0.6104215907196533, 0.6113482954534414, 0.613584757882056, 0.6128800984193985, 0.6140921183584377, 0.6153041382974768, 0.6148809054253453, 0.6145534660016388, 0.6145534660016388, 0.6147870562842831, 0.6147870562842831, 0.6139005314615881, 0.6141341217442323, 0.6141341217442323, 0.6141341217442323, 0.6146013023095208, 0.6148348925921651, 0.6148348925921651, 0.6153020731574536, 0.6153020731574536, 0.6144155483347585, 0.6144155483347585, 0.6144155483347585, 0.6144155483347585, 0.6144155483347585, 0.6144155483347585, 0.6144155483347585, 0.6144155483347585, 0.6144155483347585, 0.6144155483347585, 0.6144155483347585, 0.6144155483347585, 0.6144155483347585, 0.6144155483347585, 0.614742987758465, 0.614742987758465, 0.6150704271821716, 0.61483878120689, 0.6151662206305964, 0.6142796958079014, 0.614607135231608, 0.614607135231608, 0.614607135231608, 0.613720610408913, 0.613720610408913, 0.613720610408913, 0.613720610408913, 0.613720610408913, 0.613720610408913, 0.613720610408913, 0.613720610408913, 0.612834085586218, 0.612834085586218, 0.612834085586218, 0.612834085586218, 0.612834085586218, 0.6131615250099247, 0.6131615250099247, 0.6131615250099247, 0.6131615250099247, 0.6131615250099247, 0.6131615250099247, 0.6131615250099247, 0.6131615250099247, 0.6131615250099247, 0.6122750001872296, 0.6122750001872296, 0.6122750001872296, 0.6122750001872296, 0.6122750001872296, 0.6122750001872296, 0.6122750001872296, 0.6129298790346428, 0.6129298790346428, 0.6132573184583494, 0.613584757882056, 0.613584757882056, 0.613584757882056, 0.612698233059361, 0.612698233059361, 0.613584757882056, 0.613584757882056, 0.613584757882056, 0.6133511675994118, 0.6133511675994118, 0.6131175773167675, 0.6122310524940725, 0.6122310524940725, 0.6122310524940725, 0.6122310524940725, 0.6122310524940725, 0.611763871928784, 0.6115302816461398, 0.6115302816461398, 0.6106437568234447, 0.6106437568234447, 0.6106437568234447],