{"training_acc": 0.5361867232911696, "validation_acc": 0.5393376443766917, "classes": ["aerobe", "anaerobe", "facultative"], "confusion_matrix": [296, 40, 1, 73, 161, 2, 54, 28, 5], "f1_score": 0.6592224451647202, "n_iter": 162, "converged": true, "C": 100, "penalty": "l2", "max_iter": 100000, "feature_type": "cds_2mer", "model_class": "logistic", "binary": 0}