{"n_classes": 3, "train_acc": 0.4037914058662615, "val_acc": 0.40202139142380533, "test_acc": 0.40439539161583893, "confusion_matrix": [209, 103, 1, 87, 108, 3, 37, 39, 0], "val_accs": null, "train_accs": null, "val_losses": null, "train_losses": null}