{"training_acc": 0.8773778131657789, "validation_acc": 0.7958772901936096, "classes": ["aerobe", "anaerobe", "facultative"], "confusion_matrix": [285, 13, 39, 17, 193, 26, 14, 10, 63], "f1_score": 0.8283200909482383, "training_losses": [0.4706464409828186, 0.4236057996749878, 0.3924783766269684, 0.3703038990497589, 0.35335350036621094, 0.34092769026756287, 0.3309861421585083, 0.32306602597236633, 0.3162742555141449, 0.31002190709114075, 0.30444997549057007, 0.2997942864894867, 0.29499581456184387, 0.2907108664512634, 0.28688618540763855, 0.28299808502197266, 0.2788223624229431, 0.2750203311443329, 0.2725309133529663, 0.2699447572231293, 0.26734110713005066, 0.26608550548553467, 0.26150229573249817, 0.25890085101127625, 0.2560969591140747, 0.25403717160224915, 0.25195255875587463, 0.2500975430011749, 0.24793970584869385, 0.24574576318264008, 0.24507281184196472, 0.2431955486536026, 0.24150259792804718, 0.24041113257408142, 0.2385917752981186, 0.2377089262008667, 0.23715148866176605, 0.2357167899608612, 0.23457936942577362, 0.23340730369091034, 0.23241502046585083, 0.2308584600687027, 0.2308100014925003, 0.2294681966304779, 0.23102831840515137, 0.22714515030384064, 0.22564156353473663, 0.2247626781463623, 0.22395922243595123, 0.2234700471162796, 0.22219496965408325, 0.2216513752937317, 0.22078876197338104, 0.2205490916967392, 0.2192331701517105, 0.21788419783115387, 0.21745085716247559, 0.21718718111515045, 0.2163524329662323, 0.2158464789390564, 0.21487441658973694, 0.21443615853786469, 0.21411874890327454, 0.21371209621429443, 0.21425242722034454, 0.2126193642616272, 0.2122977375984192, 0.21552763879299164, 0.2125450074672699, 0.21087780594825745, 0.21005813777446747, 0.20992161333560944, 0.20944081246852875, 0.2090655416250229, 0.20911788940429688, 0.20858383178710938, 0.2080334722995758, 0.2076241672039032, 0.20753493905067444, 0.20844870805740356, 0.20646098256111145, 0.20662538707256317, 0.20620548725128174, 0.20558691024780273, 0.20519258081912994, 0.2051147073507309, 0.20484444499015808, 0.20413674414157867, 0.2039753645658493, 0.20357398688793182, 0.2036077082157135, 0.20282523334026337, 0.202824667096138, 0.20196127891540527, 0.2026580274105072, 0.20218300819396973, 0.20147345960140228, 0.2029246985912323, 0.20174600183963776, 0.2027580440044403], "validation_losses": [0.14285145699977875, 0.13056257367134094, 0.12278343737125397, 0.11745251715183258, 0.11319731175899506, 0.11008471995592117, 0.10777009278535843, 0.10568444430828094, 0.10401914268732071, 0.10305145382881165, 0.10270360112190247, 0.10175588726997375, 0.10077966004610062, 0.10007943958044052, 0.09950409829616547, 0.09887748211622238, 0.098239965736866, 0.09769012033939362, 0.09735873341560364, 0.0968986228108406, 0.09644211828708649, 0.09641172736883163, 0.0949140340089798, 0.0942654013633728, 0.09381091594696045, 0.09346123784780502, 0.09448780119419098, 0.09433189779520035, 0.09402023255825043, 0.09255789965391159, 0.09326855093240738, 0.09319822490215302, 0.09297741204500198, 0.0925004705786705, 0.09130998700857162, 0.09196759760379791, 0.09174249321222305, 0.09177811443805695, 0.09151936322450638, 0.09148012846708298, 0.09131623804569244, 0.09120264649391174, 0.0910537987947464, 0.09086915105581284, 0.09259720891714096, 0.0906500592827797, 0.0910072848200798, 0.09052344411611557, 0.09063554555177689, 0.09066122770309448, 0.09045863151550293, 0.09076003730297089, 0.0907769724726677, 0.09082736819982529, 0.09077653288841248, 0.0903240367770195, 0.0899595394730568, 0.0899447351694107, 0.08977772295475006, 0.08983123302459717, 0.08965824544429779, 0.08966275304555893, 0.09011814743280411, 0.09038866311311722, 0.0909370556473732, 0.09025546908378601, 0.09011118113994598, 0.09003905206918716, 0.08977620303630829, 0.08983202278614044, 0.0895436704158783, 0.08966804295778275, 0.08950576186180115, 0.08949059247970581, 0.08946190029382706, 0.08928597718477249, 0.08934599161148071, 0.08917548507452011, 0.08893382549285889, 0.08981914818286896, 0.0889832004904747, 0.088997483253479, 0.0888645276427269, 0.08878754079341888, 0.08886583149433136, 0.08882659673690796, 0.08908196538686752, 0.08905049413442612, 0.08894030004739761, 0.08903884142637253, 0.0889003574848175, 0.08910780400037766, 0.08914866298437119, 0.08939725160598755, 0.08944573253393173, 0.08909668028354645, 0.0886593610048294, 0.08956600725650787, 0.08867187798023224, 0.08950253576040268], "training_accs": [0.6507884338867492, 0.6972856988129911, 0.7257588090926662, 0.7511931483797293, 0.7663447506912355, 0.7775986744161328, 0.7867769423903493, 0.7935194511164352, 0.8067889483048467, 0.8125031573183402, 0.8145542643344813, 0.8159071339918968, 0.8194502014900994, 0.8182419150663737, 0.8194992989591787, 0.8220195591538326, 0.825423535827389, 0.8264518355399814, 0.8279492884310864, 0.8297958600015543, 0.8341026094795095, 0.837441141532039, 0.8384694412446313, 0.8398468596365865, 0.8400814362258426, 0.8401959783159492, 0.8423671198312402, 0.8426016964204965, 0.8446528034366376, 0.8456811031492298, 0.84873046873438, 0.8488750519680696, 0.8506015890393875, 0.8494341985021491, 0.8499033516806619, 0.8511361868389273, 0.8504324570711582, 0.8536264058899979, 0.856056672729085, 0.8579932376551197, 0.8608626165291363, 0.8605380465843132, 0.8610971931183928, 0.8612172276175426, 0.8603335111386401, 0.8629192159543209, 0.8631537925435774, 0.862125492830985, 0.8629437646888606, 0.8632683346336837, 0.8640866064915592, 0.8655540182390812, 0.8661377135077005, 0.8669314366310363, 0.8666068666862131, 0.8669314366310363, 0.8676351663988054, 0.8661677546512836, 0.8664622834525235, 0.8669614777746196, 0.8671960543638759, 0.8676351663988054, 0.8669314366310363, 0.866023171417594, 0.8672206030984156, 0.8668414432754696, 0.8679842850781684, 0.8671059309331262, 0.8700462468372133, 0.8690725370027441, 0.8703354133045927, 0.8693071135920004, 0.870190830070903, 0.8698662601260799, 0.8704499553946992, 0.871917367142221, 0.8730056190667969, 0.8735647656008761, 0.8742684953686455, 0.8710144642626392, 0.8743038988460893, 0.8710499978152658, 0.8767341656851763, 0.8747976007591417, 0.8759404425618404, 0.8737502447210531, 0.8731011048314071, 0.8741239121349557, 0.8744484820797789, 0.875825900471734, 0.8759158938273007, 0.8756813172380443, 0.8754221919142483, 0.8753321985586814, 0.8746585099344956, 0.8764504916268404, 0.8772141736065932, 0.8742439466341057, 0.8757768030026546, 0.8773778131657789],