{"training_acc": 0.9098423125963299, "validation_acc": 0.810893344488887, "classes": ["aerobe", "anaerobe", "facultative"], "confusion_matrix": [287, 15, 37, 12, 215, 16, 20, 3, 54], "f1_score": 0.8504337832350853, "training_losses": [0.3906572461128235, 0.3357985019683838, 0.3143467903137207, 0.3005533814430237, 0.2897244095802307, 0.2810523211956024, 0.27388909459114075, 0.26734599471092224, 0.26165446639060974, 0.25672873854637146, 0.2519870400428772, 0.24745947122573853, 0.2436145544052124, 0.24019163846969604, 0.23700815439224243, 0.23389562964439392, 0.23068104684352875, 0.22810064256191254, 0.22545479238033295, 0.22307275235652924, 0.22078533470630646, 0.21843482553958893, 0.2163427770137787, 0.21421290934085846, 0.21230995655059814, 0.21047775447368622, 0.20849637687206268, 0.20639555156230927, 0.20482608675956726, 0.20313584804534912, 0.20185576379299164, 0.19999952614307404, 0.1986168920993805, 0.19714057445526123, 0.19561529159545898, 0.19424544274806976, 0.19306562840938568, 0.19127757847309113, 0.19052118062973022, 0.18913623690605164, 0.1875484585762024, 0.18680024147033691, 0.18555410206317902, 0.18493957817554474, 0.18380418419837952, 0.18283452093601227, 0.18184271454811096, 0.18117433786392212, 0.18021699786186218, 0.17928041517734528, 0.17850132286548615, 0.1774628609418869, 0.17711803317070007, 0.1760059893131256, 0.17526932060718536, 0.17502576112747192, 0.17394590377807617, 0.17318624258041382, 0.17280760407447815, 0.17171582579612732, 0.17153199017047882, 0.17103683948516846, 0.17017975449562073, 0.16999143362045288, 0.16968907415866852, 0.16838940978050232, 0.16799016296863556, 0.1680040806531906, 0.16736851632595062, 0.16660398244857788, 0.16615483164787292, 0.1655648648738861, 0.16501207649707794, 0.16495569050312042, 0.16445697844028473, 0.16395238041877747, 0.1638193577528, 0.16348083317279816, 0.16295315325260162, 0.1624424010515213, 0.16245849430561066, 0.1622360795736313, 0.16175751388072968, 0.16105437278747559, 0.16110974550247192, 0.1603608876466751, 0.16003376245498657, 0.16018618643283844, 0.15989439189434052, 0.1592101752758026, 0.15899501740932465, 0.15844719111919403, 0.15872429311275482, 0.15772531926631927, 0.1579507738351822, 0.157828226685524, 0.1571466028690338, 0.15723346173763275, 0.15731236338615417, 0.15657584369182587], "validation_losses": [0.13015912473201752, 0.11667553335428238, 0.11030382663011551, 0.10658740997314453, 0.10358419269323349, 0.1013663113117218, 0.09946759045124054, 0.09779926389455795, 0.09647192060947418, 0.09515466541051865, 0.0940159261226654, 0.09297974407672882, 0.09219163656234741, 0.09138137102127075, 0.09085629135370255, 0.09027505666017532, 0.0897086039185524, 0.08901336789131165, 0.08859609812498093, 0.0882883071899414, 0.08776263892650604, 0.0872216448187828, 0.08689193427562714, 0.08661951124668121, 0.08632665872573853, 0.08611701428890228, 0.08566664159297943, 0.08526034653186798, 0.08501718938350677, 0.08474025875329971, 0.08453729003667831, 0.08439085632562637, 0.08405762165784836, 0.08387413620948792, 0.08366694301366806, 0.08339518308639526, 0.08341396600008011, 0.0829218253493309, 0.08290689438581467, 0.08274298906326294, 0.08244449645280838, 0.0824684128165245, 0.08218565583229065, 0.08221588283777237, 0.08185996860265732, 0.08192326873540878, 0.08157087862491608, 0.08156946301460266, 0.08146228641271591, 0.08121687918901443, 0.08143025636672974, 0.08097802102565765, 0.0811506062746048, 0.080901600420475, 0.0806238204240799, 0.08082679659128189, 0.08070871978998184, 0.08057928085327148, 0.08051935583353043, 0.08046239614486694, 0.08057226985692978, 0.0803113654255867, 0.08026235550642014, 0.08025502413511276, 0.08027283847332001, 0.08002030104398727, 0.08010581880807877, 0.08011467009782791, 0.07984720915555954, 0.07991223782300949, 0.07991933077573776, 0.0797201544046402, 0.07957716286182404, 0.07980002462863922, 0.07964423298835754, 0.07963581383228302, 0.07954293489456177, 0.0795971229672432, 0.07949671894311905, 0.07931221276521683, 0.07959152013063431, 0.07934677600860596, 0.07928421348333359, 0.07933568954467773, 0.07945018261671066, 0.07915662974119186, 0.07906598597764969, 0.07936272770166397, 0.07927095144987106, 0.07932824641466141, 0.07918903231620789, 0.07916364818811417, 0.07929622381925583, 0.07893838733434677, 0.07894584536552429, 0.07901696860790253, 0.07893428951501846, 0.07909698039293289, 0.07899709790945053, 0.07891369611024857], "training_accs": [0.7076949035947232, 0.7592922232499753, 0.7721401721260523, 0.7809271256708398, 0.7894824332403454, 0.7985470455935951, 0.8087738972706396, 0.8183937064081529, 0.8211051266315058, 0.8226484746089765, 0.828113197608816, 0.8303075358189749, 0.8317550903480208, 0.8338555794171175, 0.8378268558873915, 0.8403504569959587, 0.8452560945968096, 0.8469391837158623, 0.8497404436328916, 0.8522622212667573, 0.8561835962891259, 0.8582860296655852, 0.8611351258904966, 0.8634692052422374, 0.8641699760901701, 0.8653839403365717, 0.8676261148546128, 0.8686084331257327, 0.8714096930427621, 0.8718290373001686, 0.8738835135360848, 0.8759840026051814, 0.8775712982758094, 0.8792524430874994, 0.8793482365359241, 0.8811691224891961, 0.8803745025002011, 0.8816823158876651, 0.8842039726888697, 0.8848569072289206, 0.8863044617579665, 0.8854179369352715, 0.88588511750056, 0.8865380520406108, 0.8861187077832042, 0.8898983973566286, 0.8899003416639911, 0.8896667513813469, 0.8923741621573137, 0.8912540470519744, 0.8927935064147204, 0.8921405718746694, 0.8955009171906875, 0.8962955371796825, 0.8958761929222758, 0.8965769637702087, 0.8972298983102593, 0.8986774528393053, 0.8986793971466677, 0.8989110431219496, 0.9000331025346514, 0.9005941322410022, 0.9021355359111105, 0.9010613128062906, 0.9017142473463414, 0.9026027164763989, 0.9023691261937546, 0.9030698970416874, 0.9030698970416874, 0.9019478376289857, 0.9031637461827499, 0.9030679527343249, 0.9040502710054449, 0.9040502710054449, 0.9040502710054449, 0.9049387401355022, 0.9048448909944399, 0.9057314158171349, 0.9051703861107842, 0.9052182224186661, 0.9061047472413611, 0.9064321866650676, 0.9057792521250169, 0.9069912720640562, 0.9064321866650676, 0.9072248623467004, 0.9076920429119889, 0.9064780786655872, 0.9073665477956446, 0.9080194823356954, 0.9071329575130004, 0.9082530726183397, 0.9071788495135199, 0.909281282889979, 0.9088160466320531, 0.9090935846078544, 0.9086264040425659, 0.9086264040425659, 0.9087680894915101, 0.9098423125963299],