{"n_classes": 3, "train_acc": 0.6105679592636114, "val_acc": 0.609802371541502, "test_acc": 0.6225572885578595, "confusion_matrix": [317, 24, 0, 14, 212, 0, 57, 35, 0], "val_accs": null, "train_accs": null, "val_losses": null, "train_losses": null}