{"training_acc": 0.6106437568234447, "validation_acc": 0.6367256085381291, "classes": ["aerobe", "anaerobe", "facultative"], "confusion_matrix": [279, 23, 37, 12, 220, 11, 41, 22, 14], "f1_score": 0.7707038141636494, "training_losses": [0.5213512182235718, 0.5015747547149658, 0.49514904618263245, 0.4920375943183899, 0.49019789695739746, 0.4889635145664215, 0.48805859684944153, 0.4873517155647278, 0.4867757260799408, 0.4862927496433258, 0.4858783185482025, 0.4855182468891144, 0.4852014482021332, 0.48492276668548584, 0.4846760034561157, 0.4844553768634796, 0.4842575192451477, 0.4840799868106842, 0.4839218556880951, 0.48378226161003113, 0.48366010189056396, 0.48355361819267273, 0.4834631085395813, 0.48338812589645386, 0.4833272695541382, 0.483279824256897, 0.4832422435283661, 0.4832149147987366, 0.4831950068473816, 0.4831826686859131, 0.4831799864768982, 0.4831869304180145, 0.4832063615322113, 0.48323753476142883, 0.48327457904815674, 0.48331883549690247, 0.4833708107471466, 0.48342934250831604, 0.4834924638271332, 0.48355981707572937, 0.48362961411476135, 0.48370102047920227, 0.4837765097618103, 0.48385605216026306, 0.48394152522087097, 0.48402756452560425, 0.48411330580711365, 0.4841979444026947, 0.4842839539051056, 0.48436981439590454, 0.48445507884025574, 0.48453909158706665, 0.4846198558807373, 0.4847002327442169, 0.4847780764102936, 0.484858900308609, 0.484939843416214, 0.48501962423324585, 0.4851016104221344, 0.48518136143684387, 0.48526260256767273, 0.48534390330314636, 0.4854242503643036, 0.48550504446029663, 0.48558586835861206, 0.4856656491756439, 0.4857437312602997, 0.48581936955451965, 0.4858928620815277, 0.4859640598297119, 0.48603323101997375, 0.48610028624534607, 0.48616552352905273, 0.4862293004989624, 0.48629263043403625, 0.4863550662994385, 0.4864177703857422, 0.48647502064704895, 0.486530065536499, 0.4865826666355133, 0.4866349399089813, 0.4866872727870941, 0.48673591017723083, 0.4867871403694153, 0.486836314201355, 0.48688632249832153, 0.4869348704814911, 0.48698192834854126, 0.4870285093784332, 0.48707500100135803, 0.4871197044849396, 0.4871641993522644, 0.48720672726631165, 0.48724180459976196, 0.4872676432132721, 0.4872937798500061, 0.48732224106788635, 0.4873519539833069, 0.48738420009613037, 0.48741453886032104], "validation_losses": [0.1388198584318161, 0.13249462842941284, 0.1307172179222107, 0.12993688881397247, 0.12953080236911774, 0.1293061524629593, 0.12918490171432495, 0.1291283220052719, 0.12911440432071686, 0.1291293501853943, 0.1291642189025879, 0.129214346408844, 0.12927600741386414, 0.12934470176696777, 0.12941990792751312, 0.12949739396572113, 0.1295773833990097, 0.12965887784957886, 0.12974248826503754, 0.12982705235481262, 0.12991103529930115, 0.129994735121727, 0.1300782710313797, 0.1301613301038742, 0.13024437427520752, 0.13032519817352295, 0.13040517270565033, 0.1304841786623001, 0.1305619478225708, 0.13063934445381165, 0.13071498274803162, 0.13079175353050232, 0.13086651265621185, 0.13094080984592438, 0.13101619482040405, 0.13109000027179718, 0.13116280734539032, 0.13123351335525513, 0.13130326569080353, 0.13137157261371613, 0.13143905997276306, 0.1315043419599533, 0.13156834244728088, 0.1316317617893219, 0.13169386982917786, 0.13175302743911743, 0.13180974125862122, 0.1318667232990265, 0.1319197118282318, 0.13197225332260132, 0.13202208280563354, 0.1320757120847702, 0.13212235271930695, 0.13216593861579895, 0.1322072446346283, 0.13224811851978302, 0.13228760659694672, 0.13232439756393433, 0.13235779106616974, 0.13238845765590668, 0.13241998851299286, 0.13245020806789398, 0.13247881829738617, 0.13250865042209625, 0.13253679871559143, 0.1325615495443344, 0.13258445262908936, 0.132605642080307, 0.13262690603733063, 0.13264873623847961, 0.13266713917255402, 0.13268326222896576, 0.1326969712972641, 0.13270977139472961, 0.13272899389266968, 0.1327430009841919, 0.13275624811649323, 0.132768452167511, 0.13277728855609894, 0.13279253244400024, 0.13280612230300903, 0.13281652331352234, 0.13281141221523285, 0.13283637166023254, 0.1328476220369339, 0.13286049664020538, 0.13287092745304108, 0.1328715682029724, 0.1328774094581604, 0.13289551436901093, 0.1328924000263214, 0.13290932774543762, 0.1329144984483719, 0.1329147070646286, 0.1329096555709839, 0.132912740111351, 0.13292096555233002, 0.1329280436038971, 0.13293670117855072, 0.13294105231761932], "training_accs": [0.6058625194983637, 0.613864286545433, 0.6099677786405798, 0.6104215907196533, 0.6113482954534414, 0.613584757882056, 0.6128800984193985, 0.6140921183584377, 0.6153041382974768, 0.6148809054253453, 0.6145534660016388, 0.6145534660016388, 0.6147870562842831, 0.6147870562842831, 0.6139005314615881, 0.6141341217442323, 0.6141341217442323, 0.6141341217442323, 0.6146013023095208, 0.6148348925921651, 0.6148348925921651, 0.6153020731574536, 0.6153020731574536, 0.6144155483347585, 0.6144155483347585, 0.6144155483347585, 0.6144155483347585, 0.6144155483347585, 0.6144155483347585, 0.6144155483347585, 0.6144155483347585, 0.6144155483347585, 0.6144155483347585, 0.6144155483347585, 0.6144155483347585, 0.6144155483347585, 0.6144155483347585, 0.614742987758465, 0.614742987758465, 0.6150704271821716, 0.61483878120689, 0.6151662206305964, 0.6142796958079014, 0.614607135231608, 0.614607135231608, 0.614607135231608, 0.613720610408913, 0.613720610408913, 0.613720610408913, 0.613720610408913, 0.613720610408913, 0.613720610408913, 0.613720610408913, 0.613720610408913, 0.612834085586218, 0.612834085586218, 0.612834085586218, 0.612834085586218, 0.612834085586218, 0.6131615250099247, 0.6131615250099247, 0.6131615250099247, 0.6131615250099247, 0.6131615250099247, 0.6131615250099247, 0.6131615250099247, 0.6131615250099247, 0.6131615250099247, 0.6122750001872296, 0.6122750001872296, 0.6122750001872296, 0.6122750001872296, 0.6122750001872296, 0.6122750001872296, 0.6122750001872296, 0.6129298790346428, 0.6129298790346428, 0.6132573184583494, 0.613584757882056, 0.613584757882056, 0.613584757882056, 0.612698233059361, 0.612698233059361, 0.613584757882056, 0.613584757882056, 0.613584757882056, 0.6133511675994118, 0.6133511675994118, 0.6131175773167675, 0.6122310524940725, 0.6122310524940725, 0.6122310524940725, 0.6122310524940725, 0.6122310524940725, 0.611763871928784, 0.6115302816461398, 0.6115302816461398, 0.6106437568234447, 0.6106437568234447, 0.6106437568234447],