{"n_classes": 3, "train_acc": 0.6729991242003424, "val_acc": 0.6504899280878086, "test_acc": 0.6501185556591643, "confusion_matrix": [195, 38, 80, 22, 156, 20, 18, 17, 41], "val_accs": [0.5421173277475057, 0.5719939629271392, 0.5643721918165755, 0.5719926278822784, 0.5749200475008961, 0.579140124306027, 0.5964900335563526, 0.5893438721774649, 0.5830154257758446, 0.5902924215510952, 0.605533293682501, 0.606825950869014, 0.6026058740638832, 0.6016579922126833, 0.6026072091087441, 0.6043728059372114, 0.6060082358917466, 0.597095810161961, 0.6060075683693161, 0.6013152194446615, 0.6111748595032164, 0.6111755270256469, 0.6144457194122865, 0.6115189673160993, 0.6030808162731288, 0.6064825105785617, 0.6255993517022156, 0.6234896470608654, 0.6200879527554325, 0.6260736263890307, 0.6273656160531135, 0.6294753206944635, 0.6302923681493008, 0.6286576057171961, 0.6234896470608654, 0.6299495953812788, 0.6239645892701109, 0.6333506221642813, 0.6333506221642813, 0.632059300022629, 0.6302930356717312, 0.6330078493962593, 0.6315850253358138, 0.6315856928582443, 0.6294753206944635, 0.6354603268056315, 0.6325335747094442, 0.6346432793507943, 0.6359352690148771, 0.6359352690148771, 0.6364095437016922, 0.6380449736562273, 0.6359359365373075, 0.6364095437016922, 0.6398112380071251, 0.6427386576257429, 0.6411032276712078, 0.637701533365775, 0.6440306472898255, 0.6440306472898255, 0.6389935230298577, 0.6372272586789597, 0.6440306472898255, 0.6448483622670931, 0.6373580930753225, 0.6347741137471572, 0.6402855126939403, 0.6445049219766407, 0.6360661034112399, 0.6389935230298577, 0.6428694920221057, 0.6436872069993732, 0.6411032276712078, 0.641577502358023, 0.6479066162820736, 0.6479066162820736, 0.641577502358023, 0.6504899280878086, 0.6470889013048061, 0.6394677977166728, 0.6436872069993732, 0.6457969116407234, 0.6445049219766407, 0.6445049219766407, 0.6394677977166728, 0.6504899280878086, 0.6394677977166728, 0.6462711863275385, 0.6436872069993732, 0.6483802234464584, 0.6436872069993732, 0.646614626617991, 0.6483808909688887, 0.6500163209234239, 0.6381758080525901, 0.6449791966634558, 0.6479066162820736, 0.6496728806329715, 0.6491986059461563, 0.6457969116407234], "train_accs": [0.5480885451371033, 0.5812177212409896, 0.5852167379234327, 0.5968227460279208, 0.5985338401628431, 0.6049699755617115, 0.6078678586535695, 0.6080237267671255, 0.6107468974731827, 0.6137754547557303, 0.6210554384070218, 0.620929639868193, 0.6239481235529896, 0.6269490490867402, 0.623039750813865, 0.6257352897711252, 0.6285013637696206, 0.6292142155373247, 0.6310057670927073, 0.6308455136419043, 0.6331418845698892, 0.6302231928924115, 0.6422226807656711, 0.6427383863446677, 0.6412000570842298, 0.6411740505527197, 0.6481999993004234, 0.6495259108285127, 0.6539709106573608, 0.650175050718159, 0.6524470403319206, 0.6519597791103643, 0.6539148345511236, 0.65075365556657, 0.6549514436550073, 0.652475484689361, 0.6574859165528212, 0.654620050547007, 0.6602427295622091, 0.6560173097249749, 0.6561231122868275, 0.6559828548130008, 0.6578096738890009, 0.6565920027486946, 0.6589813425208211, 0.6591347728084468, 0.6621280625703768, 0.6614160234113161, 0.6609572065472, 0.6609295747984031, 0.6647246221289617, 0.6576830627415285, 0.6615442597760753, 0.6605336572037016, 0.6606334492110204, 0.6653830230077155, 0.6680701135845116, 0.665175803221257, 0.6635966693982231, 0.6682043605038045, 0.666933712473309, 0.6611207104325767, 0.6614168360199596, 0.664895761786159, 0.6707924716819252, 0.6645635560695152, 0.666349097070364, 0.6697566751866849, 0.6673848935656044, 0.6644653892794833, 0.6697214076660675, 0.6707648399331284, 0.6651774284385439, 0.6703128462321896, 0.669402848275778, 0.669692963308627, 0.6703060230690124, 0.6704033772504009, 0.6700528007740677, 0.6705384367783372, 0.6704402699883053, 0.6699882762873665, 0.6672935499387496, 0.6654727414172833, 0.6735861774292177, 0.6729991242003424, 0.673260794875751, 0.6709912430879195, 0.6699890888960098, 0.6701425191836355, 0.66849366292801, 0.6660020933226344, 0.6721973666317137, 0.6687613441579526, 0.675962344387545, 0.6702215026053349, 0.6733982922296177, 0.6694104840475988, 0.6723945128204211, 0.675697100983533], "val_losses": [0.1846136748790741, 0.1798371970653534, 0.1776987612247467, 0.17487676441669464, 0.17369814217090607, 0.16895630955696106, 0.1728130429983139, 0.1689208745956421, 0.1668308973312378, 0.1647523194551468, 0.16629116237163544, 0.1654231697320938, 0.16528432071208954, 0.16437378525733948, 0.16226276755332947, 0.16018517315387726, 0.16123318672180176, 0.16021281480789185, 0.16191497445106506, 0.15957950055599213, 0.1617557406425476, 0.15994082391262054, 0.16267481446266174, 0.16112828254699707, 0.15930244326591492, 0.1578022688627243, 0.15965327620506287, 0.15890401601791382, 0.15793746709823608, 0.1583547294139862, 0.15752919018268585, 0.1575777232646942, 0.1584998071193695, 0.15620499849319458, 0.15791602432727814, 0.1559862643480301, 0.15590593218803406, 0.15622207522392273, 0.1563034951686859, 0.1552254855632782, 0.1572183221578598, 0.15418598055839539, 0.156273752450943, 0.15664617717266083, 0.15665073692798615, 0.15590186417102814, 0.15483681857585907, 0.15462641417980194, 0.1541588306427002, 0.1542237102985382, 0.15450072288513184, 0.15650717914104462, 0.15293832123279572, 0.1534193456172943, 0.15280604362487793, 0.15334060788154602, 0.15181989967823029, 0.15285305678844452, 0.15408913791179657, 0.1531350314617157, 0.1523999571800232, 0.1515854150056839, 0.1532660275697708, 0.15314644575119019, 0.15132781863212585, 0.151383638381958, 0.1514611691236496, 0.15084527432918549, 0.15040604770183563, 0.15104372799396515, 0.1488639861345291, 0.15119178593158722, 0.1503913849592209, 0.151991069316864, 0.15184038877487183, 0.15069162845611572, 0.1497604250907898, 0.15193715691566467, 0.15144580602645874, 0.15115563571453094, 0.15065425634384155, 0.15142573416233063, 0.1519356220960617, 0.15189826488494873, 0.15028385818004608, 0.15101101994514465, 0.1505173295736313, 0.14999152719974518, 0.15055245161056519, 0.15020057559013367, 0.15047669410705566, 0.1524946093559265, 0.15036265552043915, 0.15245409309864044, 0.15165063738822937, 0.15248338878154755, 0.14872999489307404, 0.15119479596614838, 0.1515510529279709, 0.14814546704292297],