{"n_classes": 3, "train_acc": 0.6137065388219426, "val_acc": 0.6217086972164982, "test_acc": 0.6083542957176722, "confusion_matrix": [281, 29, 3, 17, 181, 0, 45, 30, 1], "val_accs": null, "train_accs": null, "val_losses": null, "train_losses": null}