{"n_classes": 3, "train_acc": 0.5471636116782187, "val_acc": 0.5330487017690011, "test_acc": 0.5424013409131957, "confusion_matrix": [263, 47, 3, 50, 148, 0, 46, 27, 3], "val_accs": null, "train_accs": null, "val_losses": null, "train_losses": null}