{"training_acc": 0.9084866629009839, "validation_acc": 0.8132483707704946, "classes": ["aerobe", "anaerobe", "facultative"], "confusion_matrix": [288, 15, 36, 12, 216, 15, 20, 3, 54], "f1_score": 0.8529154317556775, "training_losses": [0.3906572461128235, 0.3357985019683838, 0.3143467605113983, 0.3005533814430237, 0.2897244095802307, 0.2810523211956024, 0.27388909459114075, 0.2673479914665222, 0.26169353723526, 0.25677382946014404, 0.25197485089302063, 0.2476852685213089, 0.24383708834648132, 0.2401537448167801, 0.2368023544549942, 0.23364748060703278, 0.2307901680469513, 0.2283913493156433, 0.22559352219104767, 0.22287996113300323, 0.2209530621767044, 0.21847908198833466, 0.2160753756761551, 0.2142300009727478, 0.2124520242214203, 0.21032150089740753, 0.20860789716243744, 0.20669667422771454, 0.20505349338054657, 0.20345750451087952, 0.20175163447856903, 0.1999521553516388, 0.1984846144914627, 0.19725647568702698, 0.19556771218776703, 0.19441361725330353, 0.19299542903900146, 0.19163057208061218, 0.19037479162216187, 0.18910370767116547, 0.18792718648910522, 0.18687987327575684, 0.18592588603496552, 0.18488217890262604, 0.18386445939540863, 0.18318158388137817, 0.18179897964000702, 0.18086138367652893, 0.1805236041545868, 0.1795017272233963, 0.17856520414352417, 0.17791646718978882, 0.17711013555526733, 0.17634786665439606, 0.17582671344280243, 0.17455582320690155, 0.17427997291088104, 0.17351225018501282, 0.17294830083847046, 0.1722545027732849, 0.1719091534614563, 0.17119094729423523, 0.170680969953537, 0.1699514091014862, 0.16931024193763733, 0.16903185844421387, 0.16837593913078308, 0.16798000037670135, 0.16759337484836578, 0.1668636053800583, 0.16638092696666718, 0.166097953915596, 0.16524077951908112, 0.16480837762355804, 0.16475388407707214, 0.16415004432201385, 0.16387738287448883, 0.16345180571079254, 0.1628669798374176, 0.16246718168258667, 0.16226570308208466, 0.16177664697170258, 0.16155751049518585, 0.16141647100448608, 0.16060324013233185, 0.16043443977832794, 0.16010726988315582, 0.15998388826847076, 0.15970079600811005, 0.1594519317150116, 0.15897215902805328, 0.1586683690547943, 0.15860942006111145, 0.15825335681438446, 0.15789031982421875, 0.15776927769184113, 0.15712343156337738, 0.1572020798921585, 0.15712973475456238, 0.15655846893787384], "validation_losses": [0.13015912473201752, 0.11667552590370178, 0.11030382663011551, 0.10658740997314453, 0.10358419269323349, 0.1013663113117218, 0.09946758300065994, 0.0978008508682251, 0.09650526195764542, 0.09516329318284988, 0.09404342621564865, 0.09307430684566498, 0.092168428003788, 0.0913863405585289, 0.0908188447356224, 0.09015020728111267, 0.0894857719540596, 0.08934460580348969, 0.088704414665699, 0.08813521265983582, 0.08777237683534622, 0.08731240779161453, 0.0868896022439003, 0.08667757362127304, 0.08636604249477386, 0.08591853827238083, 0.08559481054544449, 0.08531873673200607, 0.08500292897224426, 0.084916852414608, 0.0845484659075737, 0.08415808528661728, 0.08383079618215561, 0.0839000791311264, 0.08357691764831543, 0.08336116373538971, 0.08320518583059311, 0.08304722607135773, 0.0828874409198761, 0.08241595327854156, 0.08239179849624634, 0.08220340311527252, 0.08209384977817535, 0.08195149898529053, 0.08171813189983368, 0.08181723207235336, 0.08152570575475693, 0.08124522864818573, 0.08133441209793091, 0.08133711665868759, 0.0813874751329422, 0.08102121949195862, 0.08110369741916656, 0.08101662993431091, 0.0807378739118576, 0.0805952250957489, 0.08068281412124634, 0.0805806890130043, 0.0804772600531578, 0.08044036477804184, 0.08051663637161255, 0.08032748103141785, 0.08028332889080048, 0.0801456943154335, 0.08015966415405273, 0.08002918213605881, 0.0799853727221489, 0.0800456702709198, 0.0796939805150032, 0.07987808436155319, 0.07976964116096497, 0.07985345274209976, 0.079617939889431, 0.07957567274570465, 0.07981811463832855, 0.07958078384399414, 0.07965046912431717, 0.0795520693063736, 0.07948712259531021, 0.0795627310872078, 0.07943688333034515, 0.07933051139116287, 0.07929680496454239, 0.0791948139667511, 0.07923150807619095, 0.07914239168167114, 0.07924076914787292, 0.07905113697052002, 0.0790729820728302, 0.07926039397716522, 0.07894488424062729, 0.07916520535945892, 0.07923533022403717, 0.07913149893283844, 0.07922965288162231, 0.07918477803468704, 0.0789567083120346, 0.0791989117860794, 0.07889509201049805, 0.0789433941245079], "training_accs": [0.7076949035947232, 0.7592922232499753, 0.7721401721260523, 0.7809271256708398, 0.7894824332403454, 0.7985470455935951, 0.8087738972706396, 0.8183937064081529, 0.8216642120304942, 0.8235349994316715, 0.8285325418662225, 0.8309604703590256, 0.83287520545336, 0.8336219891344733, 0.8378268558873915, 0.8402586729949197, 0.8439023892088261, 0.8463762097021489, 0.8512799029956374, 0.852541703549921, 0.8555306617490753, 0.8573056557018277, 0.8589887448208803, 0.8630020246769489, 0.8640302349485882, 0.8665979045829734, 0.8665059997492733, 0.8688420234083768, 0.8692613676657833, 0.8710363616185358, 0.8720626275828128, 0.8746781335250798, 0.8758920977714816, 0.8781342722895226, 0.8795818268185683, 0.8808416830654896, 0.8811691224891961, 0.8831757624172304, 0.8842499855220503, 0.8846711532541582, 0.884998592677865, 0.884998592677865, 0.8863522980658485, 0.8871469180548436, 0.8887342137254713, 0.8894809974065844, 0.8894809974065844, 0.8908347027945679, 0.8897145876892286, 0.8901817682545171, 0.8929351918636647, 0.893076877312609, 0.8951773663817058, 0.8969504160270958, 0.8959719863707006, 0.8982122165813792, 0.8985396560050859, 0.8992404268530185, 0.8994740171356629, 0.8990068365703744, 0.8990068365703744, 0.8998014565593695, 0.9006899256894269, 0.9009215716647088, 0.8999411977009514, 0.9004563354067828, 0.900781830523127, 0.9018100407947663, 0.9020436310774106, 0.9028363067590431, 0.9028363067590431, 0.9037228315817382, 0.9033514444648745, 0.9031637461827499, 0.9030240050411679, 0.9028363067590431, 0.9051723304181465, 0.9046113007117956, 0.9041919564543891, 0.9048448909944399, 0.9046591370196776, 0.9055456618423726, 0.9058731012660792, 0.9072268066540627, 0.9061985963824234, 0.9071329575130004, 0.9057773078176544, 0.9073206557951252, 0.9071329575130004, 0.9068993672303561, 0.9055915538428921, 0.9068993672303561, 0.9071329575130004, 0.9079275775019955, 0.9071329575130004, 0.9082530726183397, 0.9087202531836281, 0.9082530726183397, 0.9083009089262216, 0.9084866629009839],