{"n_classes": 3, "train_acc": 0.40239414668829365, "val_acc": 0.40038596146927025, "test_acc": 0.40865524252105717, "confusion_matrix": [213, 100, 0, 87, 108, 3, 37, 39, 0], "val_accs": null, "train_accs": null, "val_losses": null, "train_losses": null}