{"training_acc": 0.8626452271719153, "validation_acc": 0.7932218187872072, "classes": ["aerobe", "anaerobe", "facultative"], "confusion_matrix": [241, 21, 77, 14, 213, 16, 9, 7, 61], "f1_score": 0.7974536514932206, "training_losses": [0.4623706042766571, 0.4194925129413605, 0.3926575779914856, 0.3743601441383362, 0.3620978593826294, 0.353580117225647, 0.34617161750793457, 0.3397417962551117, 0.33424121141433716, 0.32923877239227295, 0.3256603181362152, 0.3210451602935791, 0.3179258406162262, 0.3149370849132538, 0.3117538094520569, 0.3089536428451538, 0.30722108483314514, 0.30396568775177, 0.30316829681396484, 0.2996712625026703, 0.298534631729126, 0.2970885634422302, 0.2934189438819885, 0.29198524355888367, 0.29055824875831604, 0.2896404266357422, 0.2878475785255432, 0.28487199544906616, 0.28496018052101135, 0.28332749009132385, 0.2822069525718689, 0.28087905049324036, 0.2795301079750061, 0.27827587723731995, 0.2773483395576477, 0.27563703060150146, 0.2750280499458313, 0.2738941013813019, 0.27311986684799194, 0.27176669239997864, 0.27065661549568176, 0.26928985118865967, 0.2682829201221466, 0.26738816499710083, 0.26686957478523254, 0.2646021246910095, 0.2654704749584198, 0.2649586796760559, 0.26158833503723145, 0.26205021142959595, 0.2610403895378113, 0.2603008449077606, 0.25981247425079346, 0.25751081109046936, 0.2579977512359619, 0.2574866712093353, 0.25595465302467346, 0.2533453404903412, 0.2546447217464447, 0.25374335050582886, 0.25273531675338745, 0.25298023223876953, 0.24912892282009125, 0.25183576345443726, 0.24848054349422455, 0.2483605444431305, 0.2480681985616684, 0.24705471098423004, 0.24735777080059052, 0.24720026552677155, 0.24632321298122406, 0.24298135936260223, 0.24638430774211884, 0.2431730180978775, 0.24241238832473755, 0.2419450581073761, 0.24024087190628052, 0.24171079695224762, 0.24114196002483368, 0.23958830535411835, 0.2389993965625763, 0.24005959928035736, 0.23878492414951324, 0.23651167750358582, 0.2378132939338684, 0.23259440064430237, 0.23661550879478455, 0.23665286600589752, 0.23487278819084167, 0.234950989484787, 0.23374029994010925, 0.23294000327587128, 0.2331855446100235, 0.23395967483520508, 0.23210978507995605, 0.2325999140739441, 0.2318776249885559, 0.23082897067070007, 0.23148751258850098, 0.2303013950586319], "validation_losses": [0.15009255707263947, 0.13979968428611755, 0.13394795358181, 0.13004513084888458, 0.127536803483963, 0.1260555386543274, 0.12457913905382156, 0.12350847572088242, 0.12248139828443527, 0.12165481597185135, 0.12138921022415161, 0.12021533399820328, 0.11988604068756104, 0.119377002120018, 0.1188492700457573, 0.11850126832723618, 0.11836453527212143, 0.11767122894525528, 0.11792934685945511, 0.11699032783508301, 0.11710421741008759, 0.11690559983253479, 0.11589756608009338, 0.11598602682352066, 0.11558444052934647, 0.11570990830659866, 0.11542798578739166, 0.11448611319065094, 0.11491166800260544, 0.11457367986440659, 0.11459952592849731, 0.11436375975608826, 0.11396346986293793, 0.11387824267148972, 0.11376399546861649, 0.11322149634361267, 0.11342760920524597, 0.11317167431116104, 0.1131274551153183, 0.11291591823101044, 0.11265166848897934, 0.11252490431070328, 0.11228296905755997, 0.11225005239248276, 0.11229761689901352, 0.11116452515125275, 0.11220705509185791, 0.11218348145484924, 0.11068525165319443, 0.11142931878566742, 0.11125335842370987, 0.11096327751874924, 0.11107181757688522, 0.11013280600309372, 0.11080236732959747, 0.11069296300411224, 0.1103256568312645, 0.10907771438360214, 0.11006902158260345, 0.11002391576766968, 0.10974214971065521, 0.11006373912096024, 0.10783867537975311, 0.10987856239080429, 0.10859720408916473, 0.10905355215072632, 0.10901611298322678, 0.10864550620317459, 0.10898836702108383, 0.10922493040561676, 0.10903681814670563, 0.10690083354711533, 0.1092420145869255, 0.10813795030117035, 0.10803629457950592, 0.10787427425384521, 0.10714766383171082, 0.10820375382900238, 0.10810023546218872, 0.10741116851568222, 0.10735809803009033, 0.10805829614400864, 0.10784190893173218, 0.10627458244562149, 0.10764948278665543, 0.10452361404895782, 0.106967493891716, 0.10715313255786896, 0.10684187710285187, 0.10691874474287033, 0.10638294368982315, 0.10575193166732788, 0.10619116574525833, 0.10693823546171188, 0.10593342781066895, 0.10630910098552704, 0.10625916719436646, 0.10550542920827866, 0.1060497835278511, 0.10595216602087021], "training_accs": [0.6467161881216509, 0.6912184879052244, 0.72114172878675, 0.7386632552244073, 0.7545397994174285, 0.763314762101039, 0.768691785505151, 0.777563731268944, 0.7867159165906076, 0.793208527444186, 0.7973656034637159, 0.8004973775771195, 0.8024138957698662, 0.8029325808823585, 0.8022313186102688, 0.801106348232952, 0.8047494306039148, 0.8076986275577208, 0.8069414968906066, 0.8124552913052326, 0.8137143473020556, 0.813524393287525, 0.8169942814267411, 0.818014891868942, 0.8208644203515578, 0.8207694433442926, 0.8224522074463425, 0.8246509712698771, 0.825026187835013, 0.825026187835013, 0.8246051651207938, 0.8274082081362355, 0.826845722947577, 0.8291812577816255, 0.8300677826043206, 0.8307690448764102, 0.8315605926918401, 0.832819648688663, 0.8333821338773215, 0.8334771108845868, 0.8340833961494112, 0.8346458813380697, 0.8348796354287663, 0.8352036750628029, 0.8345509043308045, 0.836662068002007, 0.8353471436101595, 0.8354374291534995, 0.8384836091874882, 0.8375923929008681, 0.8399279277349164, 0.8411869837317395, 0.8402054819017791, 0.8424069311163217, 0.8421684855616998, 0.8422122856378658, 0.8431035019244861, 0.8439947182111064, 0.8435710101058792, 0.8442722723779691, 0.8445060264686656, 0.8445963120120056, 0.847503714962563, 0.8461376136396165, 0.847876246136691, 0.8480150232201223, 0.8476862921221605, 0.8483437543180843, 0.847920046212857, 0.847920046212857, 0.8481538003035537, 0.8495637017026664, 0.8478688692817578, 0.8497462788622637, 0.8502137870436569, 0.8524543448704401, 0.8536696007910972, 0.8525931219538715, 0.8548336797806547, 0.8546046171538834, 0.8554911419765784, 0.854132417508565, 0.8560024502341376, 0.8569886435280232, 0.8558636731507064, 0.8604585316672392, 0.856937466596924, 0.8571274206114546, 0.8595114469855943, 0.8595114469855943, 0.8590924303442925, 0.8606364173629112, 0.8612427026277357, 0.8599789551669875, 0.8613376796350011, 0.8602612007977756, 0.8624114730812188, 0.8627402041791804, 0.8607287089791686, 0.8626452271719153],