{"n_classes": 3, "train_acc": 0.9473641198060694, "val_acc": 0.8377576720021734, "test_acc": 0.7852582775232851, "confusion_matrix": [283, 9, 21, 10, 178, 10, 28, 6, 42], "val_accs": [0.7377694871491919, 0.7650354421034432, 0.7663260967226652, 0.7605536965055868, 0.8078763641655269, 0.7931955433532455, 0.8234633466771067, 0.7587867646322586, 0.7712330541087007, 0.8066688160888926, 0.7551234015341001, 0.8073556966697973, 0.7557802436056358, 0.7751083555785184, 0.8121802150356757, 0.8263914338181548, 0.7836766734954211, 0.7898729504558176, 0.7749775211821556, 0.7528548265543092, 0.8194572108109263, 0.7781155441275716, 0.8061958764469384, 0.8210933082878918, 0.8031369549095273, 0.8175594445412351, 0.7858668145896371, 0.7871574692088591, 0.7891880724422041, 0.7544378559980561, 0.7862109224025201, 0.8202749257881937, 0.8074871985885905, 0.8068814219829822, 0.8086470188114495, 0.8163996243183762, 0.8262612669442225, 0.8179519477303238, 0.7804365196181505, 0.8266040397122444, 0.8099376734306715, 0.8074885336334514, 0.8147635268414106, 0.8241515623028723, 0.8029263515827291, 0.8032691243507509, 0.8104126156399171, 0.8081734116470649, 0.8241522298253027, 0.8185093289597264, 0.828238802144349, 0.7917733868152306, 0.8306912795537212, 0.8026620127002818, 0.7968098435527681, 0.832933153636295, 0.8099396759979628, 0.8023192399322597, 0.8068800869381212, 0.793145812932179, 0.8159240145867, 0.8241502272580113, 0.8210933082878918, 0.8012398561622667, 0.8076193680298142, 0.8060643745281451, 0.8060637070057147, 0.7819117441893843, 0.8140282508843004, 0.8227280707199963, 0.8235464532196942, 0.8089911266243325, 0.7959907935306396, 0.7985237073928776, 0.812049380639313, 0.8016303567840639, 0.7937495869704961, 0.8113631675808386, 0.8167423970863981, 0.8377576720021734, 0.8159246821091305, 0.8079621407978362, 0.8194572108109263, 0.8219110232651593, 0.7953836818801704, 0.7922476615020457, 0.8193263764145634, 0.776138008927445, 0.8196704842274464, 0.7964670707847462, 0.8102831162884151, 0.8121815500805366, 0.8132098683846024, 0.8358592382100519, 0.8129475320694463, 0.8155819093411086, 0.8127369287426481, 0.805719599192832, 0.8235457856972639, 0.8126558247673518], "train_accs": [0.757541499289525, 0.7958348934426439, 0.8117952191392431, 0.8293838949428997, 0.8124664903947444, 0.8425870853360814, 0.8514076848552157, 0.8383840824996952, 0.859178653675193, 0.852583077434165, 0.8520394010102833, 0.8893969617509846, 0.8651002351997962, 0.8843941656593451, 0.8893556836758334, 0.8812586709122718, 0.892967231144039, 0.8812373720120384, 0.8950994367965293, 0.8465420638234131, 0.897960766246571, 0.874153060550693, 0.8965735806663541, 0.8999114363500832, 0.9098729735361929, 0.8999647355343022, 0.903154358876296, 0.8901839212885273, 0.8926358380360385, 0.893759066333442, 0.8970957703124398, 0.9228112428193921, 0.9100556607899023, 0.9114673789028681, 0.9082408628229697, 0.919455828984617, 0.9187437898255563, 0.9042941982996348, 0.8865208342698571, 0.9256839319883836, 0.9134399924946731, 0.9224431081920131, 0.9189615933813576, 0.9226955178783142, 0.9176891490580713, 0.9272178759115747, 0.9270434858198034, 0.9254736129858773, 0.9159556211202423, 0.9279006581045515, 0.928315759067586, 0.9261828920249778, 0.9236812488218512, 0.9282957630906097, 0.9243913404695953, 0.9408073838142625, 0.936101525918649, 0.9346898078056833, 0.9166520496395737, 0.9181191824686591, 0.9267013577239345, 0.9295342428165357, 0.9325728736968343, 0.9210086171800528, 0.9323513461939038, 0.9383827765215185, 0.9359741021625334, 0.9204251534818394, 0.9354055709118732, 0.9455216900903398, 0.9398445601861876, 0.938418044042136, 0.9485049062545189, 0.9111449076878873, 0.9359035671212984, 0.9202330540204966, 0.9362642171953824, 0.9375917539407587, 0.9352459788511879, 0.9473641198060694, 0.9417534618999349, 0.9404759907062621, 0.9466420070492578, 0.9482164164389567, 0.9260850475289755, 0.9442198375824441, 0.9544537804318308, 0.9265002997105357, 0.9439617396356388, 0.9340170992104575, 0.9476454473623663, 0.9521036200050134, 0.9415615136571178, 0.9539741549820951, 0.9406476038760149, 0.9463234476589685, 0.9395957232284898, 0.933379829211353, 0.9479347497865719, 0.9536728314488222], "val_losses": [0.13560503721237183, 0.09797509759664536, 0.09886102378368378, 0.10550698637962341, 0.09914829581975937, 0.08050058782100677, 0.08645685762166977, 0.09937857836484909, 0.09424480050802231, 0.08962320536375046, 0.1075684130191803, 0.0899486392736435, 0.08384360373020172, 0.09199217706918716, 0.08666536957025528, 0.07811009883880615, 0.08970141410827637, 0.1002480760216713, 0.08977042883634567, 0.07815521955490112, 0.08749653398990631, 0.09273263067007065, 0.0893937200307846, 0.08144792169332504, 0.08947692066431046, 0.0923326313495636, 0.09640269726514816, 0.10485856235027313, 0.09014084190130234, 0.09953401237726212, 0.10084189474582672, 0.08206555992364883, 0.08696690946817398, 0.0901966467499733, 0.09305877238512039, 0.08976444602012634, 0.08351927250623703, 0.08029179275035858, 0.11238030344247818, 0.08432737737894058, 0.09643613547086716, 0.08131207525730133, 0.08787091821432114, 0.0759979784488678, 0.0752708911895752, 0.08004897087812424, 0.08944384008646011, 0.08619748055934906, 0.07237812876701355, 0.08354837447404861, 0.08250880241394043, 0.08018568903207779, 0.08612164109945297, 0.09300833195447922, 0.08314522355794907, 0.07973391562700272, 0.08772965520620346, 0.08188090473413467, 0.09470716863870621, 0.09097085148096085, 0.08820454031229019, 0.07868768274784088, 0.08080175518989563, 0.09537158906459808, 0.07300318032503128, 0.08740939199924469, 0.08859128504991531, 0.08217576891183853, 0.09241724759340286, 0.07959150522947311, 0.08007390052080154, 0.08275675773620605, 0.08327697962522507, 0.10229077935218811, 0.0886172205209732, 0.09492471814155579, 0.08652373403310776, 0.07896221429109573, 0.08745495975017548, 0.07156835496425629, 0.08097386360168457, 0.07993445545434952, 0.08186076581478119, 0.08103188872337341, 0.10280086100101471, 0.0766204372048378, 0.07953957468271255, 0.09960965812206268, 0.08216852694749832, 0.07956065237522125, 0.08897219598293304, 0.07465860992670059, 0.09336457401514053, 0.08434092998504639, 0.0980963259935379, 0.08314340561628342, 0.0865379273891449, 0.09182664006948471, 0.08331034332513809, 0.07558281719684601],