{"training_acc": 0.7749875055716808, "validation_acc": 0.7633558036704545, "classes": ["aerobe", "anaerobe", "facultative"], "confusion_matrix": [254, 38, 47, 23, 204, 16, 19, 4, 54], "f1_score": 0.7842404334432654, "training_losses": [0.5644094944000244, 0.5279799699783325, 0.5055887699127197, 0.4907546043395996, 0.48008206486701965, 0.470624178647995, 0.4621868133544922, 0.4548508822917938, 0.4486173391342163, 0.4432919919490814, 0.43937546014785767, 0.4334643483161926, 0.42855367064476013, 0.4244987964630127, 0.4204278290271759, 0.4167530834674835, 0.41335105895996094, 0.4116874635219574, 0.4093268811702728, 0.40564867854118347, 0.4022669196128845, 0.3996049463748932, 0.39781153202056885, 0.3950265347957611, 0.39463716745376587, 0.39150503277778625, 0.39007627964019775, 0.3872094452381134, 0.38541197776794434, 0.3837018609046936, 0.3821633756160736, 0.38064783811569214, 0.37940990924835205, 0.3781098425388336, 0.37663534283638, 0.37534070014953613, 0.3742882311344147, 0.37300604581832886, 0.3719276785850525, 0.3708782196044922, 0.36994582414627075, 0.36882081627845764, 0.3679109215736389, 0.3669978678226471, 0.366126149892807, 0.366283655166626, 0.36459603905677795, 0.3692210614681244, 0.3642764985561371, 0.3634810745716095, 0.3623698353767395, 0.361721396446228, 0.36095982789993286, 0.36010947823524475, 0.3592141270637512, 0.358615905046463, 0.35804450511932373, 0.35743460059165955, 0.3572816252708435, 0.35632801055908203, 0.3558236062526703, 0.3553760051727295, 0.35486823320388794, 0.35447990894317627, 0.3539956510066986, 0.35354378819465637, 0.3531480133533478, 0.35272330045700073, 0.3543730676174164, 0.35239550471305847, 0.3525714576244354, 0.35153526067733765, 0.35115641355514526, 0.35045966506004333, 0.3500741422176361, 0.34975847601890564, 0.3492482602596283, 0.35607457160949707, 0.35163652896881104, 0.3503524363040924, 0.35006019473075867, 0.3496580123901367, 0.34932971000671387, 0.3490128815174103, 0.3486199378967285, 0.34773126244544983, 0.34748637676239014, 0.3470112085342407, 0.34633100032806396, 0.34608224034309387, 0.3457790017127991, 0.3449958860874176, 0.3448149561882019, 0.34453290700912476, 0.3443670868873596, 0.34387868642807007, 0.3436931073665619, 0.3434482514858246, 0.34471818804740906, 0.3445168435573578], "validation_losses": [0.18365123867988586, 0.1740642488002777, 0.16832755506038666, 0.16420502960681915, 0.16157522797584534, 0.15842336416244507, 0.1558699756860733, 0.1538776308298111, 0.1516333967447281, 0.14958961308002472, 0.14938242733478546, 0.1462821662425995, 0.14448153972625732, 0.1429397016763687, 0.14165909588336945, 0.14044851064682007, 0.13918443024158478, 0.13830851018428802, 0.13759736716747284, 0.13723459839820862, 0.1353011578321457, 0.13442324101924896, 0.1339074671268463, 0.13290545344352722, 0.13253533840179443, 0.13159498572349548, 0.13127556443214417, 0.13028748333454132, 0.12998004257678986, 0.1294344961643219, 0.12884299457073212, 0.1283683329820633, 0.12762139737606049, 0.12769705057144165, 0.12713703513145447, 0.12672396004199982, 0.12629878520965576, 0.12603361904621124, 0.12577715516090393, 0.12524867057800293, 0.12466901540756226, 0.12463286519050598, 0.12430591881275177, 0.12401590496301651, 0.12376260757446289, 0.12402718514204025, 0.12340772151947021, 0.12258870154619217, 0.12326042354106903, 0.1228339672088623, 0.1226913183927536, 0.12264861166477203, 0.12237587571144104, 0.12186923623085022, 0.12216436117887497, 0.12194139510393143, 0.12170403450727463, 0.12157496064901352, 0.1211794838309288, 0.12137322127819061, 0.1212901622056961, 0.12118062376976013, 0.12104976922273636, 0.1207943856716156, 0.12066341936588287, 0.12055259943008423, 0.12022431194782257, 0.12120438367128372, 0.12093174457550049, 0.12107507884502411, 0.12038367241621017, 0.12005282938480377, 0.11990919709205627, 0.1196378618478775, 0.11979904770851135, 0.11964742839336395, 0.11946491152048111, 0.11901529878377914, 0.11988244950771332, 0.11929236352443695, 0.11961431056261063, 0.11943984776735306, 0.11930729448795319, 0.11923841387033463, 0.11909883469343185, 0.1186084970831871, 0.11907005310058594, 0.11892382800579071, 0.11937195807695389, 0.1194915920495987, 0.11964718252420425, 0.12028490751981735, 0.11883147805929184, 0.11872932314872742, 0.11844050884246826, 0.11842288076877594, 0.11841582506895065, 0.11835554987192154, 0.11838046461343765, 0.11906591057777405], "training_accs": [0.588700562615433, 0.619202877011983, 0.629804363216497, 0.6364264004352863, 0.6401604154580496, 0.639647068917943, 0.6468847421197772, 0.653187398958825, 0.659353284787359, 0.6676695398565018, 0.669954447910746, 0.6754683070729078, 0.6793579884569576, 0.6854814331737821, 0.6881470580702493, 0.6936116816266935, 0.6979628207637544, 0.699323648261851, 0.7060847865914047, 0.7067977287357596, 0.7101578214103083, 0.7120838842356069, 0.7152594584251765, 0.7175969993321424, 0.7193700489775324, 0.7225031820553928, 0.7246554604117534, 0.724520177532492, 0.7276506574289744, 0.7292384445237593, 0.7304557065173335, 0.7326962643441167, 0.735079643609796, 0.7357324143417944, 0.7361548282301005, 0.7388177999451897, 0.7384472748439793, 0.7405484084788706, 0.7412496707509604, 0.7421846871137467, 0.7433534575672297, 0.7432140333753378, 0.7451783959997152, 0.7462535806200198, 0.7496212118542029, 0.7525137963473583, 0.750975244858291, 0.7485358354928859, 0.753917064957164, 0.7545239973304492, 0.7561117844252339, 0.7562095115710429, 0.7571445279338292, 0.7624723804797595, 0.7583625339930298, 0.759297550355816, 0.7599988126279058, 0.7607000748999956, 0.7614013371720852, 0.7609338289906922, 0.7614013371720852, 0.7622878619947805, 0.763408140908172, 0.763408140908172, 0.7633172082563715, 0.7644374871697632, 0.7651387494418529, 0.7662590283552445, 0.7671899034054004, 0.7672398830767443, 0.7664901292645632, 0.7703669657262225, 0.7703669657262225, 0.770133211635526, 0.7692466868128309, 0.7692466868128309, 0.7703669657262225, 0.7616282967687736, 0.7686814514856288, 0.7709705008525033, 0.7700354844897171, 0.7702692385804136, 0.7700354844897171, 0.7702692385804136, 0.7705029926711102, 0.7696710098168885, 0.7706916524687196, 0.7706916524687196, 0.774241149006504, 0.773354624183809, 0.773354624183809, 0.7735849810275014, 0.7741502163547035, 0.7727018534518105, 0.7718604229222027, 0.7725165909012052, 0.7728446748907065, 0.7730784289814032, 0.7735902873902573, 0.7749875055716808],