{"training_acc": 0.4068805686948407, "validation_acc": 0.40114352307076007, "classes": ["aerobe", "anaerobe", "facultative"], "confusion_matrix": [228, 110, 1, 113, 129, 1, 44, 33, 0], "f1_score": 0.5087249385201719, "n_iter": 392, "converged": true, "C": 100, "penalty": "l2", "max_iter": 100000, "feature_type": "nt_1mer", "model_class": "logistic", "binary": 0}