{"n_classes": 3, "train_acc": 0.7749156586309907, "val_acc": 0.7891847348300521, "test_acc": 0.7629963952059127, "confusion_matrix": [244, 7, 62, 8, 166, 24, 17, 8, 51], "val_accs": [0.6242589666619273, 0.6295544221024687, 0.6426862571149546, 0.6600354988428498, 0.6650726231028178, 0.6752763709742556, 0.678941069117275, 0.6850582446696666, 0.6922037385261239, 0.7051236351669506, 0.7141675628155295, 0.7236857651509233, 0.724977754815006, 0.7361313871049351, 0.724977754815006, 0.7262697444790888, 0.7362628890237284, 0.7401388580159765, 0.7414308476800592, 0.7401388580159765, 0.7375548786878111, 0.7388468683518937, 0.7427228373441418, 0.7461245316495747, 0.7435405523214094, 0.7427228373441418, 0.7512924903059055, 0.7487085109777402, 0.740956572993244, 0.7422485626573266, 0.7464673044175966, 0.7487085109777402, 0.7500005006418228, 0.7525844799699882, 0.7525844799699882, 0.7568032217302582, 0.7529272527380101, 0.7487085109777402, 0.7529272527380101, 0.7538764696340708, 0.7590444282904016, 0.7658471493788369, 0.7577524386263189, 0.7653728746920218, 0.7606791907225062, 0.7687739014750243, 0.7713578808031897, 0.7731248126765179, 0.7512924903059055, 0.7692501787291307, 0.7580952113943408, 0.7666661994009654, 0.7713585483256201, 0.7614975732222042, 0.7568032217302582, 0.7739431951762158, 0.7773448894816487, 0.7663220915880826, 0.7744168023406006, 0.7695929514971526, 0.7713592158480505, 0.7747609101534834, 0.7713592158480505, 0.7760528998175661, 0.7731254801989484, 0.7679581890650481, 0.781090024077534, 0.7683009618330701, 0.7841469430476536, 0.7729939782801551, 0.7823820137416168, 0.7765271745043812, 0.7815642987643492, 0.7802709740554056, 0.7747615776759139, 0.7768699472724032, 0.7713592158480505, 0.7673530799818701, 0.7802723091002665, 0.7755792926531814, 0.7671404740877805, 0.7853094333602345, 0.7793230922042058, 0.7815642987643492, 0.7786362116233011, 0.7776883297721011, 0.7767397803984708, 0.7857830405246192, 0.7831997287188842, 0.7793244272490667, 0.7891847348300521, 0.7788501525622515, 0.7827254540320691, 0.7678286897135461, 0.772176930825318, 0.7870756977111323, 0.7819077390548016, 0.777689664816962, 0.7772133875628556, 0.7717046587057942], "train_accs": [0.6074746813218498, 0.6307754521132247, 0.6480350214162856, 0.6592494972633189, 0.6626387046199504, 0.6700168550612742, 0.6790350910837294, 0.6836075146686934, 0.6893283604739274, 0.6977319115187107, 0.7021424564355847, 0.7049922382891142, 0.7078857360437253, 0.7160989640629785, 0.7144115898521616, 0.7218818965289834, 0.722653262228855, 0.7231312624613039, 0.7221591778441215, 0.7240781531556197, 0.7172285420110039, 0.7241495008054982, 0.723295578955324, 0.7274236446111697, 0.7317127763264618, 0.7275578915304627, 0.7306340765387832, 0.7252714429817031, 0.7312255151049053, 0.736290397857316, 0.7355775460896119, 0.7352469655902549, 0.7318678318313744, 0.7334906815554899, 0.7327425622671683, 0.7414198050964278, 0.7378571714751944, 0.7432129818690973, 0.7418157226911295, 0.7362223006420111, 0.743756319196891, 0.7487306709310902, 0.7445673377546269, 0.749000789986963, 0.746882230660827, 0.7485318995250959, 0.748271854066974, 0.74921874476129, 0.7371322985984227, 0.7603215587104627, 0.7451880332868329, 0.7584939270258193, 0.7594014871563003, 0.7572292895498575, 0.740314286168596, 0.7623595093976127, 0.7655868380861546, 0.7579990300324422, 0.7513941928023068, 0.7601588674337295, 0.7596924147977928, 0.7660372065698065, 0.7607013921528797, 0.7660372065698065, 0.7625145649025254, 0.7638841923316964, 0.7714359202561477, 0.7672433301136007, 0.762936489028737, 0.7680888035833108, 0.7738514177783099, 0.7619023177507835, 0.76854323511018, 0.7622236372610329, 0.7681196857666815, 0.769839077063542, 0.7614150565292274, 0.7674589982805231, 0.7722545745857042, 0.7686438397261424, 0.769283718626681, 0.7737239940221942, 0.7747589779087911, 0.773815337649049, 0.764982888096351, 0.7740401155865532, 0.7744989324506694, 0.7755631733033499, 0.7741114632364318, 0.7758056606104259, 0.7749156586309907, 0.7757419487323679, 0.7747597905174345, 0.7761947550419502, 0.7711734369720955, 0.7763129178089585, 0.7747958706466956, 0.7780716396696539, 0.7744535913323007, 0.7800190593385925], "val_losses": [0.1759333312511444, 0.16489779949188232, 0.1553022563457489, 0.15541552007198334, 0.14992918074131012, 0.1505271941423416, 0.14354687929153442, 0.14024192094802856, 0.14166055619716644, 0.13895615935325623, 0.13860028982162476, 0.13645821809768677, 0.135166198015213, 0.1331460177898407, 0.134522944688797, 0.13482418656349182, 0.12957049906253815, 0.12945778667926788, 0.1276949793100357, 0.1279047131538391, 0.1276382952928543, 0.12743023037910461, 0.12548275291919708, 0.12453031539916992, 0.1253013014793396, 0.12425157427787781, 0.1215766966342926, 0.12131906300783157, 0.12433546781539917, 0.12396015226840973, 0.12496809661388397, 0.12215882539749146, 0.12019412964582443, 0.11946240812540054, 0.11859189718961716, 0.12108376622200012, 0.12357679009437561, 0.12071772664785385, 0.12060742825269699, 0.11664105951786041, 0.11747785657644272, 0.11819484084844589, 0.11702367663383484, 0.11763649433851242, 0.11775948107242584, 0.11800450831651688, 0.11647401005029678, 0.11575459688901901, 0.11516668647527695, 0.1148734912276268, 0.11620582640171051, 0.11343274265527725, 0.1168355718255043, 0.11513514071702957, 0.11466123163700104, 0.11412090808153152, 0.11236828565597534, 0.11238750070333481, 0.11175279319286346, 0.11601603776216507, 0.1127786934375763, 0.1129765436053276, 0.11302879452705383, 0.11252351850271225, 0.11154434084892273, 0.11172350496053696, 0.11296211928129196, 0.11460649222135544, 0.11379210650920868, 0.11512221395969391, 0.11075333505868912, 0.11020025610923767, 0.11087220907211304, 0.11418986320495605, 0.11034978181123734, 0.11391249299049377, 0.11035367101430893, 0.11385183036327362, 0.11239582300186157, 0.10864956676959991, 0.10888457298278809, 0.11216118186712265, 0.11377493292093277, 0.11022350937128067, 0.11172929406166077, 0.11186470836400986, 0.11279226839542389, 0.11067243665456772, 0.11127528548240662, 0.1115766391158104, 0.10956285148859024, 0.11232183128595352, 0.11159523576498032, 0.10857097804546356, 0.11057275533676147, 0.10951955616474152, 0.11152072250843048, 0.1078653559088707, 0.11321346461772919, 0.10666856169700623],