{"n_classes": 3, "train_acc": 0.41165490667686155, "val_acc": 0.3945801851306709, "test_acc": 0.40401351104226507, "confusion_matrix": [245, 68, 0, 113, 85, 0, 49, 27, 0], "val_accs": null, "train_accs": null, "val_losses": null, "train_losses": null}