{"n_classes": 3, "train_acc": 0.5451248346352866, "val_acc": 0.5691953751375931, "test_acc": 0.5303770568189603, "confusion_matrix": [174, 58, 81, 29, 119, 50, 16, 27, 33], "val_accs": [0.4845528634375937, 0.5193848513794684, 0.5584355810816133, 0.534840331972255, 0.5455176870080777, 0.5459912941724624, 0.5437520901796103, 0.5437520901796103, 0.5415122186643276, 0.5410379439775125, 0.5423299336415951, 0.5439660311185607, 0.5436212557832475, 0.5372921418591968, 0.5436212557832475, 0.561919046884773, 0.5389275718137319, 0.5389275718137319, 0.5389275718137319, 0.5494760950204829, 0.5579149135858837, 0.5457302929021672, 0.543620588260817, 0.5440941954252018, 0.5415108836194669, 0.543620588260817, 0.5520594068262178, 0.5508969165136371, 0.5415108836194669, 0.5576996376020725, 0.5499497021848677, 0.543620588260817, 0.5372914743367664, 0.5576996376020725, 0.543620588260817, 0.5394011789781167, 0.5691953751375931, 0.543620588260817, 0.5436199207383866, 0.5440941954252018, 0.5508969165136371, 0.5449125779248997, 0.5474958897306347, 0.5406925011197689, 0.5465480078794348, 0.5419844907838516, 0.5440941954252018, 0.5385827964784187, 0.5419844907838516, 0.5419844907838516, 0.5449119104024693, 0.5398747861425014, 0.5406925011197689, 0.5419844907838516, 0.5474958897306347, 0.5419844907838516, 0.5462039000665521, 0.5462039000665521, 0.5419844907838516, 0.5419844907838516, 0.5691953751375931, 0.5449119104024693, 0.5419844907838516, 0.5432764804479343, 0.5419844907838516, 0.5453861850892845, 0.5449119104024693, 0.5419844907838516, 0.5691953751375931, 0.5440941954252018, 0.5453861850892845, 0.5462039000665521, 0.5419844907838516, 0.5691953751375931, 0.5462039000665521, 0.5440941954252018, 0.5445684701120169, 0.5440941954252018, 0.5466781747533672, 0.5555899329607223, 0.5432764804479343, 0.5432764804479343, 0.5419844907838516, 0.5419844907838516, 0.5432764804479343, 0.5432764804479343, 0.5691953751375931, 0.5466781747533672, 0.5432764804479343, 0.5462039000665521, 0.5440941954252018, 0.5581739122888877, 0.5453861850892845, 0.5432764804479343, 0.5453861850892845, 0.5483136047079022, 0.5466781747533672, 0.5691953751375931, 0.5636846437132405, 0.5474958897306347], "train_accs": [0.48236994072646205, 0.5098818236385991, 0.5223165596703949, 0.5228930291299273, 0.5273968651849725, 0.533010283211067, 0.5236195272239857, 0.5249262553837423, 0.521013857894819, 0.5244996068241957, 0.5213107960908453, 0.5181741496390407, 0.5198498250348196, 0.5235442677494158, 0.5262835226077577, 0.5288599349708406, 0.5253005517841808, 0.5287157656723224, 0.5312570617333136, 0.5305542835633604, 0.5273823695909381, 0.5287879259308443, 0.5319959200325276, 0.5348164449199733, 0.5343928955764747, 0.5342126461486956, 0.5319146500034238, 0.53900659723659, 0.5369970909068803, 0.5386098670332448, 0.5360150839104726, 0.5373938211102254, 0.537600889678158, 0.5384479883651551, 0.5373845601211178, 0.5385830478930914, 0.5451340956243942, 0.540286506256193, 0.5396910046468536, 0.5392045560339408, 0.5431606694239456, 0.5406739754704305, 0.5386459471625057, 0.5437192782953805, 0.5397724258944832, 0.5411779822343894, 0.5399165951930013, 0.5417005109765632, 0.5407544328908908, 0.5435481386381831, 0.5392674553033551, 0.5428989987485369, 0.5417005109765632, 0.541079002835714, 0.5367715003607326, 0.5428989987485369, 0.5387449265611811, 0.5395559451189172, 0.5403308835473923, 0.5422414104784264, 0.5461069928502201, 0.5381947660702103, 0.5412048013745427, 0.5422414104784264, 0.5423764700063629, 0.5409439433077776, 0.5385193360150335, 0.5435749577783365, 0.5464944620644575, 0.5401052930012445, 0.539745455535804, 0.538942885358532, 0.5411419021051284, 0.5451248346352866, 0.5355998317289125, 0.541367492651276, 0.5401329247500415, 0.5391952950448332, 0.5359066923041639, 0.545295974292484, 0.5447105462808955, 0.5443859763360726, 0.5407812520310443, 0.5429618980179512, 0.5427278590913395, 0.5414303919206905, 0.5450258552366112, 0.5368888505190973, 0.541529371319366, 0.5364737495560629, 0.5364015892975408, 0.5433048387224637, 0.5381234184203318, 0.5427639392206005, 0.5369517497885118, 0.5363118708879729, 0.5379522787631345, 0.5451248346352866, 0.5442148366788752, 0.5373484799918569], "val_losses": [0.20133782923221588, 0.19550935924053192, 0.19298025965690613, 0.19160506129264832, 0.19161902368068695, 0.19100648164749146, 0.19067512452602386, 0.1890217661857605, 0.18908976018428802, 0.19070297479629517, 0.18805024027824402, 0.18637870252132416, 0.18765847384929657, 0.1877496987581253, 0.18720726668834686, 0.18815816938877106, 0.18720845878124237, 0.1869962364435196, 0.18679925799369812, 0.1865531951189041, 0.1848839819431305, 0.18586550652980804, 0.1854722946882248, 0.18518105149269104, 0.18487216532230377, 0.18523572385311127, 0.18479719758033752, 0.18564622104167938, 0.18489515781402588, 0.18516220152378082, 0.1838264763355255, 0.18330638110637665, 0.183273047208786, 0.18317583203315735, 0.18337471783161163, 0.18358005583286285, 0.1850813627243042, 0.18195530772209167, 0.18468168377876282, 0.1836436241865158, 0.1834804266691208, 0.18208511173725128, 0.18171994388103485, 0.18395790457725525, 0.18271206319332123, 0.18314947187900543, 0.18262338638305664, 0.18345612287521362, 0.18254226446151733, 0.18307846784591675, 0.18324318528175354, 0.18315570056438446, 0.18311190605163574, 0.1829228699207306, 0.18190576136112213, 0.18309566378593445, 0.18249332904815674, 0.1826373040676117, 0.18283498287200928, 0.18288512527942657, 0.1832554042339325, 0.18319104611873627, 0.18247292935848236, 0.1824609935283661, 0.18290624022483826, 0.18244020640850067, 0.1833103895187378, 0.18299983441829681, 0.18373769521713257, 0.18293190002441406, 0.1818736344575882, 0.1829063445329666, 0.18255749344825745, 0.183140829205513, 0.18202796578407288, 0.1818608045578003, 0.18190263211727142, 0.18244853615760803, 0.18165160715579987, 0.18327870965003967, 0.18220050632953644, 0.18276050686836243, 0.18276113271713257, 0.18300697207450867, 0.1826823353767395, 0.1826561987400055, 0.18339776992797852, 0.1818280667066574, 0.18263007700443268, 0.1826712042093277, 0.18291793763637543, 0.1822393238544464, 0.18237553536891937, 0.18237726390361786, 0.18225422501564026, 0.1826658695936203, 0.1817273497581482, 0.18338227272033691, 0.1833210438489914, 0.18191848695278168],