{"training_acc": 0.820068129174239, "validation_acc": 0.6938630740791485, "classes": ["aerobe", "anaerobe", "facultative"], "confusion_matrix": [294, 18, 25, 31, 185, 20, 33, 17, 37], "f1_score": 0.7798521960439067, "n_iter": 2210, "converged": true, "C": 100, "penalty": "l2", "max_iter": 100000, "feature_type": "nt_4mer", "model_class": "logistic", "binary": 0}